fact_id,restaurant_id,avg_cost_for_two,currency,avg_cost_for_two_usd,aggregate_rating,rating_color,rating_text,rating_group,votes,engagement_score,est_monthly_orders,est_monthly_revenue_usd
1,6317637,1100.0,Botswana Pula(P),81.4,4.8,Dark Green,Excellent,4.5 - 5.0 (Top Tier),314,27.61,314,12779.8
2,6304287,1200.0,Botswana Pula(P),88.8,4.5,Dark Green,Excellent,4.5 - 5.0 (Top Tier),591,28.73,591,26240.4
3,6300002,4000.0,Botswana Pula(P),296.0,4.4,Green,Very Good,4.0 - 4.4 (High),270,24.65,270,39960.0
4,6318506,1500.0,Botswana Pula(P),111.0,4.9,Dark Green,Excellent,4.5 - 5.0 (Top Tier),365,28.92,365,20257.5
5,6314302,1500.0,Botswana Pula(P),111.0,4.8,Dark Green,Excellent,4.5 - 5.0 (Top Tier),229,26.1,229,12709.5
6,18189371,1000.0,Botswana Pula(P),74.0,4.4,Green,Very Good,4.0 - 4.4 (High),336,25.61,336,12432.0
7,6300781,2000.0,Botswana Pula(P),148.0,4.0,Green,Very Good,4.0 - 4.4 (High),520,25.02,520,38480.0
8,6301290,2000.0,Botswana Pula(P),148.0,4.2,Green,Very Good,4.0 - 4.4 (High),677,27.38,677,50098.0
9,6300010,6000.0,Botswana Pula(P),444.0,4.9,Dark Green,Excellent,4.5 - 5.0 (Top Tier),621,31.52,621,137862.0
10,6314987,1100.0,Botswana Pula(P),81.4,4.8,Dark Green,Excellent,4.5 - 5.0 (Top Tier),532,30.14,532,21652.4
11,6309903,800.0,Botswana Pula(P),59.2,4.9,Dark Green,Excellent,4.5 - 5.0 (Top Tier),1070,34.18,1070,31672.0
12,6309455,900.0,Botswana Pula(P),66.6,4.2,Green,Very Good,4.0 - 4.4 (High),488,26.01,488,16250.4
13,6318433,800.0,Botswana Pula(P),59.2,4.8,Dark Green,Excellent,4.5 - 5.0 (Top Tier),294,27.3,294,8702.4
14,6310470,1000.0,Botswana Pula(P),74.0,4.2,Green,Very Good,4.0 - 4.4 (High),458,25.74,458,16946.0
15,6314605,700.0,Botswana Pula(P),51.8,4.3,Green,Very Good,4.0 - 4.4 (High),223,23.27,223,5775.7
16,18185059,800.0,Botswana Pula(P),59.2,3.6,Yellow,Good,3.0 - 3.9 (Moderate),29,12.24,29,858.4
17,18182702,850.0,Botswana Pula(P),62.9,4.0,Green,Very Good,4.0 - 4.4 (High),72,17.16,72,2264.4
18,6318213,1200.0,Botswana Pula(P),88.8,4.5,Dark Green,Excellent,4.5 - 5.0 (Top Tier),211,24.1,211,9368.4
19,18255654,600.0,Botswana Pula(P),44.4,4.5,Dark Green,Excellent,4.5 - 5.0 (Top Tier),118,21.51,118,2619.6
20,6308205,1500.0,Botswana Pula(P),111.0,4.4,Green,Very Good,4.0 - 4.4 (High),392,26.28,392,21756.0
21,6315438,3000.0,Botswana Pula(P),222.0,4.7,Dark Green,Excellent,4.5 - 5.0 (Top Tier),535,29.54,535,59385.0
22,6310406,1800.0,Botswana Pula(P),133.2,4.5,Dark Green,Excellent,4.5 - 5.0 (Top Tier),618,28.93,618,41158.8
23,6600681,55.0,Brazilian Real(R$),9.9,3.0,Orange,Average,3.0 - 3.9 (Moderate),6,5.84,6,29.7
24,6601005,30.0,Brazilian Real(R$),5.4,3.8,Yellow,Good,3.0 - 3.9 (Moderate),9,8.75,9,24.3
25,6600292,45.0,Brazilian Real(R$),8.1,3.7,Yellow,Good,3.0 - 3.9 (Moderate),11,9.19,11,44.55
26,6600441,60.0,Brazilian Real(R$),10.8,3.8,Yellow,Good,3.0 - 3.9 (Moderate),11,9.44,11,59.4
27,6600970,50.0,Brazilian Real(R$),9.0,3.2,Orange,Average,3.0 - 3.9 (Moderate),11,7.95,11,49.5
28,6600379,80.0,Brazilian Real(R$),14.4,3.1,Orange,Average,3.0 - 3.9 (Moderate),10,7.43,10,72.0
29,6600214,90.0,Brazilian Real(R$),16.2,3.7,Yellow,Good,3.0 - 3.9 (Moderate),8,8.13,8,64.8
30,6601218,200.0,Brazilian Real(R$),36.0,3.7,Yellow,Good,3.0 - 3.9 (Moderate),5,6.63,5,90.0
31,6600060,30.0,Brazilian Real(R$),5.4,0.0,White,Not rated,Unrated,2,0.0,2,5.4
32,6600083,150.0,Brazilian Real(R$),27.0,4.1,Green,Very Good,4.0 - 4.4 (High),12,10.52,12,162.0
33,6601515,100.0,Brazilian Real(R$),18.0,3.1,Orange,Average,3.0 - 3.9 (Moderate),9,7.14,9,81.0
34,6601361,60.0,Brazilian Real(R$),10.8,3.6,Yellow,Good,3.0 - 3.9 (Moderate),9,8.29,9,48.6
35,6601602,100.0,Brazilian Real(R$),18.0,4.3,Green,Very Good,4.0 - 4.4 (High),29,14.63,29,261.0
36,6601589,230.0,Brazilian Real(R$),41.4,4.2,Green,Very Good,4.0 - 4.4 (High),17,12.14,17,351.9
37,6601862,100.0,Brazilian Real(R$),18.0,3.6,Yellow,Good,3.0 - 3.9 (Moderate),5,6.45,5,45.0
38,6601595,150.0,Brazilian Real(R$),27.0,4.0,Green,Very Good,4.0 - 4.4 (High),10,9.59,10,135.0
39,6601158,240.0,Brazilian Real(R$),43.2,3.2,Orange,Average,3.0 - 3.9 (Moderate),6,6.23,6,129.6
40,6600427,230.0,Brazilian Real(R$),41.4,4.9,Dark Green,Excellent,4.5 - 5.0 (Top Tier),30,16.83,30,621.0
41,6600116,350.0,Brazilian Real(R$),63.0,3.3,Orange,Average,3.0 - 3.9 (Moderate),8,7.25,8,252.0
42,6601457,50.0,Brazilian Real(R$),9.0,3.6,Yellow,Good,3.0 - 3.9 (Moderate),9,8.29,9,40.5
43,7303219,140.0,Brazilian Real(R$),25.2,4.0,Green,Very Good,4.0 - 4.4 (High),7,8.32,7,88.2
44,7304307,100.0,Brazilian Real(R$),18.0,4.8,Dark Green,Excellent,4.5 - 5.0 (Top Tier),29,16.33,29,261.0
45,7301215,60.0,Brazilian Real(R$),10.8,4.7,Dark Green,Excellent,4.5 - 5.0 (Top Tier),24,15.13,24,129.6
46,7300596,90.0,Brazilian Real(R$),16.2,4.5,Dark Green,Excellent,4.5 - 5.0 (Top Tier),29,15.31,29,234.9
47,7300612,170.0,Brazilian Real(R$),30.6,4.2,Green,Very Good,4.0 - 4.4 (High),11,10.44,11,168.3
48,7300704,60.0,Brazilian Real(R$),10.8,4.8,Dark Green,Excellent,4.5 - 5.0 (Top Tier),19,14.38,19,102.6
49,7300955,100.0,Brazilian Real(R$),18.0,4.9,Dark Green,Excellent,4.5 - 5.0 (Top Tier),40,18.2,40,360.0
50,7300521,90.0,Brazilian Real(R$),16.2,4.6,Dark Green,Excellent,4.5 - 5.0 (Top Tier),21,14.22,21,170.1
51,7300515,120.0,Brazilian Real(R$),21.6,4.9,Dark Green,Excellent,4.5 - 5.0 (Top Tier),49,19.17,49,529.2
52,7300483,170.0,Brazilian Real(R$),30.6,4.6,Dark Green,Excellent,4.5 - 5.0 (Top Tier),21,14.22,21,321.3
53,7301064,90.0,Brazilian Real(R$),16.2,4.3,Green,Very Good,4.0 - 4.4 (High),14,11.64,14,113.4
54,7304312,150.0,Brazilian Real(R$),27.0,4.0,Green,Very Good,4.0 - 4.4 (High),5,7.17,5,67.5
55,7300004,250.0,Brazilian Real(R$),45.0,4.6,Dark Green,Excellent,4.5 - 5.0 (Top Tier),25,14.99,25,562.5
56,7300868,120.0,Brazilian Real(R$),21.6,4.4,Green,Very Good,4.0 - 4.4 (High),13,11.61,13,140.4
57,7302637,40.0,Brazilian Real(R$),7.2,4.2,Green,Very Good,4.0 - 4.4 (High),7,8.73,7,25.2
58,7302140,250.0,Brazilian Real(R$),45.0,4.2,Green,Very Good,4.0 - 4.4 (High),8,9.23,8,180.0
59,7305048,70.0,Brazilian Real(R$),12.6,0.0,White,Not rated,Unrated,1,0.0,1,6.3
60,7302898,300.0,Brazilian Real(R$),54.0,4.7,Dark Green,Excellent,4.5 - 5.0 (Top Tier),44,17.89,44,1188.0
61,7302859,85.0,Brazilian Real(R$),15.3,4.6,Dark Green,Excellent,4.5 - 5.0 (Top Tier),24,14.81,24,183.6
62,7301700,80.0,Brazilian Real(R$),14.4,4.3,Green,Very Good,4.0 - 4.4 (High),10,10.31,10,72.0
63,6706313,250.0,Brazilian Real(R$),45.0,4.5,Dark Green,Excellent,4.5 - 5.0 (Top Tier),49,17.6,49,1102.5
64,6704326,250.0,Brazilian Real(R$),45.0,4.4,Green,Very Good,4.0 - 4.4 (High),17,12.72,17,382.5
65,6711179,70.0,Brazilian Real(R$),12.6,3.1,Orange,Average,3.0 - 3.9 (Moderate),5,5.55,5,31.5
66,6702797,100.0,Brazilian Real(R$),18.0,4.1,Green,Very Good,4.0 - 4.4 (High),15,11.37,15,135.0
67,6700475,300.0,Brazilian Real(R$),54.0,4.8,Dark Green,Excellent,4.5 - 5.0 (Top Tier),59,19.65,59,1593.0
68,6713413,120.0,Brazilian Real(R$),21.6,4.6,Dark Green,Excellent,4.5 - 5.0 (Top Tier),30,15.8,30,324.0
69,6714340,75.0,Brazilian Real(R$),13.5,3.9,Yellow,Good,3.0 - 3.9 (Moderate),5,6.99,5,33.75
70,6710645,55.0,Brazilian Real(R$),9.9,0.0,White,Not rated,Unrated,0,0.0,0,0.0
71,6700402,200.0,Brazilian Real(R$),36.0,3.4,Orange,Average,3.0 - 3.9 (Moderate),73,14.63,73,1314.0
72,6700846,120.0,Brazilian Real(R$),21.6,3.5,Yellow,Good,3.0 - 3.9 (Moderate),9,8.06,9,97.2
73,6702159,300.0,Brazilian Real(R$),54.0,4.3,Green,Very Good,4.0 - 4.4 (High),39,15.86,39,1053.0
74,6711666,230.0,Brazilian Real(R$),41.4,3.9,Yellow,Good,3.0 - 3.9 (Moderate),12,10.0,12,248.4
75,6701257,120.0,Brazilian Real(R$),21.6,4.3,Green,Very Good,4.0 - 4.4 (High),68,18.21,68,734.4
76,6706211,150.0,Brazilian Real(R$),27.0,4.3,Green,Very Good,4.0 - 4.4 (High),46,16.56,46,621.0
77,6705858,400.0,Brazilian Real(R$),72.0,4.4,Green,Very Good,4.0 - 4.4 (High),37,16.01,37,1332.0
78,6701419,65.0,Brazilian Real(R$),11.7,0.0,White,Not rated,Unrated,2,0.0,2,11.7
79,6703956,50.0,Brazilian Real(R$),9.0,0.0,White,Not rated,Unrated,2,0.0,2,9.0
80,6709580,100.0,Brazilian Real(R$),18.0,4.4,Green,Very Good,4.0 - 4.4 (High),22,13.8,22,198.0
81,6703176,70.0,Brazilian Real(R$),12.6,4.6,Dark Green,Excellent,4.5 - 5.0 (Top Tier),58,18.76,58,365.4
82,6713772,120.0,Brazilian Real(R$),21.6,4.1,Green,Very Good,4.0 - 4.4 (High),11,10.19,11,118.8
83,17284404,25.0,Dollar($),25.0,3.3,Orange,Average,3.0 - 3.9 (Moderate),35,11.83,35,437.5
84,17284203,10.0,Dollar($),10.0,3.3,Orange,Average,3.0 - 3.9 (Moderate),25,10.75,25,125.0
85,17284105,0.0,Dollar($),0.0,3.4,Orange,Average,3.0 - 3.9 (Moderate),34,12.09,34,0.0
86,17284302,0.0,Dollar($),0.0,3.4,Orange,Average,3.0 - 3.9 (Moderate),45,13.02,45,0.0
87,17284397,10.0,Dollar($),10.0,3.4,Orange,Average,3.0 - 3.9 (Moderate),26,11.21,26,130.0
88,17284211,0.0,Dollar($),0.0,3.4,Orange,Average,3.0 - 3.9 (Moderate),36,12.28,36,0.0
89,17284094,10.0,Dollar($),10.0,3.5,Yellow,Good,3.0 - 3.9 (Moderate),67,14.77,67,335.0
90,17284409,10.0,Dollar($),10.0,3.9,Yellow,Good,3.0 - 3.9 (Moderate),141,19.33,141,705.0
91,17284139,25.0,Dollar($),25.0,3.7,Yellow,Good,3.0 - 3.9 (Moderate),147,18.49,147,1837.5
92,17284403,70.0,Dollar($),70.0,3.5,Yellow,Good,3.0 - 3.9 (Moderate),51,13.83,51,1785.0
93,17284145,25.0,Dollar($),25.0,3.6,Yellow,Good,3.0 - 3.9 (Moderate),88,16.16,88,1100.0
94,17284150,10.0,Dollar($),10.0,3.8,Yellow,Good,3.0 - 3.9 (Moderate),153,19.14,153,765.0
95,17284158,10.0,Dollar($),10.0,3.9,Yellow,Good,3.0 - 3.9 (Moderate),160,19.82,160,800.0
96,17284175,25.0,Dollar($),25.0,3.5,Yellow,Good,3.0 - 3.9 (Moderate),57,14.21,57,712.5
97,17284179,25.0,Dollar($),25.0,3.5,Yellow,Good,3.0 - 3.9 (Moderate),58,14.27,58,725.0
98,17284197,40.0,Dollar($),40.0,3.6,Yellow,Good,3.0 - 3.9 (Moderate),115,17.11,115,2300.0
99,17284241,40.0,Dollar($),40.0,3.5,Yellow,Good,3.0 - 3.9 (Moderate),51,13.83,51,1020.0
100,17284390,40.0,Dollar($),40.0,3.8,Yellow,Good,3.0 - 3.9 (Moderate),250,21.0,250,5000.0
101,17284279,10.0,Dollar($),10.0,3.7,Yellow,Good,3.0 - 3.9 (Moderate),117,17.65,117,585.0
102,17284364,10.0,Dollar($),10.0,3.4,Orange,Average,3.0 - 3.9 (Moderate),20,10.35,20,100.0
103,16611114,20.0,Dollar($),20.0,3.5,Yellow,Good,3.0 - 3.9 (Moderate),25,11.4,25,250.0
104,17293281,40.0,Dollar($),40.0,4.5,Dark Green,Excellent,4.5 - 5.0 (Top Tier),1821,33.78,1821,36420.0
105,17293301,10.0,Dollar($),10.0,4.5,Dark Green,Excellent,4.5 - 5.0 (Top Tier),849,30.35,849,4245.0
106,17293409,10.0,Dollar($),10.0,4.6,Dark Green,Excellent,4.5 - 5.0 (Top Tier),917,31.38,917,4585.0
107,17293163,10.0,Dollar($),10.0,3.9,Yellow,Good,3.0 - 3.9 (Moderate),439,23.74,439,2195.0
108,17293228,10.0,Dollar($),10.0,3.7,Yellow,Good,3.0 - 3.9 (Moderate),289,20.98,289,1445.0
109,17293880,10.0,Dollar($),10.0,4.3,Green,Very Good,4.0 - 4.4 (High),558,27.2,558,2790.0
110,17293169,10.0,Dollar($),10.0,4.2,Green,Very Good,4.0 - 4.4 (High),613,26.96,613,3065.0
111,17293186,25.0,Dollar($),25.0,4.0,Green,Very Good,4.0 - 4.4 (High),353,23.48,353,4412.5
112,17293180,25.0,Dollar($),25.0,4.1,Green,Very Good,4.0 - 4.4 (High),387,24.44,387,4837.5
113,17293205,40.0,Dollar($),40.0,4.3,Green,Very Good,4.0 - 4.4 (High),755,28.5,755,15100.0
114,17293229,10.0,Dollar($),10.0,4.2,Green,Very Good,4.0 - 4.4 (High),800,28.08,800,4000.0
115,17293897,10.0,Dollar($),10.0,4.1,Green,Very Good,4.0 - 4.4 (High),350,24.03,350,1750.0
116,17293273,40.0,Dollar($),40.0,4.1,Green,Very Good,4.0 - 4.4 (High),464,25.18,464,9280.0
117,17293870,25.0,Dollar($),25.0,4.2,Green,Very Good,4.0 - 4.4 (High),550,26.51,550,6875.0
118,17293877,10.0,Dollar($),10.0,4.1,Green,Very Good,4.0 - 4.4 (High),543,25.83,543,2715.0
119,17293890,40.0,Dollar($),40.0,4.1,Green,Very Good,4.0 - 4.4 (High),465,25.19,465,9300.0
120,17293915,10.0,Dollar($),10.0,4.4,Green,Very Good,4.0 - 4.4 (High),546,27.74,546,2730.0
121,17293422,10.0,Dollar($),10.0,4.4,Green,Very Good,4.0 - 4.4 (High),1098,30.81,1098,5490.0
122,17293873,25.0,Dollar($),25.0,4.2,Green,Very Good,4.0 - 4.4 (High),579,26.72,579,7237.5
123,17294014,10.0,Dollar($),10.0,4.1,Green,Very Good,4.0 - 4.4 (High),374,24.3,374,1870.0
124,17294556,40.0,Dollar($),40.0,4.6,Dark Green,Excellent,4.5 - 5.0 (Top Tier),717,30.25,717,14340.0
125,17294607,40.0,Dollar($),40.0,4.9,Dark Green,Excellent,4.5 - 5.0 (Top Tier),548,30.91,548,10960.0
126,17294279,25.0,Dollar($),25.0,4.5,Dark Green,Excellent,4.5 - 5.0 (Top Tier),631,29.02,631,7887.5
127,17294300,10.0,Dollar($),10.0,3.9,Yellow,Good,3.0 - 3.9 (Moderate),372,23.09,372,1860.0
128,17295215,25.0,Dollar($),25.0,3.9,Yellow,Good,3.0 - 3.9 (Moderate),201,20.7,201,2512.5
129,17295028,40.0,Dollar($),40.0,3.8,Yellow,Good,3.0 - 3.9 (Moderate),332,22.07,332,6640.0
130,17294642,25.0,Dollar($),25.0,3.5,Yellow,Good,3.0 - 3.9 (Moderate),304,20.02,304,3800.0
131,17295109,40.0,Dollar($),40.0,4.3,Green,Very Good,4.0 - 4.4 (High),368,25.42,368,7360.0
132,17294441,25.0,Dollar($),25.0,4.1,Green,Very Good,4.0 - 4.4 (High),430,24.87,430,5375.0
133,17294552,25.0,Dollar($),25.0,4.4,Green,Very Good,4.0 - 4.4 (High),433,26.72,433,5412.5
134,17294565,10.0,Dollar($),10.0,4.0,Green,Very Good,4.0 - 4.4 (High),380,23.77,380,1900.0
135,17294623,25.0,Dollar($),25.0,4.0,Green,Very Good,4.0 - 4.4 (High),456,24.5,456,5700.0
136,17294712,40.0,Dollar($),40.0,4.2,Green,Very Good,4.0 - 4.4 (High),647,27.19,647,12940.0
137,17295033,40.0,Dollar($),40.0,4.0,Green,Very Good,4.0 - 4.4 (High),360,23.56,360,7200.0
138,17295069,25.0,Dollar($),25.0,4.0,Green,Very Good,4.0 - 4.4 (High),227,21.72,227,2837.5
139,17294261,25.0,Dollar($),25.0,3.9,Yellow,Good,3.0 - 3.9 (Moderate),290,22.13,290,3625.0
140,17295115,10.0,Dollar($),10.0,4.1,Green,Very Good,4.0 - 4.4 (High),270,22.97,270,1350.0
141,17294836,25.0,Dollar($),25.0,4.0,Green,Very Good,4.0 - 4.4 (High),326,23.16,326,4075.0
142,17294850,35.0,Dollar($),35.0,4.3,Green,Very Good,4.0 - 4.4 (High),317,24.78,317,5547.5
143,17294883,10.0,Dollar($),10.0,4.2,Green,Very Good,4.0 - 4.4 (High),300,23.97,300,1500.0
144,16608864,20.0,Dollar($),20.0,3.2,Orange,Average,3.0 - 3.9 (Moderate),21,9.89,21,210.0
145,16604911,20.0,Dollar($),20.0,4.6,Dark Green,Excellent,4.5 - 5.0 (Top Tier),237,25.17,237,2370.0
146,17303465,25.0,Dollar($),25.0,4.5,Dark Green,Excellent,4.5 - 5.0 (Top Tier),879,30.51,879,10987.5
147,17303642,25.0,Dollar($),25.0,4.6,Dark Green,Excellent,4.5 - 5.0 (Top Tier),615,29.55,615,7687.5
148,17303670,25.0,Dollar($),25.0,4.5,Dark Green,Excellent,4.5 - 5.0 (Top Tier),879,30.51,879,10987.5
149,17303545,70.0,Dollar($),70.0,3.9,Yellow,Good,3.0 - 3.9 (Moderate),379,23.17,379,13265.0
150,17303655,10.0,Dollar($),10.0,4.3,Green,Very Good,4.0 - 4.4 (High),303,24.58,303,1515.0
151,17304691,70.0,Dollar($),70.0,4.1,Green,Very Good,4.0 - 4.4 (High),538,25.79,538,18830.0
152,17303478,10.0,Dollar($),10.0,4.2,Green,Very Good,4.0 - 4.4 (High),334,24.42,334,1670.0
153,17303480,25.0,Dollar($),25.0,4.3,Green,Very Good,4.0 - 4.4 (High),555,27.18,555,6937.5
154,17304733,10.0,Dollar($),10.0,4.4,Green,Very Good,4.0 - 4.4 (High),823,29.54,823,4115.0
155,17303646,25.0,Dollar($),25.0,4.1,Green,Very Good,4.0 - 4.4 (High),550,25.88,550,6875.0
156,17304929,25.0,Dollar($),25.0,4.4,Green,Very Good,4.0 - 4.4 (High),650,28.51,650,8125.0
157,17303684,10.0,Dollar($),10.0,4.3,Green,Very Good,4.0 - 4.4 (High),410,25.88,410,2050.0
158,17303772,10.0,Dollar($),10.0,4.4,Green,Very Good,4.0 - 4.4 (High),660,28.57,660,3300.0
159,17305123,25.0,Dollar($),25.0,4.4,Green,Very Good,4.0 - 4.4 (High),360,25.91,360,4500.0
160,17303787,40.0,Dollar($),40.0,4.0,Green,Very Good,4.0 - 4.4 (High),340,23.33,340,6800.0
161,17303990,25.0,Dollar($),25.0,4.1,Green,Very Good,4.0 - 4.4 (High),393,24.5,393,4912.5
162,17304741,10.0,Dollar($),10.0,4.3,Green,Very Good,4.0 - 4.4 (High),422,26.0,422,2110.0
163,17304726,40.0,Dollar($),40.0,4.0,Green,Very Good,4.0 - 4.4 (High),435,24.31,435,8700.0
164,17304486,25.0,Dollar($),25.0,4.0,Green,Very Good,4.0 - 4.4 (High),369,23.65,369,4612.5
165,17304533,40.0,Dollar($),40.0,4.4,Green,Very Good,4.0 - 4.4 (High),487,27.24,487,9740.0
166,17316233,40.0,Dollar($),40.0,3.7,Yellow,Good,3.0 - 3.9 (Moderate),98,17.0,98,1960.0
167,17315883,40.0,Dollar($),40.0,4.1,Green,Very Good,4.0 - 4.4 (High),365,24.2,365,7300.0
168,17315995,10.0,Dollar($),10.0,4.1,Green,Very Good,4.0 - 4.4 (High),190,21.53,190,950.0
169,17316018,40.0,Dollar($),40.0,4.1,Green,Very Good,4.0 - 4.4 (High),429,24.86,429,8580.0
170,17316038,25.0,Dollar($),25.0,4.4,Green,Very Good,4.0 - 4.4 (High),430,26.69,430,5375.0
171,17316771,25.0,Dollar($),25.0,4.2,Green,Very Good,4.0 - 4.4 (High),186,21.97,186,2325.0
172,17316201,10.0,Dollar($),10.0,4.2,Green,Very Good,4.0 - 4.4 (High),220,22.67,220,1100.0
173,17316208,10.0,Dollar($),10.0,4.2,Green,Very Good,4.0 - 4.4 (High),347,24.58,347,1735.0
174,17316389,25.0,Dollar($),25.0,3.8,Yellow,Good,3.0 - 3.9 (Moderate),161,19.33,161,2012.5
175,17316278,25.0,Dollar($),25.0,4.1,Green,Very Good,4.0 - 4.4 (High),160,20.83,160,2000.0
176,17316744,10.0,Dollar($),10.0,4.9,Dark Green,Excellent,4.5 - 5.0 (Top Tier),820,32.88,820,4100.0
177,17316751,10.0,Dollar($),10.0,4.5,Dark Green,Excellent,4.5 - 5.0 (Top Tier),488,27.87,488,2440.0
178,17316766,25.0,Dollar($),25.0,3.6,Yellow,Good,3.0 - 3.9 (Moderate),253,19.93,253,3162.5
179,17316743,40.0,Dollar($),40.0,3.8,Yellow,Good,3.0 - 3.9 (Moderate),220,20.51,220,4400.0
180,17316374,25.0,Dollar($),25.0,4.3,Green,Very Good,4.0 - 4.4 (High),485,26.6,485,6062.5
181,17316381,40.0,Dollar($),40.0,4.3,Green,Very Good,4.0 - 4.4 (High),428,26.06,428,8560.0
182,17316802,25.0,Dollar($),25.0,4.1,Green,Very Good,4.0 - 4.4 (High),294,23.32,294,3675.0
183,17316416,40.0,Dollar($),40.0,4.0,Green,Very Good,4.0 - 4.4 (High),380,23.77,380,7600.0
184,17316449,25.0,Dollar($),25.0,4.2,Green,Very Good,4.0 - 4.4 (High),259,23.35,259,3237.5
185,17316603,25.0,Dollar($),25.0,4.7,Dark Green,Excellent,4.5 - 5.0 (Top Tier),433,28.54,433,5412.5
186,16659169,25.0,Dollar($),25.0,3.7,Yellow,Good,3.0 - 3.9 (Moderate),176,19.15,176,2200.0
187,17558684,10.0,Dollar($),10.0,4.3,Green,Very Good,4.0 - 4.4 (High),96,19.67,96,480.0
188,18366580,25.0,Dollar($),25.0,3.1,Orange,Average,3.0 - 3.9 (Moderate),6,6.03,6,75.0
189,17330755,10.0,Dollar($),10.0,3.3,Orange,Average,3.0 - 3.9 (Moderate),33,11.64,33,165.0
190,17330611,25.0,Dollar($),25.0,4.6,Dark Green,Excellent,4.5 - 5.0 (Top Tier),489,28.49,489,6112.5
191,17330609,25.0,Dollar($),25.0,4.5,Dark Green,Excellent,4.5 - 5.0 (Top Tier),345,26.31,345,4312.5
192,17330024,25.0,Dollar($),25.0,3.8,Yellow,Good,3.0 - 3.9 (Moderate),149,19.04,149,1862.5
193,17330074,25.0,Dollar($),25.0,3.9,Yellow,Good,3.0 - 3.9 (Moderate),330,22.63,330,4125.0
194,17330185,40.0,Dollar($),40.0,3.9,Yellow,Good,3.0 - 3.9 (Moderate),247,21.5,247,4940.0
195,17330397,10.0,Dollar($),10.0,3.7,Yellow,Good,3.0 - 3.9 (Moderate),123,17.84,123,615.0
196,17330735,40.0,Dollar($),40.0,3.6,Yellow,Good,3.0 - 3.9 (Moderate),109,16.92,109,2180.0
197,17330676,40.0,Dollar($),40.0,3.7,Yellow,Good,3.0 - 3.9 (Moderate),134,18.15,134,2680.0
198,17330048,40.0,Dollar($),40.0,4.2,Green,Very Good,4.0 - 4.4 (High),722,27.65,722,14440.0
199,17330604,25.0,Dollar($),25.0,4.3,Green,Very Good,4.0 - 4.4 (High),213,23.07,213,2662.5
200,17330087,25.0,Dollar($),25.0,4.0,Green,Very Good,4.0 - 4.4 (High),335,23.27,335,4187.5
201,17330137,25.0,Dollar($),25.0,4.0,Green,Very Good,4.0 - 4.4 (High),353,23.48,353,4412.5
202,17330155,0.0,Dollar($),0.0,4.0,Green,Very Good,4.0 - 4.4 (High),170,20.57,170,0.0
203,17330309,25.0,Dollar($),25.0,4.1,Green,Very Good,4.0 - 4.4 (High),192,21.58,192,2400.0
204,17330311,40.0,Dollar($),40.0,4.1,Green,Very Good,4.0 - 4.4 (High),302,23.43,302,6040.0
205,17330615,10.0,Dollar($),10.0,4.2,Green,Very Good,4.0 - 4.4 (High),355,24.67,355,1775.0
206,17330638,25.0,Dollar($),25.0,4.3,Green,Very Good,4.0 - 4.4 (High),287,24.35,287,3587.5
207,17330628,40.0,Dollar($),40.0,4.0,Green,Very Good,4.0 - 4.4 (High),264,22.32,264,5280.0
208,17330546,40.0,Dollar($),40.0,4.4,Green,Very Good,4.0 - 4.4 (High),235,24.04,235,4700.0
209,16643459,25.0,Dollar($),25.0,3.0,Orange,Average,3.0 - 3.9 (Moderate),6,5.84,6,75.0
210,17334434,25.0,Dollar($),25.0,3.7,Yellow,Good,3.0 - 3.9 (Moderate),38,13.56,38,475.0
211,17334348,10.0,Dollar($),10.0,4.4,Green,Very Good,4.0 - 4.4 (High),122,21.17,122,610.0
212,17334213,25.0,Dollar($),25.0,4.4,Green,Very Good,4.0 - 4.4 (High),207,23.49,207,2587.5
213,17334355,10.0,Dollar($),10.0,3.9,Yellow,Good,3.0 - 3.9 (Moderate),66,16.4,66,330.0
214,17334212,10.0,Dollar($),10.0,4.9,Dark Green,Excellent,4.5 - 5.0 (Top Tier),249,27.06,249,1245.0
215,17333797,25.0,Dollar($),25.0,3.8,Yellow,Good,3.0 - 3.9 (Moderate),63,15.8,63,787.5
216,17334217,40.0,Dollar($),40.0,3.8,Yellow,Good,3.0 - 3.9 (Moderate),145,18.94,145,2900.0
217,17334273,10.0,Dollar($),10.0,3.8,Yellow,Good,3.0 - 3.9 (Moderate),83,16.84,83,415.0
218,17334254,25.0,Dollar($),25.0,3.7,Yellow,Good,3.0 - 3.9 (Moderate),116,17.62,116,1450.0
219,17333836,10.0,Dollar($),10.0,4.1,Green,Very Good,4.0 - 4.4 (High),122,19.73,122,610.0
220,17334197,10.0,Dollar($),10.0,4.1,Green,Very Good,4.0 - 4.4 (High),142,20.35,142,710.0
221,17333882,10.0,Dollar($),10.0,4.1,Green,Very Good,4.0 - 4.4 (High),114,19.45,114,570.0
222,17334211,25.0,Dollar($),25.0,4.6,Dark Green,Excellent,4.5 - 5.0 (Top Tier),214,24.7,214,2675.0
223,17334390,10.0,Dollar($),10.0,4.3,Green,Very Good,4.0 - 4.4 (High),116,20.48,116,580.0
224,17334034,25.0,Dollar($),25.0,4.2,Green,Very Good,4.0 - 4.4 (High),111,19.82,111,1387.5
225,17334414,10.0,Dollar($),10.0,3.7,Yellow,Good,3.0 - 3.9 (Moderate),25,12.05,25,125.0
226,17334082,10.0,Dollar($),10.0,4.1,Green,Very Good,4.0 - 4.4 (High),128,19.93,128,640.0
227,17334364,10.0,Dollar($),10.0,4.3,Green,Very Good,4.0 - 4.4 (High),244,23.66,244,1220.0
228,17334398,10.0,Dollar($),10.0,4.2,Green,Very Good,4.0 - 4.4 (High),112,19.86,112,560.0
229,17334219,10.0,Dollar($),10.0,4.1,Green,Very Good,4.0 - 4.4 (High),144,20.4,144,720.0
230,17335173,25.0,Dollar($),25.0,4.6,Dark Green,Excellent,4.5 - 5.0 (Top Tier),166,23.54,166,2075.0
231,17335195,40.0,Dollar($),40.0,4.5,Dark Green,Excellent,4.5 - 5.0 (Top Tier),208,24.04,208,4160.0
232,17335225,25.0,Dollar($),25.0,3.9,Yellow,Good,3.0 - 3.9 (Moderate),136,19.19,136,1700.0
233,17335219,10.0,Dollar($),10.0,4.0,Green,Very Good,4.0 - 4.4 (High),85,17.82,85,425.0
234,17334965,25.0,Dollar($),25.0,4.1,Green,Very Good,4.0 - 4.4 (High),117,19.56,117,1462.5
235,17335189,25.0,Dollar($),25.0,3.4,Orange,Average,3.0 - 3.9 (Moderate),53,13.56,53,662.5
236,17335156,25.0,Dollar($),25.0,4.9,Dark Green,Excellent,4.5 - 5.0 (Top Tier),474,30.2,474,5925.0
237,17334717,10.0,Dollar($),10.0,3.9,Yellow,Good,3.0 - 3.9 (Moderate),125,18.86,125,625.0
238,17334752,70.0,Dollar($),70.0,3.7,Yellow,Good,3.0 - 3.9 (Moderate),201,19.64,201,7035.0
239,18453427,25.0,Dollar($),25.0,0.0,White,Not rated,Unrated,2,0.0,2,25.0
240,17793744,25.0,Dollar($),25.0,0.0,White,Not rated,Unrated,3,0.0,3,37.5
241,17334679,0.0,Dollar($),0.0,4.3,Green,Very Good,4.0 - 4.4 (High),167,22.03,167,0.0
242,17334718,25.0,Dollar($),25.0,4.0,Green,Very Good,4.0 - 4.4 (High),112,18.91,112,1400.0
243,17334763,25.0,Dollar($),25.0,4.1,Green,Very Good,4.0 - 4.4 (High),256,22.75,256,3200.0
244,17335158,10.0,Dollar($),10.0,4.3,Green,Very Good,4.0 - 4.4 (High),123,20.73,123,615.0
245,17334782,25.0,Dollar($),25.0,4.0,Green,Very Good,4.0 - 4.4 (High),199,21.19,199,2487.5
246,17334846,25.0,Dollar($),25.0,4.1,Green,Very Good,4.0 - 4.4 (High),157,20.76,157,1962.5
247,17334853,25.0,Dollar($),25.0,4.1,Green,Very Good,4.0 - 4.4 (High),100,18.92,100,1250.0
248,17335168,40.0,Dollar($),40.0,4.2,Green,Very Good,4.0 - 4.4 (High),141,20.81,141,2820.0
249,17334958,25.0,Dollar($),25.0,4.2,Green,Very Good,4.0 - 4.4 (High),197,22.21,197,2462.5
250,17258496,25.0,Dollar($),25.0,4.5,Dark Green,Excellent,4.5 - 5.0 (Top Tier),1025,31.2,1025,12812.5
251,17259395,25.0,Dollar($),25.0,4.9,Dark Green,Excellent,4.5 - 5.0 (Top Tier),570,31.1,570,7125.0
252,17258350,40.0,Dollar($),40.0,4.5,Dark Green,Excellent,4.5 - 5.0 (Top Tier),674,29.32,674,13480.0
253,17258136,25.0,Dollar($),25.0,4.1,Green,Very Good,4.0 - 4.4 (High),496,25.46,496,6200.0
254,17258522,25.0,Dollar($),25.0,4.0,Green,Very Good,4.0 - 4.4 (High),411,24.08,411,5137.5
255,17259958,25.0,Dollar($),25.0,3.2,Orange,Average,3.0 - 3.9 (Moderate),113,15.16,113,1412.5
256,17258036,40.0,Dollar($),40.0,4.5,Dark Green,Excellent,4.5 - 5.0 (Top Tier),1109,31.55,1109,22180.0
257,17259368,25.0,Dollar($),25.0,4.6,Dark Green,Excellent,4.5 - 5.0 (Top Tier),728,30.32,728,9100.0
258,17257684,10.0,Dollar($),10.0,4.4,Green,Very Good,4.0 - 4.4 (High),659,28.57,659,3295.0
259,17258154,40.0,Dollar($),40.0,4.2,Green,Very Good,4.0 - 4.4 (High),370,24.85,370,7400.0
260,17259340,40.0,Dollar($),40.0,4.3,Green,Very Good,4.0 - 4.4 (High),532,27.0,532,10640.0
261,17259243,25.0,Dollar($),25.0,4.8,Dark Green,Excellent,4.5 - 5.0 (Top Tier),860,32.44,860,10750.0
262,17259625,10.0,Dollar($),10.0,4.2,Green,Very Good,4.0 - 4.4 (High),943,28.77,943,4715.0
263,17259169,70.0,Dollar($),70.0,4.1,Green,Very Good,4.0 - 4.4 (High),476,25.29,476,16660.0
264,17259166,10.0,Dollar($),10.0,4.1,Green,Very Good,4.0 - 4.4 (High),218,22.1,218,1090.0
265,17259335,10.0,Dollar($),10.0,4.0,Green,Very Good,4.0 - 4.4 (High),214,21.48,214,1070.0
266,17259248,25.0,Dollar($),25.0,4.3,Green,Very Good,4.0 - 4.4 (High),699,28.17,699,8737.5
267,17258552,25.0,Dollar($),25.0,3.8,Yellow,Good,3.0 - 3.9 (Moderate),308,21.79,308,3850.0
268,17259550,25.0,Dollar($),25.0,4.0,Green,Very Good,4.0 - 4.4 (High),157,20.25,157,1962.5
269,17259200,40.0,Dollar($),40.0,4.2,Green,Very Good,4.0 - 4.4 (High),530,26.35,530,10600.0
270,16615894,7.0,Dollar($),7.0,3.6,Yellow,Good,3.0 - 3.9 (Moderate),29,12.24,29,101.5
271,17342816,10.0,Dollar($),10.0,3.4,Orange,Average,3.0 - 3.9 (Moderate),33,11.99,33,165.0
272,17342498,25.0,Dollar($),25.0,3.3,Orange,Average,3.0 - 3.9 (Moderate),40,12.25,40,500.0
273,17342648,10.0,Dollar($),10.0,3.4,Orange,Average,3.0 - 3.9 (Moderate),153,17.13,153,765.0
274,17342781,25.0,Dollar($),25.0,3.3,Orange,Average,3.0 - 3.9 (Moderate),65,13.83,65,812.5
275,17342799,25.0,Dollar($),25.0,3.4,Orange,Average,3.0 - 3.9 (Moderate),58,13.86,58,725.0
276,17342772,25.0,Dollar($),25.0,3.5,Yellow,Good,3.0 - 3.9 (Moderate),100,16.15,100,1250.0
277,17342771,10.0,Dollar($),10.0,3.6,Yellow,Good,3.0 - 3.9 (Moderate),156,18.2,156,780.0
278,17342548,0.0,Dollar($),0.0,3.5,Yellow,Good,3.0 - 3.9 (Moderate),74,15.11,74,0.0
279,17342556,25.0,Dollar($),25.0,3.6,Yellow,Good,3.0 - 3.9 (Moderate),117,17.17,117,1462.5
280,17342811,40.0,Dollar($),40.0,3.7,Yellow,Good,3.0 - 3.9 (Moderate),83,16.39,83,1660.0
281,17342576,25.0,Dollar($),25.0,3.6,Yellow,Good,3.0 - 3.9 (Moderate),48,14.01,48,600.0
282,17342770,40.0,Dollar($),40.0,3.8,Yellow,Good,3.0 - 3.9 (Moderate),198,20.11,198,3960.0
283,17342585,10.0,Dollar($),10.0,3.5,Yellow,Good,3.0 - 3.9 (Moderate),126,16.95,126,630.0
284,17342494,10.0,Dollar($),10.0,3.5,Yellow,Good,3.0 - 3.9 (Moderate),119,16.76,119,595.0
285,17342594,25.0,Dollar($),25.0,3.6,Yellow,Good,3.0 - 3.9 (Moderate),140,17.82,140,1750.0
286,17342625,40.0,Dollar($),40.0,3.6,Yellow,Good,3.0 - 3.9 (Moderate),159,18.27,159,3180.0
287,17342652,25.0,Dollar($),25.0,3.6,Yellow,Good,3.0 - 3.9 (Moderate),131,17.58,131,1637.5
288,17342665,10.0,Dollar($),10.0,3.5,Yellow,Good,3.0 - 3.9 (Moderate),60,14.39,60,300.0
289,17342810,25.0,Dollar($),25.0,3.7,Yellow,Good,3.0 - 3.9 (Moderate),89,16.65,89,1112.5
290,17342775,70.0,Dollar($),70.0,3.6,Yellow,Good,3.0 - 3.9 (Moderate),72,15.45,72,2520.0
291,16612028,20.0,Dollar($),20.0,4.1,Green,Very Good,4.0 - 4.4 (High),56,16.58,56,560.0
292,17536645,10.0,Dollar($),10.0,3.7,Yellow,Good,3.0 - 3.9 (Moderate),83,16.39,83,415.0
293,16613507,30.0,Dollar($),30.0,3.5,Yellow,Good,3.0 - 3.9 (Moderate),37,12.73,37,555.0
294,16607969,20.0,Dollar($),20.0,3.7,Yellow,Good,3.0 - 3.9 (Moderate),29,12.58,29,290.0
295,17374405,25.0,Dollar($),25.0,4.4,Green,Very Good,4.0 - 4.4 (High),239,24.11,239,2987.5
296,17375060,10.0,Dollar($),10.0,4.1,Green,Very Good,4.0 - 4.4 (High),235,22.4,235,1175.0
297,17375164,25.0,Dollar($),25.0,3.8,Yellow,Good,3.0 - 3.9 (Moderate),88,17.06,88,1100.0
298,17374552,40.0,Dollar($),40.0,3.9,Yellow,Good,3.0 - 3.9 (Moderate),209,20.85,209,4180.0
299,17375078,10.0,Dollar($),10.0,3.9,Yellow,Good,3.0 - 3.9 (Moderate),133,19.1,133,665.0
300,17375049,10.0,Dollar($),10.0,4.4,Green,Very Good,4.0 - 4.4 (High),267,24.6,267,1335.0
301,17375077,25.0,Dollar($),25.0,4.1,Green,Very Good,4.0 - 4.4 (High),171,21.1,171,2137.5
302,17375141,25.0,Dollar($),25.0,3.8,Yellow,Good,3.0 - 3.9 (Moderate),107,17.79,107,1337.5
303,17375198,40.0,Dollar($),40.0,4.3,Green,Very Good,4.0 - 4.4 (High),164,21.96,164,3280.0
304,17375180,10.0,Dollar($),10.0,4.1,Green,Very Good,4.0 - 4.4 (High),182,21.36,182,910.0
305,17375072,25.0,Dollar($),25.0,4.9,Dark Green,Excellent,4.5 - 5.0 (Top Tier),681,31.97,681,8512.5
306,17375047,10.0,Dollar($),10.0,4.6,Dark Green,Excellent,4.5 - 5.0 (Top Tier),357,27.05,357,1785.0
307,17375074,25.0,Dollar($),25.0,3.8,Yellow,Good,3.0 - 3.9 (Moderate),89,17.1,89,1112.5
308,17374921,25.0,Dollar($),25.0,4.2,Green,Very Good,4.0 - 4.4 (High),350,24.62,350,4375.0
309,17374819,10.0,Dollar($),10.0,4.3,Green,Very Good,4.0 - 4.4 (High),298,24.51,298,1490.0
310,17375089,25.0,Dollar($),25.0,4.2,Green,Very Good,4.0 - 4.4 (High),319,24.23,319,3987.5
311,17375214,40.0,Dollar($),40.0,3.8,Yellow,Good,3.0 - 3.9 (Moderate),114,18.03,114,2280.0
312,17374951,10.0,Dollar($),10.0,3.9,Yellow,Good,3.0 - 3.9 (Moderate),136,19.19,136,680.0
313,17374978,25.0,Dollar($),25.0,2.2,Red,Poor,< 3.0 (Low),108,10.32,108,1350.0
314,17375104,10.0,Dollar($),10.0,4.0,Green,Very Good,4.0 - 4.4 (High),161,20.35,161,805.0
315,16604358,20.0,Dollar($),20.0,3.8,Yellow,Good,3.0 - 3.9 (Moderate),192,20.0,192,1920.0
316,16604896,7.0,Dollar($),7.0,3.8,Yellow,Good,3.0 - 3.9 (Moderate),93,17.26,93,325.5
317,16612550,20.0,Dollar($),20.0,4.1,Green,Very Good,4.0 - 4.4 (High),40,15.23,40,400.0
318,16606299,7.0,Dollar($),7.0,3.7,Yellow,Good,3.0 - 3.9 (Moderate),100,17.08,100,350.0
319,16605794,7.0,Dollar($),7.0,3.8,Yellow,Good,3.0 - 3.9 (Moderate),97,17.42,97,339.5
320,17557488,10.0,Dollar($),10.0,3.6,Yellow,Good,3.0 - 3.9 (Moderate),41,13.46,41,205.0
321,17452342,25.0,Dollar($),25.0,4.5,Dark Green,Excellent,4.5 - 5.0 (Top Tier),799,30.08,799,9987.5
322,16611498,20.0,Dollar($),20.0,3.6,Yellow,Good,3.0 - 3.9 (Moderate),18,10.6,18,180.0
323,17842104,20.0,Dollar($),20.0,3.5,Yellow,Good,3.0 - 3.9 (Moderate),31,12.13,31,310.0
324,17501291,25.0,Dollar($),25.0,3.9,Yellow,Good,3.0 - 3.9 (Moderate),146,19.46,146,1825.0
325,17500759,10.0,Dollar($),10.0,4.9,Dark Green,Excellent,4.5 - 5.0 (Top Tier),478,30.24,478,2390.0
326,17500767,25.0,Dollar($),25.0,4.6,Dark Green,Excellent,4.5 - 5.0 (Top Tier),467,28.28,467,5837.5
327,17500819,25.0,Dollar($),25.0,4.5,Dark Green,Excellent,4.5 - 5.0 (Top Tier),302,25.71,302,3775.0
328,17500911,25.0,Dollar($),25.0,4.5,Dark Green,Excellent,4.5 - 5.0 (Top Tier),289,25.51,289,3612.5
329,17501439,40.0,Dollar($),40.0,3.8,Yellow,Good,3.0 - 3.9 (Moderate),102,17.61,102,2040.0
330,17501279,40.0,Dollar($),40.0,4.1,Green,Very Good,4.0 - 4.4 (High),293,23.3,293,5860.0
331,17500695,70.0,Dollar($),70.0,4.0,Green,Very Good,4.0 - 4.4 (High),195,21.11,195,6825.0
332,17501298,10.0,Dollar($),10.0,4.3,Green,Very Good,4.0 - 4.4 (High),244,23.66,244,1220.0
333,17500847,70.0,Dollar($),70.0,4.2,Green,Very Good,4.0 - 4.4 (High),379,24.95,379,13265.0
334,17500872,10.0,Dollar($),10.0,4.2,Green,Very Good,4.0 - 4.4 (High),223,22.73,223,1115.0
335,17501315,25.0,Dollar($),25.0,3.7,Yellow,Good,3.0 - 3.9 (Moderate),243,20.34,243,3037.5
336,17501201,25.0,Dollar($),25.0,3.7,Yellow,Good,3.0 - 3.9 (Moderate),104,17.22,104,1300.0
337,17501247,10.0,Dollar($),10.0,3.7,Yellow,Good,3.0 - 3.9 (Moderate),153,18.64,153,765.0
338,17501281,25.0,Dollar($),25.0,3.8,Yellow,Good,3.0 - 3.9 (Moderate),323,21.97,323,4037.5
339,17501143,10.0,Dollar($),10.0,4.1,Green,Very Good,4.0 - 4.4 (High),181,21.34,181,905.0
340,17501292,25.0,Dollar($),25.0,4.0,Green,Very Good,4.0 - 4.4 (High),316,23.04,316,3950.0
341,17501308,25.0,Dollar($),25.0,4.2,Green,Very Good,4.0 - 4.4 (High),288,23.8,288,3600.0
342,17501301,10.0,Dollar($),10.0,4.0,Green,Very Good,4.0 - 4.4 (High),232,21.8,232,1160.0
343,17501268,40.0,Dollar($),40.0,4.1,Green,Very Good,4.0 - 4.4 (High),314,23.59,314,6280.0
344,16611701,20.0,Dollar($),20.0,2.9,Orange,Average,< 3.0 (Low),11,7.21,11,110.0
345,17482142,10.0,Dollar($),10.0,2.4,Red,Poor,< 3.0 (Low),17,6.94,17,85.0
346,16609169,30.0,Dollar($),30.0,3.8,Yellow,Good,3.0 - 3.9 (Moderate),176,19.67,176,2640.0
347,17606621,0.0,Dollar($),0.0,3.4,Orange,Average,3.0 - 3.9 (Moderate),11,8.45,11,0.0
348,17687832,25.0,Dollar($),25.0,3.6,Yellow,Good,3.0 - 3.9 (Moderate),65,15.08,65,812.5
349,16613059,30.0,Dollar($),30.0,2.4,Red,Poor,< 3.0 (Low),193,12.64,193,2895.0
350,17534788,40.0,Dollar($),40.0,3.6,Yellow,Good,3.0 - 3.9 (Moderate),30,12.36,30,600.0
351,17061237,40.0,Dollar($),40.0,4.4,Green,Very Good,4.0 - 4.4 (High),981,30.31,981,19620.0
352,17057397,45.0,Dollar($),45.0,4.5,Dark Green,Excellent,4.5 - 5.0 (Top Tier),1151,31.72,1151,25897.5
353,17058534,35.0,Dollar($),35.0,4.7,Dark Green,Excellent,4.5 - 5.0 (Top Tier),1341,33.85,1341,23467.5
354,17060320,50.0,Dollar($),50.0,4.3,Green,Very Good,4.0 - 4.4 (High),782,28.65,782,19550.0
355,17057925,40.0,Dollar($),40.0,4.6,Dark Green,Excellent,4.5 - 5.0 (Top Tier),1293,32.96,1293,25860.0
356,17060869,100.0,Dollar($),100.0,4.6,Dark Green,Excellent,4.5 - 5.0 (Top Tier),2324,35.66,2324,116200.0
357,17057591,45.0,Dollar($),45.0,4.3,Green,Very Good,4.0 - 4.4 (High),910,29.3,910,20475.0
358,17059541,50.0,Dollar($),50.0,4.4,Green,Very Good,4.0 - 4.4 (High),886,29.87,886,22150.0
359,17064266,35.0,Dollar($),35.0,4.6,Dark Green,Excellent,4.5 - 5.0 (Top Tier),1293,32.96,1293,22627.5
360,17064405,10.0,Dollar($),10.0,4.4,Green,Very Good,4.0 - 4.4 (High),570,27.93,570,2850.0
361,17060516,60.0,Dollar($),60.0,4.4,Green,Very Good,4.0 - 4.4 (High),1685,32.69,1685,50550.0
362,17059012,40.0,Dollar($),40.0,4.8,Dark Green,Excellent,4.5 - 5.0 (Top Tier),1699,35.7,1699,33980.0
363,17061296,25.0,Dollar($),25.0,4.9,Dark Green,Excellent,4.5 - 5.0 (Top Tier),1457,35.7,1457,18212.5
364,17061205,35.0,Dollar($),35.0,4.9,Dark Green,Excellent,4.5 - 5.0 (Top Tier),1252,34.95,1252,21910.0
365,17064031,25.0,Dollar($),25.0,4.7,Dark Green,Excellent,4.5 - 5.0 (Top Tier),1412,34.09,1412,17650.0
366,17066603,25.0,Dollar($),25.0,3.6,Yellow,Good,3.0 - 3.9 (Moderate),432,21.85,432,5400.0
367,17057797,40.0,Dollar($),40.0,4.2,Green,Very Good,4.0 - 4.4 (High),568,26.64,568,11360.0
368,17061253,25.0,Dollar($),25.0,4.4,Green,Very Good,4.0 - 4.4 (High),797,29.4,797,9962.5
369,17059060,40.0,Dollar($),40.0,4.4,Green,Very Good,4.0 - 4.4 (High),1158,31.04,1158,23160.0
370,17061231,40.0,Dollar($),40.0,4.4,Green,Very Good,4.0 - 4.4 (High),1998,33.44,1998,39960.0
371,16613649,30.0,Dollar($),30.0,4.4,Green,Very Good,4.0 - 4.4 (High),381,26.16,381,5715.0
372,18255631,120.0,Dollar($),120.0,2.6,Orange,Average,< 3.0 (Low),16,7.37,16,960.0
373,16608483,20.0,Dollar($),20.0,3.4,Orange,Average,3.0 - 3.9 (Moderate),19,10.19,19,190.0
374,17580453,25.0,Dollar($),25.0,4.2,Green,Very Good,4.0 - 4.4 (High),635,27.11,635,7937.5
375,17580142,40.0,Dollar($),40.0,4.9,Dark Green,Excellent,4.5 - 5.0 (Top Tier),2238,37.8,2238,44760.0
376,17580160,10.0,Dollar($),10.0,4.6,Dark Green,Excellent,4.5 - 5.0 (Top Tier),792,30.71,792,3960.0
377,17580349,10.0,Dollar($),10.0,4.5,Dark Green,Excellent,4.5 - 5.0 (Top Tier),828,30.24,828,4140.0
378,17580412,40.0,Dollar($),40.0,3.7,Yellow,Good,3.0 - 3.9 (Moderate),292,21.02,292,5840.0
379,17580590,25.0,Dollar($),25.0,3.9,Yellow,Good,3.0 - 3.9 (Moderate),502,24.26,502,6275.0
380,17580704,25.0,Dollar($),25.0,3.7,Yellow,Good,3.0 - 3.9 (Moderate),559,23.41,559,6987.5
381,17579928,25.0,Dollar($),25.0,4.2,Green,Very Good,4.0 - 4.4 (High),1268,30.01,1268,15850.0
382,17579992,40.0,Dollar($),40.0,4.1,Green,Very Good,4.0 - 4.4 (High),669,26.68,669,13380.0
383,17580030,40.0,Dollar($),40.0,4.4,Green,Very Good,4.0 - 4.4 (High),900,29.94,900,18000.0
384,17580074,25.0,Dollar($),25.0,4.3,Green,Very Good,4.0 - 4.4 (High),765,28.56,765,9562.5
385,17580020,40.0,Dollar($),40.0,4.0,Green,Very Good,4.0 - 4.4 (High),1270,28.59,1270,25400.0
386,17580350,25.0,Dollar($),25.0,4.1,Green,Very Good,4.0 - 4.4 (High),502,25.5,502,6275.0
387,17580408,40.0,Dollar($),40.0,3.9,Yellow,Good,3.0 - 3.9 (Moderate),724,25.69,724,14480.0
388,17579653,40.0,Dollar($),40.0,3.5,Yellow,Good,3.0 - 3.9 (Moderate),479,21.61,479,9580.0
389,17580476,25.0,Dollar($),25.0,4.2,Green,Very Good,4.0 - 4.4 (High),591,26.81,591,7387.5
390,17580422,40.0,Dollar($),40.0,4.4,Green,Very Good,4.0 - 4.4 (High),1408,31.9,1408,28160.0
391,17580539,40.0,Dollar($),40.0,4.3,Green,Very Good,4.0 - 4.4 (High),905,29.28,905,18100.0
392,17580511,10.0,Dollar($),10.0,4.7,Dark Green,Excellent,4.5 - 5.0 (Top Tier),816,31.52,816,4080.0
393,17580021,40.0,Dollar($),40.0,4.4,Green,Very Good,4.0 - 4.4 (High),747,29.12,747,14940.0
394,16604370,20.0,Dollar($),20.0,3.7,Yellow,Good,3.0 - 3.9 (Moderate),351,21.7,351,3510.0
395,17582467,10.0,Dollar($),10.0,3.7,Yellow,Good,3.0 - 3.9 (Moderate),104,17.22,104,520.0
396,17582668,45.0,Dollar($),45.0,3.5,Yellow,Good,3.0 - 3.9 (Moderate),83,15.51,83,1867.5
397,17582498,10.0,Dollar($),10.0,3.6,Yellow,Good,3.0 - 3.9 (Moderate),91,16.28,91,455.0
398,17582499,0.0,Dollar($),0.0,3.6,Yellow,Good,3.0 - 3.9 (Moderate),59,14.74,59,0.0
399,17582522,40.0,Dollar($),40.0,3.7,Yellow,Good,3.0 - 3.9 (Moderate),222,20.01,222,4440.0
400,17582524,30.0,Dollar($),30.0,3.6,Yellow,Good,3.0 - 3.9 (Moderate),121,17.29,121,1815.0
401,17582527,10.0,Dollar($),10.0,3.5,Yellow,Good,3.0 - 3.9 (Moderate),93,15.9,93,465.0
402,17582551,10.0,Dollar($),10.0,3.8,Yellow,Good,3.0 - 3.9 (Moderate),136,18.7,136,680.0
403,17582558,10.0,Dollar($),10.0,3.8,Yellow,Good,3.0 - 3.9 (Moderate),160,19.31,160,800.0
404,17582560,25.0,Dollar($),25.0,3.7,Yellow,Good,3.0 - 3.9 (Moderate),152,18.61,152,1900.0
405,17582677,10.0,Dollar($),10.0,3.5,Yellow,Good,3.0 - 3.9 (Moderate),57,14.21,57,285.0
406,17582670,25.0,Dollar($),25.0,3.7,Yellow,Good,3.0 - 3.9 (Moderate),191,19.45,191,2387.5
407,17582625,40.0,Dollar($),40.0,3.6,Yellow,Good,3.0 - 3.9 (Moderate),85,16.04,85,1700.0
408,17582627,0.0,Dollar($),0.0,3.6,Yellow,Good,3.0 - 3.9 (Moderate),108,16.89,108,0.0
409,17582700,25.0,Dollar($),25.0,3.6,Yellow,Good,3.0 - 3.9 (Moderate),132,17.61,132,1650.0
410,17582664,25.0,Dollar($),25.0,3.8,Yellow,Good,3.0 - 3.9 (Moderate),141,18.83,141,1762.5
411,17582682,25.0,Dollar($),25.0,3.7,Yellow,Good,3.0 - 3.9 (Moderate),162,18.85,162,2025.0
412,17582669,40.0,Dollar($),40.0,3.6,Yellow,Good,3.0 - 3.9 (Moderate),144,17.92,144,2880.0
413,18491935,25.0,Dollar($),25.0,0.0,White,Not rated,Unrated,1,0.0,1,12.5
414,17582546,10.0,Dollar($),10.0,4.1,Green,Very Good,4.0 - 4.4 (High),365,24.2,365,1825.0
415,17629582,25.0,Dollar($),25.0,3.3,Orange,Average,3.0 - 3.9 (Moderate),9,7.6,9,112.5
416,17211719,70.0,Dollar($),70.0,4.0,Green,Very Good,4.0 - 4.4 (High),542,25.19,542,18970.0
417,17144717,25.0,Dollar($),25.0,4.5,Dark Green,Excellent,4.5 - 5.0 (Top Tier),691,29.43,691,8637.5
418,17143970,35.0,Dollar($),35.0,4.7,Dark Green,Excellent,4.5 - 5.0 (Top Tier),764,31.21,764,13370.0
419,17142698,10.0,Dollar($),10.0,4.7,Dark Green,Excellent,4.5 - 5.0 (Top Tier),707,30.84,707,3535.0
420,17144991,30.0,Dollar($),30.0,4.5,Dark Green,Excellent,4.5 - 5.0 (Top Tier),487,27.86,487,7305.0
421,17142519,10.0,Dollar($),10.0,4.5,Dark Green,Excellent,4.5 - 5.0 (Top Tier),695,29.45,695,3475.0
422,17145408,40.0,Dollar($),40.0,4.2,Green,Very Good,4.0 - 4.4 (High),485,25.98,485,9700.0
423,17143336,40.0,Dollar($),40.0,4.2,Green,Very Good,4.0 - 4.4 (High),807,28.12,807,16140.0
424,17145077,10.0,Dollar($),10.0,4.6,Dark Green,Excellent,4.5 - 5.0 (Top Tier),723,30.29,723,3615.0
425,17141447,10.0,Dollar($),10.0,4.2,Green,Very Good,4.0 - 4.4 (High),874,28.45,874,4370.0
426,17142096,25.0,Dollar($),25.0,4.4,Green,Very Good,4.0 - 4.4 (High),552,27.79,552,6900.0
427,17142297,40.0,Dollar($),40.0,4.3,Green,Very Good,4.0 - 4.4 (High),1056,29.94,1056,21120.0
428,17142535,40.0,Dollar($),40.0,4.3,Green,Very Good,4.0 - 4.4 (High),707,28.22,707,14140.0
429,17142792,70.0,Dollar($),70.0,4.9,Dark Green,Excellent,4.5 - 5.0 (Top Tier),1343,35.3,1343,47005.0
430,17145495,10.0,Dollar($),10.0,4.9,Dark Green,Excellent,4.5 - 5.0 (Top Tier),602,31.37,602,3010.0
431,17143950,40.0,Dollar($),40.0,4.6,Dark Green,Excellent,4.5 - 5.0 (Top Tier),1078,32.13,1078,21560.0
432,17142747,25.0,Dollar($),25.0,3.9,Yellow,Good,3.0 - 3.9 (Moderate),232,21.26,232,2900.0
433,17141990,70.0,Dollar($),70.0,4.4,Green,Very Good,4.0 - 4.4 (High),1492,32.16,1492,52220.0
434,17144732,10.0,Dollar($),10.0,4.0,Green,Very Good,4.0 - 4.4 (High),535,25.14,535,2675.0
435,17143282,70.0,Dollar($),70.0,4.2,Green,Very Good,4.0 - 4.4 (High),531,26.36,531,18585.0
436,17143705,25.0,Dollar($),25.0,4.2,Green,Very Good,4.0 - 4.4 (High),694,27.48,694,8675.0
437,17615915,40.0,Dollar($),40.0,3.3,Orange,Average,3.0 - 3.9 (Moderate),1201,23.4,1201,24020.0
438,17616487,40.0,Dollar($),40.0,4.7,Dark Green,Excellent,4.5 - 5.0 (Top Tier),906,32.01,906,18120.0
439,17615924,10.0,Dollar($),10.0,4.6,Dark Green,Excellent,4.5 - 5.0 (Top Tier),880,31.19,880,4400.0
440,17615979,40.0,Dollar($),40.0,4.5,Dark Green,Excellent,4.5 - 5.0 (Top Tier),1014,31.15,1014,20280.0
441,17616266,25.0,Dollar($),25.0,4.5,Dark Green,Excellent,4.5 - 5.0 (Top Tier),796,30.06,796,9950.0
442,17615976,25.0,Dollar($),25.0,3.7,Yellow,Good,3.0 - 3.9 (Moderate),747,24.48,747,9337.5
443,17616025,40.0,Dollar($),40.0,3.8,Yellow,Good,3.0 - 3.9 (Moderate),566,24.09,566,11320.0
444,17615597,25.0,Dollar($),25.0,4.1,Green,Very Good,4.0 - 4.4 (High),683,26.76,683,8537.5
445,17615740,25.0,Dollar($),25.0,4.4,Green,Very Good,4.0 - 4.4 (High),690,28.77,690,8625.0
446,17616203,10.0,Dollar($),10.0,4.2,Green,Very Good,4.0 - 4.4 (High),680,27.4,680,3400.0
447,17616590,10.0,Dollar($),10.0,4.1,Green,Very Good,4.0 - 4.4 (High),287,23.22,287,1435.0
448,17615855,40.0,Dollar($),40.0,4.1,Green,Very Good,4.0 - 4.4 (High),802,27.42,802,16040.0
449,17616348,25.0,Dollar($),25.0,4.3,Green,Very Good,4.0 - 4.4 (High),710,28.24,710,8875.0
450,17616368,10.0,Dollar($),10.0,4.3,Green,Very Good,4.0 - 4.4 (High),456,26.34,456,2280.0
451,17616400,70.0,Dollar($),70.0,4.0,Green,Very Good,4.0 - 4.4 (High),687,26.14,687,24045.0
452,17616076,25.0,Dollar($),25.0,4.3,Green,Very Good,4.0 - 4.4 (High),719,28.29,719,8987.5
453,17616205,70.0,Dollar($),70.0,4.4,Green,Very Good,4.0 - 4.4 (High),1803,32.99,1803,63105.0
454,17616222,70.0,Dollar($),70.0,4.1,Green,Very Good,4.0 - 4.4 (High),558,25.94,558,19530.0
455,17616295,40.0,Dollar($),40.0,3.8,Yellow,Good,3.0 - 3.9 (Moderate),883,25.78,883,17660.0
456,17616465,10.0,Dollar($),10.0,3.9,Yellow,Good,3.0 - 3.9 (Moderate),309,22.37,309,1545.0
457,18483372,300.0,Dollar($),300.0,3.4,Orange,Average,3.0 - 3.9 (Moderate),34,12.09,34,5100.0
458,18484349,270.0,Dollar($),270.0,4.0,Green,Very Good,4.0 - 4.4 (High),33,14.11,33,4455.0
459,18496057,500.0,Dollar($),500.0,3.8,Yellow,Good,3.0 - 3.9 (Moderate),33,13.4,33,8250.0
460,18483389,80.0,Dollar($),80.0,3.1,Orange,Average,3.0 - 3.9 (Moderate),34,11.02,34,1360.0
461,18483222,430.0,Dollar($),430.0,3.8,Yellow,Good,3.0 - 3.9 (Moderate),35,13.62,35,7525.0
462,18483085,315.0,Dollar($),315.0,3.9,Yellow,Good,3.0 - 3.9 (Moderate),33,13.75,33,5197.5
463,18484423,20.0,Dollar($),20.0,4.2,Green,Very Good,4.0 - 4.4 (High),29,14.29,29,290.0
464,18483714,100.0,Dollar($),100.0,4.1,Green,Very Good,4.0 - 4.4 (High),35,14.69,35,1750.0
465,18485469,50.0,Dollar($),50.0,3.2,Orange,Average,3.0 - 3.9 (Moderate),29,10.88,29,725.0
466,18479690,80.0,Dollar($),80.0,3.2,Orange,Average,3.0 - 3.9 (Moderate),30,10.99,30,1200.0
467,18483224,40.0,Dollar($),40.0,3.7,Yellow,Good,3.0 - 3.9 (Moderate),33,13.05,33,660.0
468,18493989,30.0,Dollar($),30.0,3.0,Orange,Average,3.0 - 3.9 (Moderate),25,9.77,25,375.0
469,18484464,220.0,Dollar($),220.0,3.8,Yellow,Good,3.0 - 3.9 (Moderate),30,13.05,30,3300.0
470,18483051,300.0,Dollar($),300.0,3.9,Yellow,Good,3.0 - 3.9 (Moderate),34,13.87,34,5100.0
471,18482983,60.0,Dollar($),60.0,3.1,Orange,Average,3.0 - 3.9 (Moderate),33,10.93,33,990.0
472,18479742,60.0,Dollar($),60.0,3.2,Orange,Average,3.0 - 3.9 (Moderate),32,11.19,32,960.0
473,18482938,95.0,Dollar($),95.0,3.2,Orange,Average,3.0 - 3.9 (Moderate),30,10.99,30,1425.0
474,18483082,50.0,Dollar($),50.0,3.8,Yellow,Good,3.0 - 3.9 (Moderate),28,12.8,28,700.0
475,18483446,40.0,Dollar($),40.0,3.9,Yellow,Good,3.0 - 3.9 (Moderate),35,13.98,35,700.0
476,18483252,75.0,Dollar($),75.0,3.2,Orange,Average,3.0 - 3.9 (Moderate),33,11.28,33,1237.5
477,17621616,40.0,Dollar($),40.0,3.7,Yellow,Good,3.0 - 3.9 (Moderate),100,17.08,100,2000.0
478,17621696,10.0,Dollar($),10.0,3.6,Yellow,Good,3.0 - 3.9 (Moderate),92,16.32,92,460.0
479,17621744,10.0,Dollar($),10.0,3.8,Yellow,Good,3.0 - 3.9 (Moderate),182,19.8,182,910.0
480,17621759,10.0,Dollar($),10.0,3.6,Yellow,Good,3.0 - 3.9 (Moderate),76,15.64,76,380.0
481,17621763,40.0,Dollar($),40.0,3.7,Yellow,Good,3.0 - 3.9 (Moderate),129,18.01,129,2580.0
482,17621780,25.0,Dollar($),25.0,3.6,Yellow,Good,3.0 - 3.9 (Moderate),94,16.39,94,1175.0
483,17621781,25.0,Dollar($),25.0,3.8,Yellow,Good,3.0 - 3.9 (Moderate),129,18.5,129,1612.5
484,17621788,25.0,Dollar($),25.0,3.8,Yellow,Good,3.0 - 3.9 (Moderate),178,19.71,178,2225.0
485,17621793,10.0,Dollar($),10.0,3.7,Yellow,Good,3.0 - 3.9 (Moderate),97,16.96,97,485.0
486,17621796,10.0,Dollar($),10.0,3.9,Yellow,Good,3.0 - 3.9 (Moderate),161,19.84,161,805.0
487,17621831,10.0,Dollar($),10.0,3.7,Yellow,Good,3.0 - 3.9 (Moderate),122,17.81,122,610.0
488,17621832,10.0,Dollar($),10.0,3.8,Yellow,Good,3.0 - 3.9 (Moderate),195,20.06,195,975.0
489,17621833,40.0,Dollar($),40.0,3.7,Yellow,Good,3.0 - 3.9 (Moderate),146,18.46,146,2920.0
490,17621834,10.0,Dollar($),10.0,3.7,Yellow,Good,3.0 - 3.9 (Moderate),117,17.65,117,585.0
491,17621869,25.0,Dollar($),25.0,3.8,Yellow,Good,3.0 - 3.9 (Moderate),187,19.9,187,2337.5
492,17621960,40.0,Dollar($),40.0,3.9,Yellow,Good,3.0 - 3.9 (Moderate),239,21.37,239,4780.0
493,17621746,10.0,Dollar($),10.0,4.0,Green,Very Good,4.0 - 4.4 (High),303,22.87,303,1515.0
494,17621755,40.0,Dollar($),40.0,4.0,Green,Very Good,4.0 - 4.4 (High),280,22.55,280,5600.0
495,17621946,25.0,Dollar($),25.0,4.0,Green,Very Good,4.0 - 4.4 (High),271,22.42,271,3387.5
496,17621552,70.0,Dollar($),70.0,3.5,Yellow,Good,3.0 - 3.9 (Moderate),58,14.27,58,2030.0
497,17096140,25.0,Dollar($),25.0,4.6,Dark Green,Excellent,4.5 - 5.0 (Top Tier),1321,33.06,1321,16512.5
498,17099925,25.0,Dollar($),25.0,4.6,Dark Green,Excellent,4.5 - 5.0 (Top Tier),1629,34.02,1629,20362.5
499,17092257,25.0,Dollar($),25.0,4.1,Green,Very Good,4.0 - 4.4 (High),921,27.99,921,11512.5
500,17092799,25.0,Dollar($),25.0,4.1,Green,Very Good,4.0 - 4.4 (High),986,28.27,986,12325.0
501,17095222,25.0,Dollar($),25.0,4.1,Green,Very Good,4.0 - 4.4 (High),1020,28.41,1020,12750.0
502,17092293,70.0,Dollar($),70.0,4.7,Dark Green,Excellent,4.5 - 5.0 (Top Tier),3157,37.87,3157,110495.0
503,17102241,40.0,Dollar($),40.0,3.9,Yellow,Good,3.0 - 3.9 (Moderate),665,25.36,665,13300.0
504,17102579,70.0,Dollar($),70.0,3.9,Yellow,Good,3.0 - 3.9 (Moderate),373,23.1,373,13055.0
505,17092801,25.0,Dollar($),25.0,4.4,Green,Very Good,4.0 - 4.4 (High),1007,30.43,1007,12587.5
506,17093273,25.0,Dollar($),25.0,4.4,Green,Very Good,4.0 - 4.4 (High),803,29.43,803,10037.5
507,17096198,40.0,Dollar($),40.0,4.2,Green,Very Good,4.0 - 4.4 (High),1363,30.32,1363,27260.0
508,17095098,10.0,Dollar($),10.0,4.9,Dark Green,Excellent,4.5 - 5.0 (Top Tier),1424,35.58,1424,7120.0
509,17093135,40.0,Dollar($),40.0,4.5,Dark Green,Excellent,4.5 - 5.0 (Top Tier),844,30.33,844,16880.0
510,17095236,40.0,Dollar($),40.0,4.9,Dark Green,Excellent,4.5 - 5.0 (Top Tier),1413,35.55,1413,28260.0
511,17095979,40.0,Dollar($),40.0,4.5,Dark Green,Excellent,4.5 - 5.0 (Top Tier),1203,31.92,1203,24060.0
512,17099856,40.0,Dollar($),40.0,4.7,Dark Green,Excellent,4.5 - 5.0 (Top Tier),3074,37.75,3074,61480.0
513,17100307,40.0,Dollar($),40.0,4.8,Dark Green,Excellent,4.5 - 5.0 (Top Tier),1715,35.75,1715,34300.0
514,17093600,10.0,Dollar($),10.0,4.5,Dark Green,Excellent,4.5 - 5.0 (Top Tier),1868,33.9,1868,9340.0
515,17100547,40.0,Dollar($),40.0,4.0,Green,Very Good,4.0 - 4.4 (High),875,27.1,875,17500.0
516,17093124,40.0,Dollar($),40.0,4.4,Green,Very Good,4.0 - 4.4 (High),1746,32.85,1746,34920.0
517,16608059,30.0,Dollar($),30.0,4.4,Green,Very Good,4.0 - 4.4 (High),339,25.65,339,5085.0
518,16605194,20.0,Dollar($),20.0,4.1,Green,Very Good,4.0 - 4.4 (High),87,18.36,87,870.0
519,17678243,25.0,Dollar($),25.0,3.4,Orange,Average,3.0 - 3.9 (Moderate),98,15.62,98,1225.0
520,17678043,25.0,Dollar($),25.0,3.1,Orange,Average,3.0 - 3.9 (Moderate),83,13.74,83,1037.5
521,17677978,40.0,Dollar($),40.0,3.9,Yellow,Good,3.0 - 3.9 (Moderate),231,21.24,231,4620.0
522,17677988,40.0,Dollar($),40.0,3.7,Yellow,Good,3.0 - 3.9 (Moderate),216,19.91,216,4320.0
523,17678231,35.0,Dollar($),35.0,3.8,Yellow,Good,3.0 - 3.9 (Moderate),185,19.86,185,3237.5
524,17677990,25.0,Dollar($),25.0,3.7,Yellow,Good,3.0 - 3.9 (Moderate),185,19.34,185,2312.5
525,17677991,10.0,Dollar($),10.0,3.8,Yellow,Good,3.0 - 3.9 (Moderate),281,21.44,281,1405.0
526,17678307,40.0,Dollar($),40.0,3.7,Yellow,Good,3.0 - 3.9 (Moderate),137,18.23,137,2740.0
527,17678276,25.0,Dollar($),25.0,3.7,Yellow,Good,3.0 - 3.9 (Moderate),209,19.78,209,2612.5
528,17678283,10.0,Dollar($),10.0,3.7,Yellow,Good,3.0 - 3.9 (Moderate),168,18.98,168,840.0
529,17678222,25.0,Dollar($),25.0,3.9,Yellow,Good,3.0 - 3.9 (Moderate),243,21.44,243,3037.5
530,17678055,40.0,Dollar($),40.0,3.8,Yellow,Good,3.0 - 3.9 (Moderate),221,20.53,221,4420.0
531,17678326,10.0,Dollar($),10.0,3.5,Yellow,Good,3.0 - 3.9 (Moderate),46,13.48,46,230.0
532,17678229,25.0,Dollar($),25.0,3.9,Yellow,Good,3.0 - 3.9 (Moderate),262,21.73,262,3275.0
533,17678097,25.0,Dollar($),25.0,3.7,Yellow,Good,3.0 - 3.9 (Moderate),183,19.3,183,2287.5
534,17678216,70.0,Dollar($),70.0,3.5,Yellow,Good,3.0 - 3.9 (Moderate),208,18.7,208,7280.0
535,17678233,25.0,Dollar($),25.0,3.8,Yellow,Good,3.0 - 3.9 (Moderate),245,20.92,245,3062.5
536,17678148,25.0,Dollar($),25.0,3.8,Yellow,Good,3.0 - 3.9 (Moderate),199,20.13,199,2487.5
537,17678291,40.0,Dollar($),40.0,3.8,Yellow,Good,3.0 - 3.9 (Moderate),225,20.6,225,4500.0
538,17678218,25.0,Dollar($),25.0,4.1,Green,Very Good,4.0 - 4.4 (High),575,26.06,575,7187.5
539,17558738,10.0,Dollar($),10.0,4.3,Green,Very Good,4.0 - 4.4 (High),88,19.3,88,440.0
540,16608209,20.0,Dollar($),20.0,3.6,Yellow,Good,3.0 - 3.9 (Moderate),96,16.47,96,960.0
541,16654702,70.0,Dollar($),70.0,4.3,Green,Very Good,4.0 - 4.4 (High),204,22.89,204,7140.0
542,17697444,10.0,Dollar($),10.0,3.2,Orange,Average,3.0 - 3.9 (Moderate),18,9.42,18,90.0
543,17696871,25.0,Dollar($),25.0,3.7,Yellow,Good,3.0 - 3.9 (Moderate),134,18.15,134,1675.0
544,17696891,10.0,Dollar($),10.0,3.9,Yellow,Good,3.0 - 3.9 (Moderate),190,20.48,190,950.0
545,17696901,10.0,Dollar($),10.0,3.8,Yellow,Good,3.0 - 3.9 (Moderate),136,18.7,136,680.0
546,17697384,25.0,Dollar($),25.0,3.7,Yellow,Good,3.0 - 3.9 (Moderate),113,17.52,113,1412.5
547,17697417,10.0,Dollar($),10.0,3.6,Yellow,Good,3.0 - 3.9 (Moderate),69,15.29,69,345.0
548,17696918,40.0,Dollar($),40.0,3.6,Yellow,Good,3.0 - 3.9 (Moderate),89,16.2,89,1780.0
549,17696920,25.0,Dollar($),25.0,3.6,Yellow,Good,3.0 - 3.9 (Moderate),80,15.82,80,1000.0
550,17697398,40.0,Dollar($),40.0,3.8,Yellow,Good,3.0 - 3.9 (Moderate),175,19.65,175,3500.0
551,17697406,10.0,Dollar($),10.0,3.7,Yellow,Good,3.0 - 3.9 (Moderate),136,18.2,136,680.0
552,17696941,25.0,Dollar($),25.0,3.6,Yellow,Good,3.0 - 3.9 (Moderate),114,17.08,114,1425.0
553,17696955,25.0,Dollar($),25.0,3.6,Yellow,Good,3.0 - 3.9 (Moderate),93,16.36,93,1162.5
554,17696957,25.0,Dollar($),25.0,3.6,Yellow,Good,3.0 - 3.9 (Moderate),89,16.2,89,1112.5
555,17697418,25.0,Dollar($),25.0,3.6,Yellow,Good,3.0 - 3.9 (Moderate),69,15.29,69,862.5
556,17697386,40.0,Dollar($),40.0,3.6,Yellow,Good,3.0 - 3.9 (Moderate),86,16.08,86,1720.0
557,17697224,10.0,Dollar($),10.0,3.7,Yellow,Good,3.0 - 3.9 (Moderate),73,15.93,73,365.0
558,17697304,25.0,Dollar($),25.0,3.6,Yellow,Good,3.0 - 3.9 (Moderate),104,16.75,104,1300.0
559,17697389,10.0,Dollar($),10.0,3.7,Yellow,Good,3.0 - 3.9 (Moderate),101,17.11,101,505.0
560,17697424,10.0,Dollar($),10.0,3.5,Yellow,Good,3.0 - 3.9 (Moderate),58,14.27,58,290.0
561,17697332,25.0,Dollar($),25.0,3.9,Yellow,Good,3.0 - 3.9 (Moderate),156,19.72,156,1950.0
562,17694056,25.0,Dollar($),25.0,3.9,Yellow,Good,3.0 - 3.9 (Moderate),156,19.72,156,1950.0
563,17559793,25.0,Dollar($),25.0,3.2,Orange,Average,3.0 - 3.9 (Moderate),16,9.07,16,200.0
564,16668008,25.0,Dollar($),25.0,3.3,Orange,Average,3.0 - 3.9 (Moderate),26,10.88,26,325.0
565,18212135,190.0,Emirati Diram(AED),51.3,4.6,Dark Green,Excellent,4.5 - 5.0 (Top Tier),207,24.55,207,5309.55
566,5704255,260.0,Emirati Diram(AED),70.2,4.6,Dark Green,Excellent,4.5 - 5.0 (Top Tier),376,27.29,564,19796.4
567,5701978,150.0,Emirati Diram(AED),40.5,4.4,Green,Very Good,4.0 - 4.4 (High),471,27.09,706,14296.5
568,5701729,70.0,Emirati Diram(AED),18.9,4.3,Green,Very Good,4.0 - 4.4 (High),224,23.29,224,2116.8
569,5704168,100.0,Emirati Diram(AED),27.0,4.2,Green,Very Good,4.0 - 4.4 (High),228,22.82,228,3078.0
570,18277098,180.0,Emirati Diram(AED),48.6,4.6,Dark Green,Excellent,4.5 - 5.0 (Top Tier),81,20.27,81,1968.3
571,5701446,230.0,Emirati Diram(AED),62.1,4.1,Green,Very Good,4.0 - 4.4 (High),422,24.79,422,13103.1
572,5700052,350.0,Emirati Diram(AED),94.5,4.4,Green,Very Good,4.0 - 4.4 (High),246,24.24,369,17435.25
573,5702418,120.0,Emirati Diram(AED),32.4,4.0,Green,Very Good,4.0 - 4.4 (High),355,23.5,532,8618.4
574,5700386,60.0,Emirati Diram(AED),16.2,3.6,Yellow,Good,3.0 - 3.9 (Moderate),268,20.14,402,3256.2
575,5704202,100.0,Emirati Diram(AED),27.0,4.5,Dark Green,Excellent,4.5 - 5.0 (Top Tier),162,22.92,243,3280.5
576,5701052,250.0,Emirati Diram(AED),67.5,4.0,Green,Very Good,4.0 - 4.4 (High),205,21.31,308,10395.0
577,5704118,50.0,Emirati Diram(AED),13.5,4.0,Green,Very Good,4.0 - 4.4 (High),277,22.51,416,2808.0
578,5701548,70.0,Emirati Diram(AED),18.9,4.0,Green,Very Good,4.0 - 4.4 (High),380,23.77,570,5386.5
579,18235425,80.0,Emirati Diram(AED),21.6,4.3,Green,Very Good,4.0 - 4.4 (High),180,22.35,270,2916.0
580,5702615,100.0,Emirati Diram(AED),27.0,4.0,Green,Very Good,4.0 - 4.4 (High),525,25.06,788,10638.0
581,5703500,330.0,Emirati Diram(AED),89.1,4.9,Dark Green,Excellent,4.5 - 5.0 (Top Tier),216,26.36,216,9622.8
582,18253896,500.0,Emirati Diram(AED),135.0,4.7,Dark Green,Excellent,4.5 - 5.0 (Top Tier),201,24.95,201,13567.5
583,5701917,250.0,Emirati Diram(AED),67.5,4.2,Green,Very Good,4.0 - 4.4 (High),435,25.53,435,14681.25
584,5702574,200.0,Emirati Diram(AED),54.0,4.6,Dark Green,Excellent,4.5 - 5.0 (Top Tier),586,29.33,586,15822.0
585,202321,280.0,Emirati Diram(AED),75.6,3.9,Yellow,Good,3.0 - 3.9 (Moderate),927,26.65,927,35040.6
586,206488,90.0,Emirati Diram(AED),24.3,4.1,Green,Very Good,4.0 - 4.4 (High),1448,29.84,2172,26389.8
587,209654,90.0,Emirati Diram(AED),24.3,4.3,Green,Very Good,4.0 - 4.4 (High),1281,30.77,1922,23352.3
588,18340881,150.0,Emirati Diram(AED),40.5,4.5,Dark Green,Excellent,4.5 - 5.0 (Top Tier),307,25.79,307,6216.75
589,18233284,200.0,Emirati Diram(AED),54.0,4.5,Dark Green,Excellent,4.5 - 5.0 (Top Tier),909,30.66,909,24543.0
590,18269368,160.0,Emirati Diram(AED),43.2,4.9,Dark Green,Excellent,4.5 - 5.0 (Top Tier),641,31.68,641,13845.6
591,18254160,500.0,Emirati Diram(AED),135.0,4.9,Dark Green,Excellent,4.5 - 5.0 (Top Tier),322,28.31,322,21735.0
592,208939,160.0,Emirati Diram(AED),43.2,4.8,Dark Green,Excellent,4.5 - 5.0 (Top Tier),2510,37.58,2510,54216.0
593,201531,300.0,Emirati Diram(AED),81.0,4.5,Dark Green,Excellent,4.5 - 5.0 (Top Tier),1388,32.56,1388,56214.0
594,208965,140.0,Emirati Diram(AED),37.8,4.5,Dark Green,Excellent,4.5 - 5.0 (Top Tier),403,27.01,604,11415.6
595,208778,100.0,Emirati Diram(AED),27.0,4.3,Green,Very Good,4.0 - 4.4 (High),1351,31.0,1351,18238.5
596,209703,160.0,Emirati Diram(AED),43.2,4.3,Green,Very Good,4.0 - 4.4 (High),661,27.93,661,14277.6
597,18381837,150.0,Emirati Diram(AED),40.5,4.4,Green,Very Good,4.0 - 4.4 (High),281,24.82,281,5690.25
598,208850,500.0,Emirati Diram(AED),135.0,4.9,Dark Green,Excellent,4.5 - 5.0 (Top Tier),1352,35.33,1352,91260.0
599,210134,150.0,Emirati Diram(AED),40.5,4.4,Green,Very Good,4.0 - 4.4 (High),552,27.79,828,16767.0
600,201044,285.0,Emirati Diram(AED),76.95,3.2,Orange,Average,3.0 - 3.9 (Moderate),506,19.93,506,19468.35
601,201340,270.0,Emirati Diram(AED),72.9,4.7,Dark Green,Excellent,4.5 - 5.0 (Top Tier),2424,36.63,2424,88354.8
602,18289126,170.0,Emirati Diram(AED),45.9,4.3,Green,Very Good,4.0 - 4.4 (High),386,25.62,386,8858.7
603,202507,250.0,Emirati Diram(AED),67.5,3.7,Yellow,Good,3.0 - 3.9 (Moderate),500,23.0,750,25312.5
604,210139,130.0,Emirati Diram(AED),35.1,4.3,Green,Very Good,4.0 - 4.4 (High),544,27.09,816,14320.8
605,5600424,85.0,Emirati Diram(AED),22.95,3.9,Yellow,Good,3.0 - 3.9 (Moderate),285,22.06,428,4911.3
606,5602751,70.0,Emirati Diram(AED),18.9,3.8,Yellow,Good,3.0 - 3.9 (Moderate),210,20.34,315,2976.75
607,5600457,120.0,Emirati Diram(AED),32.4,4.1,Green,Very Good,4.0 - 4.4 (High),372,24.28,558,9039.6
608,5600642,65.0,Emirati Diram(AED),17.55,4.3,Green,Very Good,4.0 - 4.4 (High),316,24.76,316,2772.9
609,18268134,110.0,Emirati Diram(AED),29.7,3.9,Yellow,Good,3.0 - 3.9 (Moderate),69,16.57,104,1544.4
610,18376208,40.0,Emirati Diram(AED),10.8,4.1,Green,Very Good,4.0 - 4.4 (High),33,14.46,33,178.2
611,5600959,100.0,Emirati Diram(AED),27.0,4.1,Green,Very Good,4.0 - 4.4 (High),449,25.05,674,9099.0
612,5600103,80.0,Emirati Diram(AED),21.6,4.2,Green,Very Good,4.0 - 4.4 (High),504,26.14,756,8164.8
613,5602586,90.0,Emirati Diram(AED),24.3,4.1,Green,Very Good,4.0 - 4.4 (High),192,21.58,288,3499.2
614,5600961,80.0,Emirati Diram(AED),21.6,2.4,Red,Poor,< 3.0 (Low),154,12.1,154,1663.2
615,5600960,50.0,Emirati Diram(AED),13.5,4.2,Green,Very Good,4.0 - 4.4 (High),142,20.84,142,958.5
616,5601340,60.0,Emirati Diram(AED),16.2,4.2,Green,Very Good,4.0 - 4.4 (High),444,25.61,444,3596.4
617,5600701,160.0,Emirati Diram(AED),43.2,4.2,Green,Very Good,4.0 - 4.4 (High),265,23.45,398,8596.8
618,5601404,130.0,Emirati Diram(AED),35.1,3.8,Yellow,Good,3.0 - 3.9 (Moderate),227,20.63,340,5967.0
619,5600556,250.0,Emirati Diram(AED),67.5,3.9,Yellow,Good,3.0 - 3.9 (Moderate),357,22.93,536,18090.0
620,5602055,60.0,Emirati Diram(AED),16.2,4.8,Dark Green,Excellent,4.5 - 5.0 (Top Tier),459,29.43,459,3717.9
621,5601521,250.0,Emirati Diram(AED),67.5,4.1,Green,Very Good,4.0 - 4.4 (High),197,21.68,296,9990.0
622,5602377,150.0,Emirati Diram(AED),40.5,4.5,Dark Green,Excellent,4.5 - 5.0 (Top Tier),143,22.36,143,2895.75
623,5602884,50.0,Emirati Diram(AED),13.5,3.8,Yellow,Good,3.0 - 3.9 (Moderate),12,9.75,12,81.0
624,5602942,110.0,Emirati Diram(AED),29.7,4.2,Green,Very Good,4.0 - 4.4 (High),43,15.89,43,638.55
625,3400025,850.0,Indian Rupees(Rs.),10.2,3.9,Yellow,Good,3.0 - 3.9 (Moderate),140,19.3,140,714.0
626,3400341,700.0,Indian Rupees(Rs.),8.4,3.5,Yellow,Good,3.0 - 3.9 (Moderate),71,14.97,71,298.2
627,3400005,500.0,Indian Rupees(Rs.),6.0,3.6,Yellow,Good,3.0 - 3.9 (Moderate),94,16.39,94,282.0
628,3400021,400.0,Indian Rupees(Rs.),4.8,4.0,Green,Very Good,4.0 - 4.4 (High),87,17.91,87,208.8
629,3400017,1000.0,Indian Rupees(Rs.),12.0,4.2,Green,Very Good,4.0 - 4.4 (High),177,21.76,177,1062.0
630,3400325,2000.0,Indian Rupees(Rs.),24.0,4.0,Green,Very Good,4.0 - 4.4 (High),45,15.31,45,540.0
631,3400059,2500.0,Indian Rupees(Rs.),30.0,4.3,Green,Very Good,4.0 - 4.4 (High),133,21.06,133,1995.0
632,3400060,2500.0,Indian Rupees(Rs.),30.0,4.0,Green,Very Good,4.0 - 4.4 (High),41,14.95,41,615.0
633,3400348,800.0,Indian Rupees(Rs.),9.6,3.6,Yellow,Good,3.0 - 3.9 (Moderate),59,14.74,59,283.2
634,3400072,3600.0,Indian Rupees(Rs.),43.2,3.8,Yellow,Good,3.0 - 3.9 (Moderate),46,14.63,46,993.6
635,3400073,0.0,Indian Rupees(Rs.),0.0,3.9,Yellow,Good,3.0 - 3.9 (Moderate),103,18.11,103,0.0
636,3400019,550.0,Indian Rupees(Rs.),6.6,4.1,Green,Very Good,4.0 - 4.4 (High),121,19.7,121,399.3
637,3400033,1100.0,Indian Rupees(Rs.),13.2,3.4,Orange,Average,3.0 - 3.9 (Moderate),70,14.49,70,462.0
638,3400346,0.0,Indian Rupees(Rs.),0.0,4.9,Dark Green,Excellent,4.5 - 5.0 (Top Tier),77,21.35,77,0.0
639,3400350,1500.0,Indian Rupees(Rs.),18.0,3.8,Yellow,Good,3.0 - 3.9 (Moderate),57,15.43,57,513.0
640,3400391,0.0,Indian Rupees(Rs.),0.0,3.9,Yellow,Good,3.0 - 3.9 (Moderate),98,17.92,98,0.0
641,3400016,900.0,Indian Rupees(Rs.),10.8,3.7,Yellow,Good,3.0 - 3.9 (Moderate),175,19.13,175,945.0
642,3400105,700.0,Indian Rupees(Rs.),8.4,4.4,Green,Very Good,4.0 - 4.4 (High),134,21.58,134,562.8
643,3400326,1000.0,Indian Rupees(Rs.),12.0,4.2,Green,Very Good,4.0 - 4.4 (High),166,21.5,166,996.0
644,3400392,700.0,Indian Rupees(Rs.),8.4,4.1,Green,Very Good,4.0 - 4.4 (High),168,21.03,168,705.6
645,111895,900.0,Indian Rupees(Rs.),10.8,4.2,Green,Very Good,4.0 - 4.4 (High),1582,30.94,1582,8542.8
646,110502,1800.0,Indian Rupees(Rs.),21.6,3.7,Yellow,Good,3.0 - 3.9 (Moderate),1315,26.57,1315,14202.0
647,18396250,300.0,Indian Rupees(Rs.),3.6,4.5,Dark Green,Excellent,4.5 - 5.0 (Top Tier),217,24.23,326,586.8
648,113702,800.0,Indian Rupees(Rs.),9.6,4.1,Green,Very Good,4.0 - 4.4 (High),769,27.25,769,3691.2
649,113433,900.0,Indian Rupees(Rs.),10.8,4.3,Green,Very Good,4.0 - 4.4 (High),731,28.36,1096,5918.4
650,18438909,500.0,Indian Rupees(Rs.),6.0,4.4,Green,Very Good,4.0 - 4.4 (High),113,20.84,170,510.0
651,18143128,1000.0,Indian Rupees(Rs.),12.0,4.4,Green,Very Good,4.0 - 4.4 (High),944,30.15,1416,8496.0
652,18438944,1000.0,Indian Rupees(Rs.),12.0,3.8,Yellow,Good,3.0 - 3.9 (Moderate),63,15.8,94,564.0
653,110436,1400.0,Indian Rupees(Rs.),16.8,3.6,Yellow,Good,3.0 - 3.9 (Moderate),375,21.35,375,3150.0
654,18385201,350.0,Indian Rupees(Rs.),4.2,4.6,Dark Green,Excellent,4.5 - 5.0 (Top Tier),166,23.54,166,348.6
655,110395,450.0,Indian Rupees(Rs.),5.4,4.4,Green,Very Good,4.0 - 4.4 (High),697,28.81,697,1881.9
656,18335583,900.0,Indian Rupees(Rs.),10.8,4.3,Green,Very Good,4.0 - 4.4 (High),325,24.88,325,1755.0
657,110237,600.0,Indian Rupees(Rs.),7.2,3.8,Yellow,Good,3.0 - 3.9 (Moderate),432,23.07,648,2332.8
658,113537,700.0,Indian Rupees(Rs.),8.4,4.3,Green,Very Good,4.0 - 4.4 (High),744,28.44,1116,4687.2
659,113703,700.0,Indian Rupees(Rs.),8.4,4.0,Green,Very Good,4.0 - 4.4 (High),404,24.02,606,2545.2
660,18385186,600.0,Indian Rupees(Rs.),7.2,4.4,Green,Very Good,4.0 - 4.4 (High),317,25.35,476,1713.6
661,113325,950.0,Indian Rupees(Rs.),11.4,4.5,Dark Green,Excellent,4.5 - 5.0 (Top Tier),1138,31.67,1707,9729.9
662,111826,1200.0,Indian Rupees(Rs.),14.4,4.1,Green,Very Good,4.0 - 4.4 (High),1041,28.49,1041,7495.2
663,110516,1200.0,Indian Rupees(Rs.),14.4,4.1,Green,Very Good,4.0 - 4.4 (High),192,21.58,192,1382.4
664,18371341,550.0,Indian Rupees(Rs.),6.6,3.9,Yellow,Good,3.0 - 3.9 (Moderate),166,19.96,249,821.7
665,113570,1200.0,Indian Rupees(Rs.),14.4,4.0,Green,Very Good,4.0 - 4.4 (High),535,25.14,535,3852.0
666,2400020,500.0,Indian Rupees(Rs.),6.0,3.4,Orange,Average,3.0 - 3.9 (Moderate),57,13.81,57,171.0
667,2400148,350.0,Indian Rupees(Rs.),4.2,3.3,Orange,Average,3.0 - 3.9 (Moderate),76,14.33,76,159.6
668,2400019,500.0,Indian Rupees(Rs.),6.0,3.2,Orange,Average,3.0 - 3.9 (Moderate),51,12.64,51,153.0
669,2400193,600.0,Indian Rupees(Rs.),7.2,3.4,Orange,Average,3.0 - 3.9 (Moderate),99,15.66,99,356.4
670,2400027,600.0,Indian Rupees(Rs.),7.2,3.4,Orange,Average,3.0 - 3.9 (Moderate),83,15.06,83,298.8
671,17960073,600.0,Indian Rupees(Rs.),7.2,3.4,Orange,Average,3.0 - 3.9 (Moderate),18,10.01,18,64.8
672,2400119,500.0,Indian Rupees(Rs.),6.0,3.4,Orange,Average,3.0 - 3.9 (Moderate),58,13.86,58,174.0
673,2400014,400.0,Indian Rupees(Rs.),4.8,3.3,Orange,Average,3.0 - 3.9 (Moderate),53,13.16,53,127.2
674,2400403,800.0,Indian Rupees(Rs.),9.6,3.2,Orange,Average,3.0 - 3.9 (Moderate),6,6.23,6,28.8
675,2400349,700.0,Indian Rupees(Rs.),8.4,3.4,Orange,Average,3.0 - 3.9 (Moderate),35,12.18,35,147.0
676,2400279,400.0,Indian Rupees(Rs.),4.8,3.4,Orange,Average,3.0 - 3.9 (Moderate),32,11.89,32,76.8
677,2400017,500.0,Indian Rupees(Rs.),6.0,3.2,Orange,Average,3.0 - 3.9 (Moderate),151,16.08,151,453.0
678,18317988,0.0,Indian Rupees(Rs.),0.0,3.3,Orange,Average,3.0 - 3.9 (Moderate),49,12.91,49,0.0
679,2400144,500.0,Indian Rupees(Rs.),6.0,3.4,Orange,Average,3.0 - 3.9 (Moderate),106,15.89,106,318.0
680,2400195,1000.0,Indian Rupees(Rs.),12.0,3.6,Yellow,Good,3.0 - 3.9 (Moderate),59,14.74,59,354.0
681,2400052,200.0,Indian Rupees(Rs.),2.4,3.7,Yellow,Good,3.0 - 3.9 (Moderate),105,17.25,105,126.0
682,2400016,500.0,Indian Rupees(Rs.),6.0,3.5,Yellow,Good,3.0 - 3.9 (Moderate),105,16.32,105,315.0
683,2400293,500.0,Indian Rupees(Rs.),6.0,3.6,Yellow,Good,3.0 - 3.9 (Moderate),57,14.62,57,171.0
684,2400009,400.0,Indian Rupees(Rs.),4.8,3.5,Yellow,Good,3.0 - 3.9 (Moderate),134,17.17,134,321.6
685,2400010,800.0,Indian Rupees(Rs.),9.6,3.3,Orange,Average,3.0 - 3.9 (Moderate),58,13.46,58,278.4
686,2200011,700.0,Indian Rupees(Rs.),8.4,3.4,Orange,Average,3.0 - 3.9 (Moderate),345,19.88,345,1449.0
687,2200078,300.0,Indian Rupees(Rs.),3.6,3.9,Yellow,Good,3.0 - 3.9 (Moderate),151,19.59,151,271.8
688,18204507,100.0,Indian Rupees(Rs.),1.2,4.0,Green,Very Good,4.0 - 4.4 (High),52,15.88,52,31.2
689,2200030,800.0,Indian Rupees(Rs.),9.6,3.4,Orange,Average,3.0 - 3.9 (Moderate),122,16.36,122,585.6
690,2200201,150.0,Indian Rupees(Rs.),1.8,3.6,Yellow,Good,3.0 - 3.9 (Moderate),56,14.55,56,50.4
691,2200067,300.0,Indian Rupees(Rs.),3.6,3.5,Yellow,Good,3.0 - 3.9 (Moderate),91,15.83,91,163.8
692,2200358,500.0,Indian Rupees(Rs.),6.0,3.4,Orange,Average,3.0 - 3.9 (Moderate),26,11.21,26,78.0
693,2200001,1200.0,Indian Rupees(Rs.),14.4,3.4,Orange,Average,3.0 - 3.9 (Moderate),98,15.62,98,705.6
694,2200033,400.0,Indian Rupees(Rs.),4.8,3.5,Yellow,Good,3.0 - 3.9 (Moderate),111,16.51,111,266.4
695,2200283,700.0,Indian Rupees(Rs.),8.4,3.6,Yellow,Good,3.0 - 3.9 (Moderate),51,14.22,51,214.2
696,2200045,200.0,Indian Rupees(Rs.),2.4,3.9,Yellow,Good,3.0 - 3.9 (Moderate),206,20.8,206,247.2
697,2200149,600.0,Indian Rupees(Rs.),7.2,3.4,Orange,Average,3.0 - 3.9 (Moderate),44,12.94,44,158.4
698,2200043,500.0,Indian Rupees(Rs.),6.0,3.7,Yellow,Good,3.0 - 3.9 (Moderate),94,16.85,94,282.0
699,2200044,500.0,Indian Rupees(Rs.),6.0,3.5,Yellow,Good,3.0 - 3.9 (Moderate),461,21.47,461,1383.0
700,2200132,500.0,Indian Rupees(Rs.),6.0,3.8,Yellow,Good,3.0 - 3.9 (Moderate),276,21.37,276,828.0
701,2200236,400.0,Indian Rupees(Rs.),4.8,3.8,Yellow,Good,3.0 - 3.9 (Moderate),71,16.25,71,170.4
702,2200175,100.0,Indian Rupees(Rs.),1.2,4.1,Green,Very Good,4.0 - 4.4 (High),104,19.08,104,62.4
703,2200000,500.0,Indian Rupees(Rs.),6.0,4.1,Green,Very Good,4.0 - 4.4 (High),878,27.79,878,2634.0
704,2200055,500.0,Indian Rupees(Rs.),6.0,3.8,Yellow,Good,3.0 - 3.9 (Moderate),192,20.0,192,576.0
705,2200034,1000.0,Indian Rupees(Rs.),12.0,3.5,Yellow,Good,3.0 - 3.9 (Moderate),96,16.01,96,576.0
706,2200153,150.0,Indian Rupees(Rs.),1.8,4.1,Green,Very Good,4.0 - 4.4 (High),140,20.29,140,126.0
707,2500023,800.0,Indian Rupees(Rs.),9.6,3.6,Yellow,Good,3.0 - 3.9 (Moderate),240,19.75,240,1152.0
708,2500076,850.0,Indian Rupees(Rs.),10.2,3.3,Orange,Average,3.0 - 3.9 (Moderate),65,13.83,65,331.5
709,2500054,600.0,Indian Rupees(Rs.),7.2,3.3,Orange,Average,3.0 - 3.9 (Moderate),63,13.72,63,226.8
710,2500134,700.0,Indian Rupees(Rs.),8.4,3.1,Orange,Average,3.0 - 3.9 (Moderate),19,9.29,19,79.8
711,2500069,350.0,Indian Rupees(Rs.),4.2,3.4,Orange,Average,3.0 - 3.9 (Moderate),46,13.09,46,96.6
712,2500256,450.0,Indian Rupees(Rs.),5.4,3.4,Orange,Average,3.0 - 3.9 (Moderate),75,14.72,75,202.5
713,2500024,1800.0,Indian Rupees(Rs.),21.6,3.4,Orange,Average,3.0 - 3.9 (Moderate),94,15.48,94,1015.2
714,2500075,500.0,Indian Rupees(Rs.),6.0,3.3,Orange,Average,3.0 - 3.9 (Moderate),47,12.77,47,141.0
715,2500029,500.0,Indian Rupees(Rs.),6.0,3.4,Orange,Average,3.0 - 3.9 (Moderate),71,14.54,71,213.0
716,2500079,1000.0,Indian Rupees(Rs.),12.0,3.6,Yellow,Good,3.0 - 3.9 (Moderate),73,15.49,73,438.0
717,2500343,300.0,Indian Rupees(Rs.),3.6,3.5,Yellow,Good,3.0 - 3.9 (Moderate),21,10.82,21,37.8
718,2500052,400.0,Indian Rupees(Rs.),4.8,3.3,Orange,Average,3.0 - 3.9 (Moderate),46,12.71,46,110.4
719,2500062,700.0,Indian Rupees(Rs.),8.4,3.3,Orange,Average,3.0 - 3.9 (Moderate),45,12.63,45,189.0
720,2500056,450.0,Indian Rupees(Rs.),5.4,3.4,Orange,Average,3.0 - 3.9 (Moderate),34,12.09,34,91.8
721,2500030,450.0,Indian Rupees(Rs.),5.4,3.7,Yellow,Good,3.0 - 3.9 (Moderate),89,16.65,89,240.3
722,2500390,400.0,Indian Rupees(Rs.),4.8,3.2,Orange,Average,3.0 - 3.9 (Moderate),8,7.03,8,19.2
723,2500007,650.0,Indian Rupees(Rs.),7.8,3.4,Orange,Average,3.0 - 3.9 (Moderate),39,12.54,39,152.1
724,2500123,600.0,Indian Rupees(Rs.),7.2,3.3,Orange,Average,3.0 - 3.9 (Moderate),74,14.25,74,266.4
725,2500122,450.0,Indian Rupees(Rs.),5.4,3.3,Orange,Average,3.0 - 3.9 (Moderate),76,14.33,76,205.2
726,2500346,500.0,Indian Rupees(Rs.),6.0,3.3,Orange,Average,3.0 - 3.9 (Moderate),71,14.11,71,213.0
727,50943,1300.0,Indian Rupees(Rs.),15.6,4.1,Green,Very Good,4.0 - 4.4 (High),2416,31.94,3624,28267.2
728,58268,2400.0,Indian Rupees(Rs.),28.8,4.7,Dark Green,Excellent,4.5 - 5.0 (Top Tier),2369,36.52,3554,51177.6
729,51705,2000.0,Indian Rupees(Rs.),24.0,4.8,Dark Green,Excellent,4.5 - 5.0 (Top Tier),10934,44.64,10934,131208.0
730,18162866,1300.0,Indian Rupees(Rs.),15.6,3.9,Yellow,Good,3.0 - 3.9 (Moderate),1354,28.13,1354,10561.2
731,18407918,1500.0,Indian Rupees(Rs.),18.0,4.2,Green,Very Good,4.0 - 4.4 (High),231,22.88,346,3114.0
732,56464,800.0,Indian Rupees(Rs.),9.6,4.0,Green,Very Good,4.0 - 4.4 (High),3533,32.68,3533,16958.4
733,18221572,600.0,Indian Rupees(Rs.),7.2,4.3,Green,Very Good,4.0 - 4.4 (High),1413,31.19,2120,7632.0
734,18359919,600.0,Indian Rupees(Rs.),7.2,4.6,Dark Green,Excellent,4.5 - 5.0 (Top Tier),781,30.64,781,2811.6
735,18439634,950.0,Indian Rupees(Rs.),11.4,4.7,Dark Green,Excellent,4.5 - 5.0 (Top Tier),276,26.43,276,1573.2
736,51040,800.0,Indian Rupees(Rs.),9.6,4.7,Dark Green,Excellent,4.5 - 5.0 (Top Tier),9667,43.13,14500,69600.0
737,54162,1400.0,Indian Rupees(Rs.),16.8,4.1,Green,Very Good,4.0 - 4.4 (High),5385,35.23,5385,45234.0
738,18305628,400.0,Indian Rupees(Rs.),4.8,4.3,Green,Very Good,4.0 - 4.4 (High),753,28.49,1130,2712.0
739,18385443,1500.0,Indian Rupees(Rs.),18.0,4.5,Dark Green,Excellent,4.5 - 5.0 (Top Tier),1288,32.23,1288,11592.0
740,56618,1400.0,Indian Rupees(Rs.),16.8,4.6,Dark Green,Excellent,4.5 - 5.0 (Top Tier),6907,40.67,6907,58018.8
741,18353121,1200.0,Indian Rupees(Rs.),14.4,4.4,Green,Very Good,4.0 - 4.4 (High),983,30.32,983,7077.6
742,18366652,600.0,Indian Rupees(Rs.),7.2,4.6,Dark Green,Excellent,4.5 - 5.0 (Top Tier),627,29.64,627,2257.2
743,18430785,1200.0,Indian Rupees(Rs.),14.4,4.2,Green,Very Good,4.0 - 4.4 (High),334,24.42,334,2404.8
744,58882,1800.0,Indian Rupees(Rs.),21.6,4.5,Dark Green,Excellent,4.5 - 5.0 (Top Tier),5705,38.92,8558,92426.4
745,18422898,1400.0,Indian Rupees(Rs.),16.8,3.9,Yellow,Good,3.0 - 3.9 (Moderate),405,23.42,405,3402.0
746,18339874,1500.0,Indian Rupees(Rs.),18.0,4.4,Green,Very Good,4.0 - 4.4 (High),754,29.16,754,6786.0
747,2600472,200.0,Indian Rupees(Rs.),2.4,3.3,Orange,Average,3.0 - 3.9 (Moderate),51,13.04,51,61.2
748,2600514,600.0,Indian Rupees(Rs.),7.2,3.4,Orange,Average,3.0 - 3.9 (Moderate),63,14.14,63,226.8
749,2600109,250.0,Indian Rupees(Rs.),3.0,4.9,Dark Green,Excellent,4.5 - 5.0 (Top Tier),427,29.69,427,640.5
750,2600311,700.0,Indian Rupees(Rs.),8.4,3.9,Yellow,Good,3.0 - 3.9 (Moderate),126,18.89,126,529.2
751,2600008,500.0,Indian Rupees(Rs.),6.0,4.2,Green,Very Good,4.0 - 4.4 (High),223,22.73,223,669.0
752,2600031,1000.0,Indian Rupees(Rs.),12.0,4.0,Green,Very Good,4.0 - 4.4 (High),257,22.21,257,1542.0
753,2600250,1000.0,Indian Rupees(Rs.),12.0,4.0,Green,Very Good,4.0 - 4.4 (High),103,18.58,103,618.0
754,2600025,650.0,Indian Rupees(Rs.),7.8,4.1,Green,Very Good,4.0 - 4.4 (High),118,19.59,118,460.2
755,2600494,600.0,Indian Rupees(Rs.),7.2,3.8,Yellow,Good,3.0 - 3.9 (Moderate),98,17.46,98,352.8
756,18108352,500.0,Indian Rupees(Rs.),6.0,3.8,Yellow,Good,3.0 - 3.9 (Moderate),33,13.4,33,99.0
757,2600079,550.0,Indian Rupees(Rs.),6.6,3.5,Yellow,Good,3.0 - 3.9 (Moderate),175,18.1,175,577.5
758,2600340,500.0,Indian Rupees(Rs.),6.0,3.6,Yellow,Good,3.0 - 3.9 (Moderate),111,16.99,111,333.0
759,18461339,350.0,Indian Rupees(Rs.),4.2,3.6,Yellow,Good,3.0 - 3.9 (Moderate),20,10.96,20,42.0
760,2600010,500.0,Indian Rupees(Rs.),6.0,4.1,Green,Very Good,4.0 - 4.4 (High),103,19.04,103,309.0
761,2600230,400.0,Indian Rupees(Rs.),4.8,4.4,Green,Very Good,4.0 - 4.4 (High),243,24.19,243,583.2
762,2600003,400.0,Indian Rupees(Rs.),4.8,4.1,Green,Very Good,4.0 - 4.4 (High),238,22.45,238,571.2
763,2600303,1800.0,Indian Rupees(Rs.),21.6,4.3,Green,Very Good,4.0 - 4.4 (High),128,20.9,128,1382.4
764,2600180,500.0,Indian Rupees(Rs.),6.0,3.9,Yellow,Good,3.0 - 3.9 (Moderate),161,19.84,161,483.0
765,2600393,900.0,Indian Rupees(Rs.),10.8,3.8,Yellow,Good,3.0 - 3.9 (Moderate),79,16.65,79,426.6
766,2600007,500.0,Indian Rupees(Rs.),6.0,4.3,Green,Very Good,4.0 - 4.4 (High),120,20.62,120,360.0
767,2900587,500.0,Indian Rupees(Rs.),6.0,3.9,Yellow,Good,3.0 - 3.9 (Moderate),289,22.11,289,867.0
768,2900354,550.0,Indian Rupees(Rs.),6.6,4.1,Green,Very Good,4.0 - 4.4 (High),379,24.35,379,1250.7
769,2900633,1200.0,Indian Rupees(Rs.),14.4,4.6,Dark Green,Excellent,4.5 - 5.0 (Top Tier),154,23.2,154,1108.8
770,18408676,600.0,Indian Rupees(Rs.),7.2,4.5,Dark Green,Excellent,4.5 - 5.0 (Top Tier),145,22.43,145,522.0
771,2900234,500.0,Indian Rupees(Rs.),6.0,3.9,Yellow,Good,3.0 - 3.9 (Moderate),247,21.5,247,741.0
772,2900550,500.0,Indian Rupees(Rs.),6.0,4.0,Green,Very Good,4.0 - 4.4 (High),145,19.93,145,435.0
773,18362677,850.0,Indian Rupees(Rs.),10.2,3.7,Yellow,Good,3.0 - 3.9 (Moderate),118,17.68,118,601.8
774,2900044,1400.0,Indian Rupees(Rs.),16.8,4.1,Green,Very Good,4.0 - 4.4 (High),256,22.75,256,2150.4
775,2900469,450.0,Indian Rupees(Rs.),5.4,3.6,Yellow,Good,3.0 - 3.9 (Moderate),173,18.57,173,467.1
776,2900219,600.0,Indian Rupees(Rs.),7.2,3.8,Yellow,Good,3.0 - 3.9 (Moderate),424,23.0,424,1526.4
777,2900473,450.0,Indian Rupees(Rs.),5.4,3.7,Yellow,Good,3.0 - 3.9 (Moderate),338,21.56,338,912.6
778,2900020,500.0,Indian Rupees(Rs.),6.0,3.7,Yellow,Good,3.0 - 3.9 (Moderate),228,20.1,228,684.0
779,2900562,450.0,Indian Rupees(Rs.),5.4,3.8,Yellow,Good,3.0 - 3.9 (Moderate),253,21.04,253,683.1
780,18413814,900.0,Indian Rupees(Rs.),10.8,4.0,Green,Very Good,4.0 - 4.4 (High),90,18.04,90,486.0
781,18235390,400.0,Indian Rupees(Rs.),4.8,4.0,Green,Very Good,4.0 - 4.4 (High),197,21.15,197,472.8
782,2900640,800.0,Indian Rupees(Rs.),9.6,4.3,Green,Very Good,4.0 - 4.4 (High),69,18.27,69,331.2
783,18271459,300.0,Indian Rupees(Rs.),3.6,4.1,Green,Very Good,4.0 - 4.4 (High),199,21.72,199,358.2
784,18377283,500.0,Indian Rupees(Rs.),6.0,3.8,Yellow,Good,3.0 - 3.9 (Moderate),56,15.36,56,168.0
785,18408600,900.0,Indian Rupees(Rs.),10.8,4.2,Green,Very Good,4.0 - 4.4 (High),49,16.43,49,264.6
786,2900012,1500.0,Indian Rupees(Rs.),18.0,4.3,Green,Very Good,4.0 - 4.4 (High),345,25.14,345,3105.0
787,18436042,400.0,Indian Rupees(Rs.),4.8,3.5,Yellow,Good,3.0 - 3.9 (Moderate),89,15.75,89,213.6
788,122003,850.0,Indian Rupees(Rs.),10.2,3.7,Yellow,Good,3.0 - 3.9 (Moderate),665,24.05,998,5089.8
789,121552,1600.0,Indian Rupees(Rs.),19.2,4.2,Green,Very Good,4.0 - 4.4 (High),676,27.37,676,6489.6
790,121214,1400.0,Indian Rupees(Rs.),16.8,4.3,Green,Very Good,4.0 - 4.4 (High),970,29.58,1455,12222.0
791,121553,1600.0,Indian Rupees(Rs.),19.2,4.1,Green,Very Good,4.0 - 4.4 (High),300,23.4,300,2880.0
792,121312,1400.0,Indian Rupees(Rs.),16.8,4.0,Green,Very Good,4.0 - 4.4 (High),428,24.25,428,3595.2
793,121335,1200.0,Indian Rupees(Rs.),14.4,4.0,Green,Very Good,4.0 - 4.4 (High),1022,27.72,1022,7358.4
794,120014,1300.0,Indian Rupees(Rs.),15.6,4.5,Dark Green,Excellent,4.5 - 5.0 (Top Tier),1450,32.76,1450,11310.0
795,123125,1800.0,Indian Rupees(Rs.),21.6,4.3,Green,Very Good,4.0 - 4.4 (High),228,23.37,228,2462.4
796,120221,700.0,Indian Rupees(Rs.),8.4,3.8,Yellow,Good,3.0 - 3.9 (Moderate),982,26.18,982,4124.4
797,122064,1000.0,Indian Rupees(Rs.),12.0,3.4,Orange,Average,3.0 - 3.9 (Moderate),502,21.15,753,4518.0
798,120203,650.0,Indian Rupees(Rs.),7.8,4.1,Green,Very Good,4.0 - 4.4 (High),698,26.85,698,2722.2
799,120219,650.0,Indian Rupees(Rs.),7.8,4.1,Green,Very Good,4.0 - 4.4 (High),397,24.54,397,1548.3
800,121425,450.0,Indian Rupees(Rs.),5.4,4.0,Green,Very Good,4.0 - 4.4 (High),265,22.33,398,1074.6
801,123010,600.0,Indian Rupees(Rs.),7.2,4.2,Green,Very Good,4.0 - 4.4 (High),252,23.24,378,1360.8
802,123294,800.0,Indian Rupees(Rs.),9.6,3.3,Orange,Average,3.0 - 3.9 (Moderate),86,14.74,86,412.8
803,121120,2200.0,Indian Rupees(Rs.),26.4,4.4,Green,Very Good,4.0 - 4.4 (High),817,29.51,817,10784.4
804,122940,500.0,Indian Rupees(Rs.),6.0,4.5,Dark Green,Excellent,4.5 - 5.0 (Top Tier),249,24.85,374,1122.0
805,122830,600.0,Indian Rupees(Rs.),7.2,4.0,Green,Very Good,4.0 - 4.4 (High),356,23.51,356,1281.6
806,69024,800.0,Indian Rupees(Rs.),9.6,4.2,Green,Very Good,4.0 - 4.4 (High),1810,31.51,2715,13032.0
807,72475,800.0,Indian Rupees(Rs.),9.6,3.8,Yellow,Good,3.0 - 3.9 (Moderate),519,23.76,778,3734.4
808,70431,750.0,Indian Rupees(Rs.),9.0,4.4,Green,Very Good,4.0 - 4.4 (High),1504,32.19,2256,10152.0
809,71443,850.0,Indian Rupees(Rs.),10.2,4.2,Green,Very Good,4.0 - 4.4 (High),841,28.29,1262,6436.2
810,73088,1700.0,Indian Rupees(Rs.),20.4,4.8,Dark Green,Excellent,4.5 - 5.0 (Top Tier),1262,34.28,1893,19308.6
811,18423075,450.0,Indian Rupees(Rs.),5.4,4.2,Green,Very Good,4.0 - 4.4 (High),191,22.08,286,772.2
812,70890,350.0,Indian Rupees(Rs.),4.2,4.6,Dark Green,Excellent,4.5 - 5.0 (Top Tier),1510,33.67,1510,3171.0
813,71492,1100.0,Indian Rupees(Rs.),13.2,4.1,Green,Very Good,4.0 - 4.4 (High),1004,28.34,1004,6626.4
814,70092,1500.0,Indian Rupees(Rs.),18.0,4.0,Green,Very Good,4.0 - 4.4 (High),1820,30.03,2730,24570.0
815,70393,1200.0,Indian Rupees(Rs.),14.4,4.6,Dark Green,Excellent,4.5 - 5.0 (Top Tier),1753,34.36,2630,18936.0
816,70894,1000.0,Indian Rupees(Rs.),12.0,4.2,Green,Very Good,4.0 - 4.4 (High),1714,31.28,1714,10284.0
817,73279,900.0,Indian Rupees(Rs.),10.8,3.8,Yellow,Good,3.0 - 3.9 (Moderate),1317,27.3,1976,10670.4
818,69951,1200.0,Indian Rupees(Rs.),14.4,4.3,Green,Very Good,4.0 - 4.4 (High),1607,31.75,2410,17352.0
819,72497,850.0,Indian Rupees(Rs.),10.2,4.4,Green,Very Good,4.0 - 4.4 (High),645,28.47,968,4936.8
820,65413,850.0,Indian Rupees(Rs.),10.2,4.3,Green,Very Good,4.0 - 4.4 (High),742,28.43,1113,5676.3
821,70497,1500.0,Indian Rupees(Rs.),18.0,4.5,Dark Green,Excellent,4.5 - 5.0 (Top Tier),1210,31.95,1815,16335.0
822,65055,2000.0,Indian Rupees(Rs.),24.0,4.4,Green,Very Good,4.0 - 4.4 (High),3848,36.32,3848,46176.0
823,18384227,1600.0,Indian Rupees(Rs.),19.2,4.9,Dark Green,Excellent,4.5 - 5.0 (Top Tier),859,33.11,859,8246.4
824,72604,1400.0,Indian Rupees(Rs.),16.8,4.6,Dark Green,Excellent,4.5 - 5.0 (Top Tier),1267,32.87,1267,10642.8
825,66457,900.0,Indian Rupees(Rs.),10.8,4.0,Green,Very Good,4.0 - 4.4 (High),2272,30.92,2272,12268.8
826,18260777,800.0,Indian Rupees(Rs.),9.6,4.6,Dark Green,Excellent,4.5 - 5.0 (Top Tier),202,24.44,303,1454.4
827,3000107,600.0,Indian Rupees(Rs.),7.2,3.9,Yellow,Good,3.0 - 3.9 (Moderate),318,22.48,318,1144.8
828,3000132,400.0,Indian Rupees(Rs.),4.8,3.8,Yellow,Good,3.0 - 3.9 (Moderate),124,18.35,186,446.4
829,3000122,600.0,Indian Rupees(Rs.),7.2,3.5,Yellow,Good,3.0 - 3.9 (Moderate),274,19.66,411,1479.6
830,3001032,500.0,Indian Rupees(Rs.),6.0,4.3,Green,Very Good,4.0 - 4.4 (High),147,21.49,147,441.0
831,3000021,1200.0,Indian Rupees(Rs.),14.4,4.1,Green,Very Good,4.0 - 4.4 (High),243,22.54,364,2620.8
832,18434000,450.0,Indian Rupees(Rs.),5.4,3.8,Yellow,Good,3.0 - 3.9 (Moderate),24,12.23,24,64.8
833,3000195,350.0,Indian Rupees(Rs.),4.2,4.5,Dark Green,Excellent,4.5 - 5.0 (Top Tier),380,26.74,380,798.0
834,3000126,1200.0,Indian Rupees(Rs.),14.4,3.8,Yellow,Good,3.0 - 3.9 (Moderate),221,20.53,221,1591.2
835,18280306,700.0,Indian Rupees(Rs.),8.4,3.9,Yellow,Good,3.0 - 3.9 (Moderate),85,17.37,128,537.6
836,3001489,1200.0,Indian Rupees(Rs.),14.4,4.2,Green,Very Good,4.0 - 4.4 (High),40,15.6,40,288.0
837,3000770,600.0,Indian Rupees(Rs.),7.2,4.0,Green,Very Good,4.0 - 4.4 (High),132,19.56,198,712.8
838,3000062,1000.0,Indian Rupees(Rs.),12.0,4.0,Green,Very Good,4.0 - 4.4 (High),203,21.27,203,1218.0
839,3000016,1500.0,Indian Rupees(Rs.),18.0,4.0,Green,Very Good,4.0 - 4.4 (High),215,21.5,215,1935.0
840,3000014,400.0,Indian Rupees(Rs.),4.8,4.3,Green,Very Good,4.0 - 4.4 (High),225,23.31,225,540.0
841,3000001,1400.0,Indian Rupees(Rs.),16.8,4.2,Green,Very Good,4.0 - 4.4 (High),299,23.96,299,2511.6
842,3001321,350.0,Indian Rupees(Rs.),4.2,4.9,Dark Green,Excellent,4.5 - 5.0 (Top Tier),200,25.99,300,630.0
843,3000996,700.0,Indian Rupees(Rs.),8.4,4.2,Green,Very Good,4.0 - 4.4 (High),221,22.69,221,928.2
844,3001065,300.0,Indian Rupees(Rs.),3.6,4.3,Green,Very Good,4.0 - 4.4 (High),161,21.88,161,289.8
845,3000048,1400.0,Indian Rupees(Rs.),16.8,4.4,Green,Very Good,4.0 - 4.4 (High),505,27.4,505,4242.0
846,3500012,800.0,Indian Rupees(Rs.),9.6,3.6,Yellow,Good,3.0 - 3.9 (Moderate),102,16.69,102,489.6
847,3500007,500.0,Indian Rupees(Rs.),6.0,3.8,Yellow,Good,3.0 - 3.9 (Moderate),115,18.06,115,345.0
848,3500017,650.0,Indian Rupees(Rs.),7.8,3.9,Yellow,Good,3.0 - 3.9 (Moderate),141,19.33,141,549.9
849,3500018,1000.0,Indian Rupees(Rs.),12.0,3.9,Yellow,Good,3.0 - 3.9 (Moderate),173,20.12,173,1038.0
850,3500011,750.0,Indian Rupees(Rs.),9.0,4.2,Green,Very Good,4.0 - 4.4 (High),406,25.24,406,1827.0
851,18416632,1500.0,Indian Rupees(Rs.),18.0,4.9,Dark Green,Excellent,4.5 - 5.0 (Top Tier),50,19.27,50,450.0
852,18279289,0.0,Indian Rupees(Rs.),0.0,4.3,Green,Very Good,4.0 - 4.4 (High),63,17.88,63,0.0
853,18408585,1250.0,Indian Rupees(Rs.),15.0,4.0,Green,Very Good,4.0 - 4.4 (High),98,18.38,98,735.0
854,3500059,550.0,Indian Rupees(Rs.),6.6,3.8,Yellow,Good,3.0 - 3.9 (Moderate),230,20.68,230,759.0
855,3500081,500.0,Indian Rupees(Rs.),6.0,4.0,Green,Very Good,4.0 - 4.4 (High),94,18.22,94,282.0
856,17971273,350.0,Indian Rupees(Rs.),4.2,4.1,Green,Very Good,4.0 - 4.4 (High),64,17.11,64,134.4
857,3500365,700.0,Indian Rupees(Rs.),8.4,3.9,Yellow,Good,3.0 - 3.9 (Moderate),131,19.04,131,550.2
858,3500013,600.0,Indian Rupees(Rs.),7.2,3.9,Yellow,Good,3.0 - 3.9 (Moderate),101,18.04,101,363.6
859,3500024,600.0,Indian Rupees(Rs.),7.2,3.9,Yellow,Good,3.0 - 3.9 (Moderate),121,18.74,121,435.6
860,3500488,400.0,Indian Rupees(Rs.),4.8,3.9,Yellow,Good,3.0 - 3.9 (Moderate),39,14.39,39,93.6
861,3500505,1600.0,Indian Rupees(Rs.),19.2,4.4,Green,Very Good,4.0 - 4.4 (High),66,18.5,66,633.6
862,3500010,1200.0,Indian Rupees(Rs.),14.4,4.0,Green,Very Good,4.0 - 4.4 (High),175,20.68,175,1260.0
863,3500414,500.0,Indian Rupees(Rs.),6.0,4.1,Green,Very Good,4.0 - 4.4 (High),104,19.08,104,312.0
864,18440677,500.0,Indian Rupees(Rs.),6.0,4.2,Green,Very Good,4.0 - 4.4 (High),68,17.78,68,204.0
865,3500484,600.0,Indian Rupees(Rs.),7.2,4.2,Green,Very Good,4.0 - 4.4 (High),89,18.9,89,320.4
866,301728,250.0,Indian Rupees(Rs.),3.0,2.9,Orange,Average,< 3.0 (Low),4,4.67,4,6.0
867,5992,500.0,Indian Rupees(Rs.),6.0,2.8,Orange,Average,< 3.0 (Low),16,7.93,16,48.0
868,301730,150.0,Indian Rupees(Rs.),1.8,2.8,Orange,Average,< 3.0 (Low),8,6.15,8,7.2
869,301729,150.0,Indian Rupees(Rs.),1.8,2.9,Orange,Average,< 3.0 (Low),8,6.37,8,7.2
870,301731,100.0,Indian Rupees(Rs.),1.2,2.8,Orange,Average,< 3.0 (Low),7,5.82,7,4.2
871,311053,300.0,Indian Rupees(Rs.),3.6,3.0,Orange,Average,3.0 - 3.9 (Moderate),4,4.83,4,7.2
872,9299,100.0,Indian Rupees(Rs.),1.2,0.0,White,Not rated,Unrated,1,0.0,1,0.6
873,9178,100.0,Indian Rupees(Rs.),1.2,0.0,White,Not rated,Unrated,3,0.0,3,1.8
874,18477319,400.0,Indian Rupees(Rs.),4.8,0.0,White,Not rated,Unrated,3,0.0,3,7.2
875,18433852,300.0,Indian Rupees(Rs.),3.6,0.0,White,Not rated,Unrated,0,0.0,0,0.0
876,304046,300.0,Indian Rupees(Rs.),3.6,2.9,Orange,Average,< 3.0 (Low),4,4.67,4,7.2
877,309936,350.0,Indian Rupees(Rs.),4.2,3.0,Orange,Average,3.0 - 3.9 (Moderate),7,6.24,7,14.7
878,309927,300.0,Indian Rupees(Rs.),3.6,2.9,Orange,Average,< 3.0 (Low),11,7.21,11,19.8
879,18377449,200.0,Indian Rupees(Rs.),2.4,0.0,White,Not rated,Unrated,1,0.0,1,1.2
880,18465871,300.0,Indian Rupees(Rs.),3.6,0.0,White,Not rated,Unrated,0,0.0,0,0.0
881,18472646,400.0,Indian Rupees(Rs.),4.8,0.0,White,Not rated,Unrated,0,0.0,0,0.0
882,18037826,600.0,Indian Rupees(Rs.),7.2,2.8,Orange,Average,< 3.0 (Low),49,10.95,74,266.4
883,301163,500.0,Indian Rupees(Rs.),6.0,3.4,Orange,Average,3.0 - 3.9 (Moderate),58,13.86,58,174.0
884,4931,700.0,Indian Rupees(Rs.),8.4,3.4,Orange,Average,3.0 - 3.9 (Moderate),233,18.55,233,978.6
885,1804,1100.0,Indian Rupees(Rs.),13.2,3.8,Yellow,Good,3.0 - 3.9 (Moderate),508,23.68,762,5029.2
886,312102,600.0,Indian Rupees(Rs.),7.2,3.6,Yellow,Good,3.0 - 3.9 (Moderate),98,16.54,147,529.2
887,18217857,900.0,Indian Rupees(Rs.),10.8,3.6,Yellow,Good,3.0 - 3.9 (Moderate),59,14.74,88,475.2
888,18471268,300.0,Indian Rupees(Rs.),3.6,0.0,White,Not rated,Unrated,0,0.0,0,0.0
889,18381244,200.0,Indian Rupees(Rs.),2.4,0.0,White,Not rated,Unrated,1,0.0,1,1.2
890,18408041,500.0,Indian Rupees(Rs.),6.0,0.0,White,Not rated,Unrated,2,0.0,2,6.0
891,311051,500.0,Indian Rupees(Rs.),6.0,2.1,Red,Poor,< 3.0 (Low),57,8.53,86,258.0
892,18133510,1600.0,Indian Rupees(Rs.),19.2,4.0,Green,Very Good,4.0 - 4.4 (High),299,22.82,299,2870.4
893,308380,1300.0,Indian Rupees(Rs.),15.6,4.1,Green,Very Good,4.0 - 4.4 (High),239,22.47,358,2792.4
894,6077,400.0,Indian Rupees(Rs.),4.8,3.2,Orange,Average,3.0 - 3.9 (Moderate),16,9.07,16,38.4
895,308082,200.0,Indian Rupees(Rs.),2.4,2.7,Orange,Average,< 3.0 (Low),16,7.65,24,28.8
896,309558,800.0,Indian Rupees(Rs.),9.6,3.4,Orange,Average,3.0 - 3.9 (Moderate),48,13.23,72,345.6
897,8128,1000.0,Indian Rupees(Rs.),12.0,2.4,Red,Poor,< 3.0 (Low),25,7.82,25,150.0
898,304062,200.0,Indian Rupees(Rs.),2.4,0.0,White,Not rated,Unrated,3,0.0,3,3.6
899,9785,250.0,Indian Rupees(Rs.),3.0,2.8,Orange,Average,< 3.0 (Low),12,7.18,12,18.0
900,312514,200.0,Indian Rupees(Rs.),2.4,0.0,White,Not rated,Unrated,2,0.0,2,2.4
901,308961,1200.0,Indian Rupees(Rs.),14.4,0.0,White,Not rated,Unrated,0,0.0,0,0.0
902,308963,1500.0,Indian Rupees(Rs.),18.0,0.0,White,Not rated,Unrated,0,0.0,0,0.0
903,308962,1500.0,Indian Rupees(Rs.),18.0,0.0,White,Not rated,Unrated,0,0.0,0,0.0
904,8169,100.0,Indian Rupees(Rs.),1.2,0.0,White,Not rated,Unrated,2,0.0,2,1.2
905,309368,1500.0,Indian Rupees(Rs.),18.0,0.0,White,Not rated,Unrated,3,0.0,3,27.0
906,18472429,300.0,Indian Rupees(Rs.),3.6,0.0,White,Not rated,Unrated,0,0.0,0,0.0
907,18472418,500.0,Indian Rupees(Rs.),6.0,0.0,White,Not rated,Unrated,0,0.0,0,0.0
908,18472426,500.0,Indian Rupees(Rs.),6.0,0.0,White,Not rated,Unrated,0,0.0,0,0.0
909,18450934,400.0,Indian Rupees(Rs.),4.8,0.0,White,Not rated,Unrated,0,0.0,0,0.0
910,6025,1000.0,Indian Rupees(Rs.),12.0,3.0,Orange,Average,3.0 - 3.9 (Moderate),15,8.32,15,90.0
911,6013,500.0,Indian Rupees(Rs.),6.0,3.2,Orange,Average,3.0 - 3.9 (Moderate),19,9.59,19,57.0
912,8153,500.0,Indian Rupees(Rs.),6.0,2.8,Orange,Average,< 3.0 (Low),8,6.15,8,24.0
913,18471296,300.0,Indian Rupees(Rs.),3.6,0.0,White,Not rated,Unrated,0,0.0,0,0.0
914,18279477,450.0,Indian Rupees(Rs.),5.4,2.8,Orange,Average,< 3.0 (Low),20,8.52,20,54.0
915,18359331,500.0,Indian Rupees(Rs.),6.0,3.1,Orange,Average,3.0 - 3.9 (Moderate),11,7.7,11,33.0
916,301151,150.0,Indian Rupees(Rs.),1.8,3.0,Orange,Average,3.0 - 3.9 (Moderate),11,7.45,11,9.9
917,18204479,450.0,Indian Rupees(Rs.),5.4,3.1,Orange,Average,3.0 - 3.9 (Moderate),7,6.45,10,27.0
918,2198,700.0,Indian Rupees(Rs.),8.4,2.9,Orange,Average,< 3.0 (Low),13,7.65,13,54.6
919,18434243,400.0,Indian Rupees(Rs.),4.8,0.0,White,Not rated,Unrated,0,0.0,0,0.0
920,18273628,700.0,Indian Rupees(Rs.),8.4,0.0,White,Not rated,Unrated,3,0.0,3,12.6
921,18471262,500.0,Indian Rupees(Rs.),6.0,0.0,White,Not rated,Unrated,0,0.0,0,0.0
922,18258480,800.0,Indian Rupees(Rs.),9.6,3.3,Orange,Average,3.0 - 3.9 (Moderate),25,10.75,38,182.4
923,9698,300.0,Indian Rupees(Rs.),3.6,3.0,Orange,Average,3.0 - 3.9 (Moderate),22,9.41,22,39.6
924,8326,450.0,Indian Rupees(Rs.),5.4,2.6,Orange,Average,< 3.0 (Low),26,8.57,26,70.2
925,18270379,700.0,Indian Rupees(Rs.),8.4,2.9,Orange,Average,< 3.0 (Low),16,8.22,24,100.8
926,304006,200.0,Indian Rupees(Rs.),2.4,2.9,Orange,Average,< 3.0 (Low),7,6.03,7,8.4
927,308957,1500.0,Indian Rupees(Rs.),18.0,3.1,Orange,Average,3.0 - 3.9 (Moderate),28,10.44,42,378.0
928,18427216,550.0,Indian Rupees(Rs.),6.6,0.0,White,Not rated,Unrated,0,0.0,0,0.0
929,18433315,400.0,Indian Rupees(Rs.),4.8,0.0,White,Not rated,Unrated,0,0.0,0,0.0
930,8266,100.0,Indian Rupees(Rs.),1.2,0.0,White,Not rated,Unrated,0,0.0,0,0.0
931,18383469,600.0,Indian Rupees(Rs.),7.2,3.2,Orange,Average,3.0 - 3.9 (Moderate),31,11.09,46,165.6
932,1367,400.0,Indian Rupees(Rs.),4.8,3.4,Orange,Average,3.0 - 3.9 (Moderate),70,14.49,70,168.0
933,9650,450.0,Indian Rupees(Rs.),5.4,3.3,Orange,Average,3.0 - 3.9 (Moderate),67,13.92,67,180.9
934,308335,600.0,Indian Rupees(Rs.),7.2,2.7,Orange,Average,< 3.0 (Low),35,9.68,35,126.0
935,18391065,500.0,Indian Rupees(Rs.),6.0,3.4,Orange,Average,3.0 - 3.9 (Moderate),22,10.66,33,99.0
936,301193,200.0,Indian Rupees(Rs.),2.4,3.3,Orange,Average,3.0 - 3.9 (Moderate),17,9.54,17,20.4
937,18107832,600.0,Indian Rupees(Rs.),7.2,2.6,Orange,Average,< 3.0 (Low),39,9.59,58,208.8
938,18089254,500.0,Indian Rupees(Rs.),6.0,3.3,Orange,Average,3.0 - 3.9 (Moderate),35,11.83,35,105.0
939,312981,500.0,Indian Rupees(Rs.),6.0,3.4,Orange,Average,3.0 - 3.9 (Moderate),35,12.18,35,105.0
940,18082235,400.0,Indian Rupees(Rs.),4.8,2.7,Orange,Average,< 3.0 (Low),32,9.44,32,76.8
941,18138421,950.0,Indian Rupees(Rs.),11.4,2.6,Orange,Average,< 3.0 (Low),14,7.04,14,79.8
942,18421965,600.0,Indian Rupees(Rs.),7.2,2.7,Orange,Average,< 3.0 (Low),17,7.8,17,61.2
943,303267,300.0,Indian Rupees(Rs.),3.6,3.4,Orange,Average,3.0 - 3.9 (Moderate),35,12.18,35,63.0
944,7471,1000.0,Indian Rupees(Rs.),12.0,4.5,Dark Green,Excellent,4.5 - 5.0 (Top Tier),799,30.08,799,4794.0
945,18219542,400.0,Indian Rupees(Rs.),4.8,3.6,Yellow,Good,3.0 - 3.9 (Moderate),62,14.92,93,223.2
946,18355112,300.0,Indian Rupees(Rs.),3.6,3.5,Yellow,Good,3.0 - 3.9 (Moderate),24,11.27,36,64.8
947,18270895,900.0,Indian Rupees(Rs.),10.8,3.8,Yellow,Good,3.0 - 3.9 (Moderate),134,18.64,134,723.6
948,18313839,400.0,Indian Rupees(Rs.),4.8,3.5,Yellow,Good,3.0 - 3.9 (Moderate),26,11.54,26,62.4
949,5005,400.0,Indian Rupees(Rs.),4.8,3.6,Yellow,Good,3.0 - 3.9 (Moderate),93,16.36,93,223.2
950,1820,650.0,Indian Rupees(Rs.),7.8,3.7,Yellow,Good,3.0 - 3.9 (Moderate),280,20.86,280,1092.0
951,3863,400.0,Indian Rupees(Rs.),4.8,3.6,Yellow,Good,3.0 - 3.9 (Moderate),70,15.35,70,168.0
952,9814,350.0,Indian Rupees(Rs.),4.2,3.5,Yellow,Good,3.0 - 3.9 (Moderate),31,12.13,31,65.1
953,18474912,250.0,Indian Rupees(Rs.),3.0,3.6,Yellow,Good,3.0 - 3.9 (Moderate),25,11.73,25,37.5
954,18161568,150.0,Indian Rupees(Rs.),1.8,3.5,Yellow,Good,3.0 - 3.9 (Moderate),18,10.31,18,16.2
955,18416829,400.0,Indian Rupees(Rs.),4.8,3.6,Yellow,Good,3.0 - 3.9 (Moderate),27,12.0,27,64.8
956,18400756,750.0,Indian Rupees(Rs.),9.0,3.8,Yellow,Good,3.0 - 3.9 (Moderate),27,12.66,40,180.0
957,301177,400.0,Indian Rupees(Rs.),4.8,3.5,Yellow,Good,3.0 - 3.9 (Moderate),39,12.91,39,93.6
958,6161,400.0,Indian Rupees(Rs.),4.8,3.6,Yellow,Good,3.0 - 3.9 (Moderate),126,17.44,126,302.4
959,2565,150.0,Indian Rupees(Rs.),1.8,3.8,Yellow,Good,3.0 - 3.9 (Moderate),75,16.46,75,67.5
960,3866,500.0,Indian Rupees(Rs.),6.0,3.5,Yellow,Good,3.0 - 3.9 (Moderate),143,17.39,143,429.0
961,18250288,650.0,Indian Rupees(Rs.),7.8,4.1,Green,Very Good,4.0 - 4.4 (High),153,20.65,230,897.0
962,1430,400.0,Indian Rupees(Rs.),4.8,2.9,Orange,Average,< 3.0 (Low),43,10.97,43,103.2
963,18393702,300.0,Indian Rupees(Rs.),3.6,2.9,Orange,Average,< 3.0 (Low),4,4.67,6,10.8
964,6152,400.0,Indian Rupees(Rs.),4.8,2.5,Orange,Average,< 3.0 (Low),25,8.15,25,60.0
965,306962,400.0,Indian Rupees(Rs.),4.8,3.1,Orange,Average,3.0 - 3.9 (Moderate),26,10.22,26,62.4
966,18445360,500.0,Indian Rupees(Rs.),6.0,3.0,Orange,Average,3.0 - 3.9 (Moderate),4,4.83,4,12.0
967,6150,250.0,Indian Rupees(Rs.),3.0,3.4,Orange,Average,3.0 - 3.9 (Moderate),22,10.66,22,33.0
968,18421024,800.0,Indian Rupees(Rs.),9.6,3.3,Orange,Average,3.0 - 3.9 (Moderate),14,8.94,14,67.2
969,18471260,300.0,Indian Rupees(Rs.),3.6,3.1,Orange,Average,3.0 - 3.9 (Moderate),8,6.81,8,14.4
970,18367316,400.0,Indian Rupees(Rs.),4.8,3.1,Orange,Average,3.0 - 3.9 (Moderate),8,6.81,8,19.2
971,18466931,400.0,Indian Rupees(Rs.),4.8,0.0,White,Not rated,Unrated,0,0.0,0,0.0
972,18466420,300.0,Indian Rupees(Rs.),3.6,0.0,White,Not rated,Unrated,0,0.0,0,0.0
973,18464607,300.0,Indian Rupees(Rs.),3.6,0.0,White,Not rated,Unrated,0,0.0,0,0.0
974,18464631,300.0,Indian Rupees(Rs.),3.6,0.0,White,Not rated,Unrated,0,0.0,0,0.0
975,301170,250.0,Indian Rupees(Rs.),3.0,0.0,White,Not rated,Unrated,2,0.0,2,3.0
976,18466939,250.0,Indian Rupees(Rs.),3.0,0.0,White,Not rated,Unrated,0,0.0,0,0.0
977,18380180,400.0,Indian Rupees(Rs.),4.8,0.0,White,Not rated,Unrated,0,0.0,0,0.0
978,18466407,500.0,Indian Rupees(Rs.),6.0,0.0,White,Not rated,Unrated,0,0.0,0,0.0
979,304001,400.0,Indian Rupees(Rs.),4.8,2.8,Orange,Average,< 3.0 (Low),20,8.52,20,48.0
980,8319,700.0,Indian Rupees(Rs.),8.4,2.7,Orange,Average,< 3.0 (Low),39,9.96,39,163.8
981,303871,600.0,Indian Rupees(Rs.),7.2,2.7,Orange,Average,< 3.0 (Low),56,10.92,84,302.4
982,8321,500.0,Indian Rupees(Rs.),6.0,2.7,Orange,Average,< 3.0 (Low),43,10.22,43,129.0
983,311047,300.0,Indian Rupees(Rs.),3.6,2.8,Orange,Average,< 3.0 (Low),9,6.45,9,16.2
984,8320,400.0,Indian Rupees(Rs.),4.8,2.7,Orange,Average,< 3.0 (Low),20,8.22,20,48.0
985,8308,100.0,Indian Rupees(Rs.),1.2,3.2,Orange,Average,3.0 - 3.9 (Moderate),41,11.96,41,24.6
986,18303717,500.0,Indian Rupees(Rs.),6.0,3.4,Orange,Average,3.0 - 3.9 (Moderate),18,10.01,18,54.0
987,304004,700.0,Indian Rupees(Rs.),8.4,3.3,Orange,Average,3.0 - 3.9 (Moderate),76,14.33,114,478.8
988,18472625,700.0,Indian Rupees(Rs.),8.4,0.0,White,Not rated,Unrated,1,0.0,2,8.4
989,18420432,200.0,Indian Rupees(Rs.),2.4,3.0,Orange,Average,3.0 - 3.9 (Moderate),6,5.84,6,7.2
990,9824,700.0,Indian Rupees(Rs.),8.4,3.3,Orange,Average,3.0 - 3.9 (Moderate),219,17.8,328,1377.6
991,8029,200.0,Indian Rupees(Rs.),2.4,2.8,Orange,Average,< 3.0 (Low),11,6.96,11,13.2
992,312788,100.0,Indian Rupees(Rs.),1.2,3.1,Orange,Average,3.0 - 3.9 (Moderate),12,7.95,12,7.2
993,309672,350.0,Indian Rupees(Rs.),4.2,2.8,Orange,Average,< 3.0 (Low),13,7.39,13,27.3
994,18359861,200.0,Indian Rupees(Rs.),2.4,3.0,Orange,Average,3.0 - 3.9 (Moderate),7,6.24,7,8.4
995,18439547,200.0,Indian Rupees(Rs.),2.4,0.0,White,Not rated,Unrated,1,0.0,1,1.2
996,18241538,250.0,Indian Rupees(Rs.),3.0,0.0,White,Not rated,Unrated,0,0.0,0,0.0
997,18452730,400.0,Indian Rupees(Rs.),4.8,0.0,White,Not rated,Unrated,1,0.0,1,2.4
998,18317486,300.0,Indian Rupees(Rs.),3.6,0.0,White,Not rated,Unrated,3,0.0,3,5.4
999,18432933,400.0,Indian Rupees(Rs.),4.8,0.0,White,Not rated,Unrated,0,0.0,0,0.0
1000,18452267,500.0,Indian Rupees(Rs.),6.0,0.0,White,Not rated,Unrated,1,0.0,1,3.0
1001,18466980,300.0,Indian Rupees(Rs.),3.6,0.0,White,Not rated,Unrated,3,0.0,3,5.4
1002,18469937,100.0,Indian Rupees(Rs.),1.2,0.0,White,Not rated,Unrated,2,0.0,2,1.2
1003,18466937,700.0,Indian Rupees(Rs.),8.4,0.0,White,Not rated,Unrated,0,0.0,0,0.0
1004,18433879,300.0,Indian Rupees(Rs.),3.6,0.0,White,Not rated,Unrated,0,0.0,0,0.0
1005,18369105,650.0,Indian Rupees(Rs.),7.8,2.6,Orange,Average,< 3.0 (Low),15,7.21,22,85.8
1006,18133473,200.0,Indian Rupees(Rs.),2.4,2.9,Orange,Average,< 3.0 (Low),5,5.2,5,6.0
1007,18458540,200.0,Indian Rupees(Rs.),2.4,0.0,White,Not rated,Unrated,0,0.0,0,0.0
1008,18482753,400.0,Indian Rupees(Rs.),4.8,0.0,White,Not rated,Unrated,0,0.0,0,0.0
1009,8167,100.0,Indian Rupees(Rs.),1.2,3.1,Orange,Average,3.0 - 3.9 (Moderate),9,7.14,9,5.4
1010,18463990,600.0,Indian Rupees(Rs.),7.2,0.0,White,Not rated,Unrated,3,0.0,3,10.8
1011,18353030,300.0,Indian Rupees(Rs.),3.6,0.0,White,Not rated,Unrated,2,0.0,2,3.6
1012,18420465,700.0,Indian Rupees(Rs.),8.4,3.1,Orange,Average,3.0 - 3.9 (Moderate),7,6.45,10,42.0
1013,309656,350.0,Indian Rupees(Rs.),4.2,3.1,Orange,Average,3.0 - 3.9 (Moderate),9,7.14,9,18.9
1014,305235,350.0,Indian Rupees(Rs.),4.2,2.9,Orange,Average,< 3.0 (Low),4,4.67,4,8.4
1015,309654,500.0,Indian Rupees(Rs.),6.0,0.0,White,Not rated,Unrated,1,0.0,1,3.0
1016,18480389,300.0,Indian Rupees(Rs.),3.6,0.0,White,Not rated,Unrated,0,0.0,0,0.0
1017,18446428,300.0,Indian Rupees(Rs.),3.6,0.0,White,Not rated,Unrated,0,0.0,0,0.0
1018,4462,200.0,Indian Rupees(Rs.),2.4,0.0,White,Not rated,Unrated,2,0.0,2,2.4
1019,18469962,300.0,Indian Rupees(Rs.),3.6,0.0,White,Not rated,Unrated,1,0.0,1,1.8
1020,18380284,350.0,Indian Rupees(Rs.),4.2,0.0,White,Not rated,Unrated,1,0.0,1,2.1
1021,1414,400.0,Indian Rupees(Rs.),4.8,2.7,Orange,Average,< 3.0 (Low),28,9.09,42,100.8
1022,304112,800.0,Indian Rupees(Rs.),9.6,2.7,Orange,Average,< 3.0 (Low),29,9.18,29,139.2
1023,18472443,150.0,Indian Rupees(Rs.),1.8,0.0,White,Not rated,Unrated,0,0.0,0,0.0
1024,18456807,400.0,Indian Rupees(Rs.),4.8,0.0,White,Not rated,Unrated,1,0.0,1,2.4
1025,18471284,500.0,Indian Rupees(Rs.),6.0,0.0,White,Not rated,Unrated,0,0.0,0,0.0
1026,18471328,100.0,Indian Rupees(Rs.),1.2,0.0,White,Not rated,Unrated,0,0.0,0,0.0
1027,18204478,500.0,Indian Rupees(Rs.),6.0,3.0,Orange,Average,3.0 - 3.9 (Moderate),6,5.84,6,18.0
1028,18444264,500.0,Indian Rupees(Rs.),6.0,3.3,Orange,Average,3.0 - 3.9 (Moderate),12,8.46,12,36.0
1029,9224,150.0,Indian Rupees(Rs.),1.8,3.1,Orange,Average,3.0 - 3.9 (Moderate),19,9.29,19,17.1
1030,8054,100.0,Indian Rupees(Rs.),1.2,3.1,Orange,Average,3.0 - 3.9 (Moderate),14,8.39,14,8.4
1031,304114,600.0,Indian Rupees(Rs.),7.2,2.8,Orange,Average,< 3.0 (Low),11,6.96,11,39.6
1032,1413,1000.0,Indian Rupees(Rs.),12.0,2.7,Orange,Average,< 3.0 (Low),70,11.51,70,420.0
1033,1715,400.0,Indian Rupees(Rs.),4.8,3.1,Orange,Average,3.0 - 3.9 (Moderate),18,9.13,18,43.2
1034,4464,300.0,Indian Rupees(Rs.),3.6,2.9,Orange,Average,< 3.0 (Low),14,7.85,14,25.2
1035,5010,500.0,Indian Rupees(Rs.),6.0,2.7,Orange,Average,< 3.0 (Low),48,10.51,48,144.0
1036,301127,350.0,Indian Rupees(Rs.),4.2,3.6,Yellow,Good,3.0 - 3.9 (Moderate),52,14.29,52,109.2
1037,9233,100.0,Indian Rupees(Rs.),1.2,0.0,White,Not rated,Unrated,1,0.0,1,0.6
1038,18471246,200.0,Indian Rupees(Rs.),2.4,0.0,White,Not rated,Unrated,0,0.0,0,0.0
1039,18446082,300.0,Indian Rupees(Rs.),3.6,0.0,White,Not rated,Unrated,0,0.0,0,0.0
1040,18396398,400.0,Indian Rupees(Rs.),4.8,0.0,White,Not rated,Unrated,2,0.0,2,4.8
1041,18471244,300.0,Indian Rupees(Rs.),3.6,0.0,White,Not rated,Unrated,0,0.0,0,0.0
1042,18367078,350.0,Indian Rupees(Rs.),4.2,0.0,White,Not rated,Unrated,0,0.0,0,0.0
1043,18469976,200.0,Indian Rupees(Rs.),2.4,0.0,White,Not rated,Unrated,1,0.0,1,1.2
1044,18381643,100.0,Indian Rupees(Rs.),1.2,0.0,White,Not rated,Unrated,0,0.0,0,0.0
1045,18471327,400.0,Indian Rupees(Rs.),4.8,0.0,White,Not rated,Unrated,0,0.0,0,0.0
1046,18469936,500.0,Indian Rupees(Rs.),6.0,0.0,White,Not rated,Unrated,0,0.0,0,0.0
1047,18433895,500.0,Indian Rupees(Rs.),6.0,3.0,Orange,Average,3.0 - 3.9 (Moderate),4,4.83,4,12.0
1048,313089,550.0,Indian Rupees(Rs.),6.6,0.0,White,Not rated,Unrated,3,0.0,3,9.9
1049,18349251,400.0,Indian Rupees(Rs.),4.8,0.0,White,Not rated,Unrated,0,0.0,0,0.0
1050,18344478,600.0,Indian Rupees(Rs.),7.2,0.0,White,Not rated,Unrated,0,0.0,0,0.0
1051,18089775,300.0,Indian Rupees(Rs.),3.6,0.0,White,Not rated,Unrated,1,0.0,1,1.8
1052,18424179,300.0,Indian Rupees(Rs.),3.6,0.0,White,Not rated,Unrated,0,0.0,0,0.0
1053,309632,700.0,Indian Rupees(Rs.),8.4,2.9,Orange,Average,< 3.0 (Low),10,6.95,10,42.0
1054,312874,350.0,Indian Rupees(Rs.),4.2,3.1,Orange,Average,3.0 - 3.9 (Moderate),5,5.55,5,10.5
1055,18107870,500.0,Indian Rupees(Rs.),6.0,2.9,Orange,Average,< 3.0 (Low),4,4.67,4,12.0
1056,18237362,550.0,Indian Rupees(Rs.),6.6,2.9,Orange,Average,< 3.0 (Low),4,4.67,4,13.2
1057,18277177,100.0,Indian Rupees(Rs.),1.2,0.0,White,Not rated,Unrated,0,0.0,0,0.0
1058,18345740,400.0,Indian Rupees(Rs.),4.8,0.0,White,Not rated,Unrated,0,0.0,0,0.0
1059,18472651,100.0,Indian Rupees(Rs.),1.2,0.0,White,Not rated,Unrated,1,0.0,1,0.6
1060,313076,350.0,Indian Rupees(Rs.),4.2,0.0,White,Not rated,Unrated,3,0.0,3,6.3
1061,18380159,100.0,Indian Rupees(Rs.),1.2,0.0,White,Not rated,Unrated,2,0.0,2,1.2
1062,18377907,200.0,Indian Rupees(Rs.),2.4,0.0,White,Not rated,Unrated,0,0.0,0,0.0
1063,18292444,600.0,Indian Rupees(Rs.),7.2,0.0,White,Not rated,Unrated,0,0.0,0,0.0
1064,307084,700.0,Indian Rupees(Rs.),8.4,3.2,Orange,Average,3.0 - 3.9 (Moderate),47,12.39,47,197.4
1065,305618,700.0,Indian Rupees(Rs.),8.4,2.5,Orange,Average,< 3.0 (Low),79,10.96,118,495.6
1066,307803,200.0,Indian Rupees(Rs.),2.4,3.5,Yellow,Good,3.0 - 3.9 (Moderate),29,11.9,29,34.8
1067,18419654,250.0,Indian Rupees(Rs.),3.0,0.0,White,Not rated,Unrated,1,0.0,1,1.5
1068,18471285,150.0,Indian Rupees(Rs.),1.8,0.0,White,Not rated,Unrated,0,0.0,0,0.0
1069,313040,500.0,Indian Rupees(Rs.),6.0,2.7,Orange,Average,< 3.0 (Low),17,7.8,26,78.0
1070,17982346,200.0,Indian Rupees(Rs.),2.4,3.0,Orange,Average,3.0 - 3.9 (Moderate),9,6.91,9,10.8
1071,18204501,250.0,Indian Rupees(Rs.),3.0,3.0,Orange,Average,3.0 - 3.9 (Moderate),7,6.24,7,10.5
1072,1823,100.0,Indian Rupees(Rs.),1.2,2.9,Orange,Average,< 3.0 (Low),5,5.2,5,3.0
1073,6143,300.0,Indian Rupees(Rs.),3.6,3.0,Orange,Average,3.0 - 3.9 (Moderate),8,6.59,8,14.4
1074,8297,150.0,Indian Rupees(Rs.),1.8,3.1,Orange,Average,3.0 - 3.9 (Moderate),15,8.6,15,13.5
1075,8318,450.0,Indian Rupees(Rs.),5.4,2.9,Orange,Average,< 3.0 (Low),16,8.22,16,43.2
1076,18458631,500.0,Indian Rupees(Rs.),6.0,3.0,Orange,Average,3.0 - 3.9 (Moderate),4,4.83,4,12.0
1077,18382355,400.0,Indian Rupees(Rs.),4.8,0.0,White,Not rated,Unrated,1,0.0,1,2.4
1078,312842,450.0,Indian Rupees(Rs.),5.4,3.0,Orange,Average,3.0 - 3.9 (Moderate),10,7.19,15,40.5
1079,312084,600.0,Indian Rupees(Rs.),7.2,2.9,Orange,Average,< 3.0 (Low),9,6.68,9,32.4
1080,18247033,650.0,Indian Rupees(Rs.),7.8,3.2,Orange,Average,3.0 - 3.9 (Moderate),24,10.3,24,93.6
1081,18126118,550.0,Indian Rupees(Rs.),6.6,3.4,Orange,Average,3.0 - 3.9 (Moderate),19,10.19,28,92.4
1082,18429393,500.0,Indian Rupees(Rs.),6.0,2.9,Orange,Average,< 3.0 (Low),8,6.37,8,24.0
1083,18241905,450.0,Indian Rupees(Rs.),5.4,3.0,Orange,Average,3.0 - 3.9 (Moderate),8,6.59,8,21.6
1084,18425750,500.0,Indian Rupees(Rs.),6.0,3.2,Orange,Average,3.0 - 3.9 (Moderate),39,11.8,58,174.0
1085,18261694,300.0,Indian Rupees(Rs.),3.6,3.1,Orange,Average,3.0 - 3.9 (Moderate),10,7.43,10,18.0
1086,18365998,500.0,Indian Rupees(Rs.),6.0,3.3,Orange,Average,3.0 - 3.9 (Moderate),17,9.54,17,51.0
1087,18273572,500.0,Indian Rupees(Rs.),6.0,3.4,Orange,Average,3.0 - 3.9 (Moderate),37,12.37,56,168.0
1088,18363078,600.0,Indian Rupees(Rs.),7.2,3.5,Yellow,Good,3.0 - 3.9 (Moderate),33,12.34,50,180.0
1089,18356019,200.0,Indian Rupees(Rs.),2.4,3.1,Orange,Average,3.0 - 3.9 (Moderate),9,7.14,9,10.8
1090,312688,800.0,Indian Rupees(Rs.),9.6,0.0,White,Not rated,Unrated,3,0.0,3,14.4
1091,18381668,300.0,Indian Rupees(Rs.),3.6,0.0,White,Not rated,Unrated,2,0.0,2,3.6
1092,18287397,450.0,Indian Rupees(Rs.),5.4,0.0,White,Not rated,Unrated,1,0.0,1,2.7
1093,18294253,300.0,Indian Rupees(Rs.),3.6,0.0,White,Not rated,Unrated,0,0.0,0,0.0
1094,18471304,150.0,Indian Rupees(Rs.),1.8,0.0,White,Not rated,Unrated,0,0.0,0,0.0
1095,8026,100.0,Indian Rupees(Rs.),1.2,2.9,Orange,Average,< 3.0 (Low),4,4.67,4,2.4
1096,18265697,550.0,Indian Rupees(Rs.),6.6,3.0,Orange,Average,3.0 - 3.9 (Moderate),14,8.12,14,46.2
1097,307151,500.0,Indian Rupees(Rs.),6.0,2.8,Orange,Average,< 3.0 (Low),13,7.39,13,39.0
1098,18107844,400.0,Indian Rupees(Rs.),4.8,2.8,Orange,Average,< 3.0 (Low),5,5.02,5,12.0
1099,18337896,550.0,Indian Rupees(Rs.),6.6,2.6,Orange,Average,< 3.0 (Low),12,6.67,18,59.4
1100,18261699,550.0,Indian Rupees(Rs.),6.6,3.0,Orange,Average,3.0 - 3.9 (Moderate),8,6.59,8,26.4
1101,18306531,300.0,Indian Rupees(Rs.),3.6,3.1,Orange,Average,3.0 - 3.9 (Moderate),7,6.45,7,12.6
1102,303571,600.0,Indian Rupees(Rs.),7.2,3.1,Orange,Average,3.0 - 3.9 (Moderate),18,9.13,18,64.8
1103,8099,350.0,Indian Rupees(Rs.),4.2,3.0,Orange,Average,3.0 - 3.9 (Moderate),22,9.41,22,46.2
1104,18477428,400.0,Indian Rupees(Rs.),4.8,3.0,Orange,Average,3.0 - 3.9 (Moderate),4,4.83,4,9.6
1105,8037,100.0,Indian Rupees(Rs.),1.2,0.0,White,Not rated,Unrated,0,0.0,0,0.0
1106,18471308,300.0,Indian Rupees(Rs.),3.6,0.0,White,Not rated,Unrated,0,0.0,0,0.0
1107,18471318,500.0,Indian Rupees(Rs.),6.0,0.0,White,Not rated,Unrated,0,0.0,0,0.0
1108,18471320,300.0,Indian Rupees(Rs.),3.6,0.0,White,Not rated,Unrated,0,0.0,0,0.0
1109,18460293,500.0,Indian Rupees(Rs.),6.0,0.0,White,Not rated,Unrated,3,0.0,3,9.0
1110,18446418,500.0,Indian Rupees(Rs.),6.0,0.0,White,Not rated,Unrated,3,0.0,3,9.0
1111,9496,100.0,Indian Rupees(Rs.),1.2,0.0,White,Not rated,Unrated,0,0.0,0,0.0
1112,312967,200.0,Indian Rupees(Rs.),2.4,0.0,White,Not rated,Unrated,2,0.0,2,2.4
1113,18449815,600.0,Indian Rupees(Rs.),7.2,0.0,White,Not rated,Unrated,1,0.0,1,3.6
1114,2680,700.0,Indian Rupees(Rs.),8.4,3.0,Orange,Average,3.0 - 3.9 (Moderate),10,7.19,10,42.0
1115,2679,1400.0,Indian Rupees(Rs.),16.8,3.1,Orange,Average,3.0 - 3.9 (Moderate),18,9.13,18,151.2
1116,8417,1900.0,Indian Rupees(Rs.),22.8,3.3,Orange,Average,3.0 - 3.9 (Moderate),56,13.34,56,638.4
1117,309757,150.0,Indian Rupees(Rs.),1.8,2.8,Orange,Average,< 3.0 (Low),14,7.58,14,12.6
1118,307903,150.0,Indian Rupees(Rs.),1.8,3.0,Orange,Average,3.0 - 3.9 (Moderate),6,5.84,6,5.4
1119,313502,300.0,Indian Rupees(Rs.),3.6,3.6,Yellow,Good,3.0 - 3.9 (Moderate),161,18.32,242,435.6
1120,18409175,500.0,Indian Rupees(Rs.),6.0,3.9,Yellow,Good,3.0 - 3.9 (Moderate),52,15.48,78,234.0
1121,18456342,350.0,Indian Rupees(Rs.),4.2,0.0,White,Not rated,Unrated,1,0.0,1,2.1
1122,18244229,250.0,Indian Rupees(Rs.),3.0,0.0,White,Not rated,Unrated,0,0.0,0,0.0
1123,300713,2500.0,Indian Rupees(Rs.),30.0,2.5,Orange,Average,< 3.0 (Low),184,13.05,184,2760.0
1124,8623,650.0,Indian Rupees(Rs.),7.8,3.4,Orange,Average,3.0 - 3.9 (Moderate),33,11.99,50,195.0
1125,1318,300.0,Indian Rupees(Rs.),3.6,3.3,Orange,Average,3.0 - 3.9 (Moderate),27,11.0,40,72.0
1126,311523,500.0,Indian Rupees(Rs.),6.0,3.4,Orange,Average,3.0 - 3.9 (Moderate),327,19.7,490,1470.0
1127,8590,450.0,Indian Rupees(Rs.),5.4,3.2,Orange,Average,3.0 - 3.9 (Moderate),63,13.31,63,170.1
1128,8583,600.0,Indian Rupees(Rs.),7.2,2.9,Orange,Average,< 3.0 (Low),16,8.22,16,57.6
1129,300756,1500.0,Indian Rupees(Rs.),18.0,2.6,Orange,Average,< 3.0 (Low),92,11.78,92,828.0
1130,4239,600.0,Indian Rupees(Rs.),7.2,3.3,Orange,Average,3.0 - 3.9 (Moderate),60,13.57,60,216.0
1131,18168161,700.0,Indian Rupees(Rs.),8.4,3.2,Orange,Average,3.0 - 3.9 (Moderate),17,9.25,17,71.4
1132,18381223,500.0,Indian Rupees(Rs.),6.0,3.0,Orange,Average,3.0 - 3.9 (Moderate),6,5.84,6,18.0
1133,18034077,600.0,Indian Rupees(Rs.),7.2,2.7,Orange,Average,< 3.0 (Low),14,7.31,14,50.4
1134,3824,700.0,Indian Rupees(Rs.),8.4,2.6,Orange,Average,< 3.0 (Low),181,13.53,272,1142.4
1135,2572,500.0,Indian Rupees(Rs.),6.0,3.3,Orange,Average,3.0 - 3.9 (Moderate),150,16.56,225,675.0
1136,8595,100.0,Indian Rupees(Rs.),1.2,3.1,Orange,Average,3.0 - 3.9 (Moderate),7,6.45,7,4.2
1137,309702,600.0,Indian Rupees(Rs.),7.2,3.6,Yellow,Good,3.0 - 3.9 (Moderate),252,19.92,378,1360.8
1138,8601,600.0,Indian Rupees(Rs.),7.2,3.6,Yellow,Good,3.0 - 3.9 (Moderate),187,18.85,187,673.2
1139,1683,1000.0,Indian Rupees(Rs.),12.0,1.8,Red,Poor,< 3.0 (Low),322,10.4,483,2898.0
1140,301670,400.0,Indian Rupees(Rs.),4.8,3.3,Orange,Average,3.0 - 3.9 (Moderate),114,15.66,114,273.6
1141,17953902,550.0,Indian Rupees(Rs.),6.6,3.2,Orange,Average,3.0 - 3.9 (Moderate),80,14.06,120,396.0
1142,130409,800.0,Indian Rupees(Rs.),9.6,4.5,Dark Green,Excellent,4.5 - 5.0 (Top Tier),280,25.37,280,1344.0
1143,130275,1100.0,Indian Rupees(Rs.),13.2,4.8,Dark Green,Excellent,4.5 - 5.0 (Top Tier),415,28.95,415,2739.0
1144,130332,2000.0,Indian Rupees(Rs.),24.0,4.4,Green,Very Good,4.0 - 4.4 (High),646,28.48,646,7752.0
1145,130230,1500.0,Indian Rupees(Rs.),18.0,3.5,Yellow,Good,3.0 - 3.9 (Moderate),1681,26.0,1681,15129.0
1146,16519268,800.0,Indian Rupees(Rs.),9.6,4.6,Dark Green,Excellent,4.5 - 5.0 (Top Tier),302,26.28,302,1449.6
1147,16512186,1100.0,Indian Rupees(Rs.),13.2,3.8,Yellow,Good,3.0 - 3.9 (Moderate),911,25.9,911,6012.6
1148,16512333,1400.0,Indian Rupees(Rs.),16.8,4.3,Green,Very Good,4.0 - 4.4 (High),2191,33.08,2191,18404.4
1149,16512336,1000.0,Indian Rupees(Rs.),12.0,4.2,Green,Very Good,4.0 - 4.4 (High),856,28.36,856,5136.0
1150,16519168,1600.0,Indian Rupees(Rs.),19.2,4.4,Green,Very Good,4.0 - 4.4 (High),1115,30.88,1115,10704.0
1151,130021,800.0,Indian Rupees(Rs.),9.6,3.7,Yellow,Good,3.0 - 3.9 (Moderate),1221,26.3,1221,5860.8
1152,130567,1300.0,Indian Rupees(Rs.),15.6,4.3,Green,Very Good,4.0 - 4.4 (High),918,29.34,918,7160.4
1153,130008,700.0,Indian Rupees(Rs.),8.4,3.8,Yellow,Good,3.0 - 3.9 (Moderate),601,24.32,601,2524.2
1154,16519267,800.0,Indian Rupees(Rs.),9.6,4.2,Green,Very Good,4.0 - 4.4 (High),414,25.32,414,1987.2
1155,130535,1100.0,Indian Rupees(Rs.),13.2,4.6,Dark Green,Excellent,4.5 - 5.0 (Top Tier),555,29.08,555,3663.0
1156,130699,1500.0,Indian Rupees(Rs.),18.0,3.7,Yellow,Good,3.0 - 3.9 (Moderate),516,23.12,516,4644.0
1157,16512168,600.0,Indian Rupees(Rs.),7.2,4.5,Dark Green,Excellent,4.5 - 5.0 (Top Tier),840,30.31,840,3024.0
1158,130888,1500.0,Indian Rupees(Rs.),18.0,4.7,Dark Green,Excellent,4.5 - 5.0 (Top Tier),681,30.67,681,6129.0
1159,16519231,800.0,Indian Rupees(Rs.),9.6,4.3,Green,Very Good,4.0 - 4.4 (High),265,24.01,265,1272.0
1160,16541849,1100.0,Indian Rupees(Rs.),13.2,4.4,Green,Very Good,4.0 - 4.4 (High),323,25.44,323,2131.8
1161,18022206,2000.0,Indian Rupees(Rs.),24.0,4.2,Green,Very Good,4.0 - 4.4 (High),367,24.81,367,4404.0
1162,18396451,350.0,Indian Rupees(Rs.),4.2,3.4,Orange,Average,3.0 - 3.9 (Moderate),16,9.63,16,33.6
1163,18237941,800.0,Indian Rupees(Rs.),9.6,2.7,Orange,Average,< 3.0 (Low),80,11.87,120,576.0
1164,2787,2000.0,Indian Rupees(Rs.),24.0,4.3,Green,Very Good,4.0 - 4.4 (High),1887,32.44,2830,33960.0
1165,3431,1400.0,Indian Rupees(Rs.),16.8,4.0,Green,Very Good,4.0 - 4.4 (High),802,26.75,1203,10105.2
1166,303699,250.0,Indian Rupees(Rs.),3.0,3.0,Orange,Average,3.0 - 3.9 (Moderate),4,4.83,4,6.0
1167,5915,200.0,Indian Rupees(Rs.),2.4,3.0,Orange,Average,3.0 - 3.9 (Moderate),5,5.38,5,6.0
1168,7076,200.0,Indian Rupees(Rs.),2.4,3.0,Orange,Average,3.0 - 3.9 (Moderate),10,7.19,10,12.0
1169,311866,100.0,Indian Rupees(Rs.),1.2,0.0,White,Not rated,Unrated,2,0.0,2,1.2
1170,300439,1200.0,Indian Rupees(Rs.),14.4,3.0,Orange,Average,3.0 - 3.9 (Moderate),57,12.18,86,619.2
1171,18458334,500.0,Indian Rupees(Rs.),6.0,3.1,Orange,Average,3.0 - 3.9 (Moderate),4,4.99,6,18.0
1172,18353710,350.0,Indian Rupees(Rs.),4.2,2.9,Orange,Average,< 3.0 (Low),4,4.67,4,8.4
1173,18291229,450.0,Indian Rupees(Rs.),5.4,0.0,White,Not rated,Unrated,0,0.0,0,0.0
1174,18398616,300.0,Indian Rupees(Rs.),3.6,0.0,White,Not rated,Unrated,0,0.0,0,0.0
1175,18430561,300.0,Indian Rupees(Rs.),3.6,0.0,White,Not rated,Unrated,2,0.0,2,3.6
1176,18445248,500.0,Indian Rupees(Rs.),6.0,0.0,White,Not rated,Unrated,1,0.0,1,3.0
1177,18313132,600.0,Indian Rupees(Rs.),7.2,0.0,White,Not rated,Unrated,2,0.0,2,7.2
1178,18433874,500.0,Indian Rupees(Rs.),6.0,0.0,White,Not rated,Unrated,1,0.0,2,6.0
1179,18291231,100.0,Indian Rupees(Rs.),1.2,0.0,White,Not rated,Unrated,0,0.0,0,0.0
1180,18477541,500.0,Indian Rupees(Rs.),6.0,0.0,White,Not rated,Unrated,1,0.0,1,3.0
1181,18352271,200.0,Indian Rupees(Rs.),2.4,0.0,White,Not rated,Unrated,0,0.0,0,0.0
1182,18291233,350.0,Indian Rupees(Rs.),4.2,0.0,White,Not rated,Unrated,0,0.0,0,0.0
1183,18441809,300.0,Indian Rupees(Rs.),3.6,0.0,White,Not rated,Unrated,1,0.0,1,1.8
1184,18349508,250.0,Indian Rupees(Rs.),3.0,0.0,White,Not rated,Unrated,0,0.0,0,0.0
1185,18217127,500.0,Indian Rupees(Rs.),6.0,0.0,White,Not rated,Unrated,1,0.0,1,3.0
1186,18471335,200.0,Indian Rupees(Rs.),2.4,0.0,White,Not rated,Unrated,0,0.0,0,0.0
1187,18458335,800.0,Indian Rupees(Rs.),9.6,0.0,White,Not rated,Unrated,0,0.0,0,0.0
1188,18429842,350.0,Indian Rupees(Rs.),4.2,0.0,White,Not rated,Unrated,3,0.0,3,6.3
1189,5904,1500.0,Indian Rupees(Rs.),18.0,2.8,Orange,Average,< 3.0 (Low),13,7.39,13,117.0
1190,5876,2500.0,Indian Rupees(Rs.),30.0,2.9,Orange,Average,< 3.0 (Low),15,8.04,15,225.0
1191,872,500.0,Indian Rupees(Rs.),6.0,3.9,Yellow,Good,3.0 - 3.9 (Moderate),415,23.52,622,1866.0
1192,18365849,600.0,Indian Rupees(Rs.),7.2,3.4,Orange,Average,3.0 - 3.9 (Moderate),36,12.28,54,194.4
1193,227,700.0,Indian Rupees(Rs.),8.4,3.4,Orange,Average,3.0 - 3.9 (Moderate),104,15.82,104,436.8
1194,3446,400.0,Indian Rupees(Rs.),4.8,3.4,Orange,Average,3.0 - 3.9 (Moderate),70,14.49,105,252.0
1195,300100,900.0,Indian Rupees(Rs.),10.8,3.3,Orange,Average,3.0 - 3.9 (Moderate),218,17.78,327,1765.8
1196,8597,500.0,Indian Rupees(Rs.),6.0,3.4,Orange,Average,3.0 - 3.9 (Moderate),225,18.43,338,1014.0
1197,3449,500.0,Indian Rupees(Rs.),6.0,2.5,Orange,Average,< 3.0 (Low),150,12.54,225,675.0
1198,303749,1600.0,Indian Rupees(Rs.),19.2,3.8,Yellow,Good,3.0 - 3.9 (Moderate),184,19.84,276,2649.6
1199,18349898,1400.0,Indian Rupees(Rs.),16.8,3.9,Yellow,Good,3.0 - 3.9 (Moderate),146,19.46,219,1839.6
1200,18349892,600.0,Indian Rupees(Rs.),7.2,3.6,Yellow,Good,3.0 - 3.9 (Moderate),33,12.69,50,180.0
1201,18425752,400.0,Indian Rupees(Rs.),4.8,4.3,Green,Very Good,4.0 - 4.4 (High),48,16.73,72,172.8
1202,7507,1500.0,Indian Rupees(Rs.),18.0,3.8,Yellow,Good,3.0 - 3.9 (Moderate),91,17.18,91,819.0
1203,300490,1000.0,Indian Rupees(Rs.),12.0,3.0,Orange,Average,3.0 - 3.9 (Moderate),7,6.24,7,42.0
1204,300488,1800.0,Indian Rupees(Rs.),21.6,3.5,Yellow,Good,3.0 - 3.9 (Moderate),37,12.73,37,399.6
1205,18306521,2200.0,Indian Rupees(Rs.),26.4,3.5,Yellow,Good,3.0 - 3.9 (Moderate),32,12.24,32,422.4
1206,309090,1300.0,Indian Rupees(Rs.),15.6,3.4,Orange,Average,3.0 - 3.9 (Moderate),19,10.19,19,148.2
1207,18441709,2700.0,Indian Rupees(Rs.),32.4,3.2,Orange,Average,3.0 - 3.9 (Moderate),6,6.23,6,97.2
1208,18441707,2500.0,Indian Rupees(Rs.),30.0,0.0,White,Not rated,Unrated,3,0.0,3,45.0
1209,304832,1700.0,Indian Rupees(Rs.),20.4,3.9,Yellow,Good,3.0 - 3.9 (Moderate),231,21.24,231,2356.2
1210,311297,800.0,Indian Rupees(Rs.),9.6,3.7,Yellow,Good,3.0 - 3.9 (Moderate),364,21.83,546,2620.8
1211,303858,1700.0,Indian Rupees(Rs.),20.4,3.7,Yellow,Good,3.0 - 3.9 (Moderate),127,17.95,127,1295.4
1212,302288,1000.0,Indian Rupees(Rs.),12.0,3.5,Yellow,Good,3.0 - 3.9 (Moderate),351,20.52,526,3156.0
1213,18233573,1500.0,Indian Rupees(Rs.),18.0,4.0,Green,Very Good,4.0 - 4.4 (High),162,20.38,243,2187.0
1214,309015,1300.0,Indian Rupees(Rs.),15.6,4.2,Green,Very Good,4.0 - 4.4 (High),248,23.17,248,1934.4
1215,18382344,1500.0,Indian Rupees(Rs.),18.0,4.2,Green,Very Good,4.0 - 4.4 (High),144,20.9,216,1944.0
1216,18254537,1600.0,Indian Rupees(Rs.),19.2,4.1,Green,Very Good,4.0 - 4.4 (High),214,22.02,214,2054.4
1217,4358,3500.0,Indian Rupees(Rs.),42.0,3.9,Yellow,Good,3.0 - 3.9 (Moderate),181,20.3,181,3801.0
1218,2443,5000.0,Indian Rupees(Rs.),60.0,3.7,Yellow,Good,3.0 - 3.9 (Moderate),131,18.07,131,3930.0
1219,270,700.0,Indian Rupees(Rs.),8.4,2.8,Orange,Average,< 3.0 (Low),191,14.72,286,1201.2
1220,309252,1000.0,Indian Rupees(Rs.),12.0,3.3,Orange,Average,3.0 - 3.9 (Moderate),793,22.03,1190,7140.0
1221,18303709,1500.0,Indian Rupees(Rs.),18.0,4.6,Dark Green,Excellent,4.5 - 5.0 (Top Tier),563,29.14,563,5067.0
1222,18409224,1200.0,Indian Rupees(Rs.),14.4,4.6,Dark Green,Excellent,4.5 - 5.0 (Top Tier),177,23.84,177,1274.4
1223,18277179,1800.0,Indian Rupees(Rs.),21.6,4.5,Dark Green,Excellent,4.5 - 5.0 (Top Tier),407,27.05,407,4395.6
1224,308570,1200.0,Indian Rupees(Rs.),14.4,3.7,Yellow,Good,3.0 - 3.9 (Moderate),647,23.95,970,6984.0
1225,308263,600.0,Indian Rupees(Rs.),7.2,3.7,Yellow,Good,3.0 - 3.9 (Moderate),503,23.02,754,2714.4
1226,306133,2500.0,Indian Rupees(Rs.),30.0,3.7,Yellow,Good,3.0 - 3.9 (Moderate),980,25.49,1470,22050.0
1227,306142,200.0,Indian Rupees(Rs.),2.4,3.7,Yellow,Good,3.0 - 3.9 (Moderate),544,23.31,816,979.2
1228,308609,400.0,Indian Rupees(Rs.),4.8,3.6,Yellow,Good,3.0 - 3.9 (Moderate),455,22.04,682,1636.8
1229,18383453,1250.0,Indian Rupees(Rs.),15.0,3.9,Yellow,Good,3.0 - 3.9 (Moderate),230,21.23,230,1725.0
1230,305478,600.0,Indian Rupees(Rs.),7.2,3.8,Yellow,Good,3.0 - 3.9 (Moderate),701,24.9,1052,3787.2
1231,308357,1800.0,Indian Rupees(Rs.),21.6,3.6,Yellow,Good,3.0 - 3.9 (Moderate),313,20.7,313,3380.4
1232,306128,1500.0,Indian Rupees(Rs.),18.0,3.6,Yellow,Good,3.0 - 3.9 (Moderate),625,23.18,625,5625.0
1233,308020,350.0,Indian Rupees(Rs.),4.2,3.9,Yellow,Good,3.0 - 3.9 (Moderate),425,23.61,638,1339.8
1234,309883,1100.0,Indian Rupees(Rs.),13.2,3.6,Yellow,Good,3.0 - 3.9 (Moderate),734,23.76,734,4844.4
1235,306132,1700.0,Indian Rupees(Rs.),20.4,3.8,Yellow,Good,3.0 - 3.9 (Moderate),706,24.93,1059,10801.8
1236,306956,2000.0,Indian Rupees(Rs.),24.0,3.9,Yellow,Good,3.0 - 3.9 (Moderate),1490,28.5,1490,17880.0
1237,305862,600.0,Indian Rupees(Rs.),7.2,3.9,Yellow,Good,3.0 - 3.9 (Moderate),870,26.4,1305,4698.0
1238,307309,2000.0,Indian Rupees(Rs.),24.0,3.8,Yellow,Good,3.0 - 3.9 (Moderate),1065,26.49,1598,19176.0
1239,306131,700.0,Indian Rupees(Rs.),8.4,3.6,Yellow,Good,3.0 - 3.9 (Moderate),365,21.25,548,2301.6
1240,306127,1400.0,Indian Rupees(Rs.),16.8,3.5,Yellow,Good,3.0 - 3.9 (Moderate),384,20.84,576,4838.4
1241,313149,1400.0,Indian Rupees(Rs.),16.8,3.9,Yellow,Good,3.0 - 3.9 (Moderate),622,25.09,622,5224.8
1242,306001,700.0,Indian Rupees(Rs.),8.4,3.9,Yellow,Good,3.0 - 3.9 (Moderate),560,24.69,560,2352.0
1243,308016,2300.0,Indian Rupees(Rs.),27.6,3.8,Yellow,Good,3.0 - 3.9 (Moderate),1046,26.42,1046,14434.8
1244,18336509,550.0,Indian Rupees(Rs.),6.6,3.8,Yellow,Good,3.0 - 3.9 (Moderate),176,19.67,264,871.2
1245,18336176,1700.0,Indian Rupees(Rs.),20.4,3.7,Yellow,Good,3.0 - 3.9 (Moderate),173,19.09,173,1764.6
1246,18383472,600.0,Indian Rupees(Rs.),7.2,3.8,Yellow,Good,3.0 - 3.9 (Moderate),227,20.63,340,1224.0
1247,18292448,400.0,Indian Rupees(Rs.),4.8,3.9,Yellow,Good,3.0 - 3.9 (Moderate),296,22.21,444,1065.6
1248,306134,2000.0,Indian Rupees(Rs.),24.0,2.4,Red,Poor,< 3.0 (Low),2412,18.69,2412,28944.0
1249,306946,2000.0,Indian Rupees(Rs.),24.0,4.0,Green,Very Good,4.0 - 4.4 (High),1840,30.07,1840,22080.0
1250,18289242,1500.0,Indian Rupees(Rs.),18.0,4.3,Green,Very Good,4.0 - 4.4 (High),716,28.27,1074,9666.0
1251,18277030,800.0,Indian Rupees(Rs.),9.6,4.0,Green,Very Good,4.0 - 4.4 (High),199,21.19,298,1430.4
1252,306153,2000.0,Indian Rupees(Rs.),24.0,4.0,Green,Very Good,4.0 - 4.4 (High),1658,29.66,2487,29844.0
1253,308022,2200.0,Indian Rupees(Rs.),26.4,4.3,Green,Very Good,4.0 - 4.4 (High),4385,36.06,4385,57882.0
1254,305905,2500.0,Indian Rupees(Rs.),30.0,4.1,Green,Very Good,4.0 - 4.4 (High),1949,31.06,1949,29235.0
1255,18245277,900.0,Indian Rupees(Rs.),10.8,4.0,Green,Very Good,4.0 - 4.4 (High),219,21.57,328,1771.2
1256,305670,1500.0,Indian Rupees(Rs.),18.0,4.0,Green,Very Good,4.0 - 4.4 (High),1595,29.5,1595,14355.0
1257,305815,1200.0,Indian Rupees(Rs.),14.4,4.0,Green,Very Good,4.0 - 4.4 (High),1730,29.83,2595,18684.0
1258,18208920,1750.0,Indian Rupees(Rs.),21.0,4.1,Green,Very Good,4.0 - 4.4 (High),353,24.06,353,3706.5
1259,306046,1300.0,Indian Rupees(Rs.),15.6,4.0,Green,Very Good,4.0 - 4.4 (High),2843,31.81,2843,22175.4
1260,18381226,1500.0,Indian Rupees(Rs.),18.0,4.0,Green,Very Good,4.0 - 4.4 (High),209,21.39,209,1881.0
1261,4992,1200.0,Indian Rupees(Rs.),14.4,3.1,Orange,Average,3.0 - 3.9 (Moderate),185,16.2,185,1332.0
1262,300749,400.0,Indian Rupees(Rs.),4.8,3.8,Yellow,Good,3.0 - 3.9 (Moderate),393,22.71,590,1416.0
1263,278,1500.0,Indian Rupees(Rs.),18.0,3.8,Yellow,Good,3.0 - 3.9 (Moderate),333,22.08,333,2997.0
1264,225,700.0,Indian Rupees(Rs.),8.4,2.4,Red,Poor,< 3.0 (Low),125,11.61,125,525.0
1265,18337929,1800.0,Indian Rupees(Rs.),21.6,4.2,Green,Very Good,4.0 - 4.4 (High),205,22.38,308,3326.4
1266,5960,1700.0,Indian Rupees(Rs.),20.4,3.4,Orange,Average,3.0 - 3.9 (Moderate),294,19.34,294,2998.8
1267,1664,700.0,Indian Rupees(Rs.),8.4,3.3,Orange,Average,3.0 - 3.9 (Moderate),129,16.06,194,814.8
1268,157,500.0,Indian Rupees(Rs.),6.0,2.5,Orange,Average,< 3.0 (Low),125,12.09,125,375.0
1269,18235155,300.0,Indian Rupees(Rs.),3.6,3.8,Yellow,Good,3.0 - 3.9 (Moderate),74,16.41,111,199.8
1270,310211,350.0,Indian Rupees(Rs.),4.2,3.7,Yellow,Good,3.0 - 3.9 (Moderate),217,19.92,326,684.6
1271,3346,700.0,Indian Rupees(Rs.),8.4,3.8,Yellow,Good,3.0 - 3.9 (Moderate),239,20.83,358,1503.6
1272,310854,350.0,Indian Rupees(Rs.),4.2,3.8,Yellow,Good,3.0 - 3.9 (Moderate),317,21.9,476,999.6
1273,18247015,650.0,Indian Rupees(Rs.),7.8,3.9,Yellow,Good,3.0 - 3.9 (Moderate),136,19.19,204,795.6
1274,309387,900.0,Indian Rupees(Rs.),10.8,3.6,Yellow,Good,3.0 - 3.9 (Moderate),426,21.8,639,3450.6
1275,7418,400.0,Indian Rupees(Rs.),4.8,3.8,Yellow,Good,3.0 - 3.9 (Moderate),196,20.08,294,705.6
1276,1455,800.0,Indian Rupees(Rs.),9.6,3.5,Yellow,Good,3.0 - 3.9 (Moderate),173,18.06,260,1248.0
1277,18241867,700.0,Indian Rupees(Rs.),8.4,3.5,Yellow,Good,3.0 - 3.9 (Moderate),52,13.9,52,218.4
1278,308889,500.0,Indian Rupees(Rs.),6.0,3.5,Yellow,Good,3.0 - 3.9 (Moderate),189,18.36,284,852.0
1279,4620,800.0,Indian Rupees(Rs.),9.6,2.4,Red,Poor,< 3.0 (Low),88,10.77,88,422.4
1280,18322666,400.0,Indian Rupees(Rs.),4.8,4.3,Green,Very Good,4.0 - 4.4 (High),154,21.69,231,554.4
1281,311718,800.0,Indian Rupees(Rs.),9.6,4.0,Green,Very Good,4.0 - 4.4 (High),169,20.54,254,1219.2
1282,18255106,2500.0,Indian Rupees(Rs.),30.0,4.1,Green,Very Good,4.0 - 4.4 (High),230,22.31,230,3450.0
1283,4876,650.0,Indian Rupees(Rs.),7.8,3.2,Orange,Average,3.0 - 3.9 (Moderate),18,9.42,27,105.3
1284,631,450.0,Indian Rupees(Rs.),5.4,2.6,Orange,Average,< 3.0 (Low),27,8.66,27,72.9
1285,226,700.0,Indian Rupees(Rs.),8.4,2.8,Orange,Average,< 3.0 (Low),30,9.62,30,126.0
1286,8805,1500.0,Indian Rupees(Rs.),18.0,3.0,Orange,Average,3.0 - 3.9 (Moderate),49,11.74,49,441.0
1287,3540,500.0,Indian Rupees(Rs.),6.0,2.6,Orange,Average,< 3.0 (Low),30,8.93,30,90.0
1288,311579,500.0,Indian Rupees(Rs.),6.0,3.3,Orange,Average,3.0 - 3.9 (Moderate),27,11.0,27,81.0
1289,303709,800.0,Indian Rupees(Rs.),9.6,2.8,Orange,Average,< 3.0 (Low),29,9.52,44,211.2
1290,18391156,300.0,Indian Rupees(Rs.),3.6,3.3,Orange,Average,3.0 - 3.9 (Moderate),13,8.71,13,23.4
1291,301319,350.0,Indian Rupees(Rs.),4.2,3.3,Orange,Average,3.0 - 3.9 (Moderate),20,10.05,20,42.0
1292,158,500.0,Indian Rupees(Rs.),6.0,3.1,Orange,Average,3.0 - 3.9 (Moderate),46,11.94,46,138.0
1293,1360,600.0,Indian Rupees(Rs.),7.2,2.5,Orange,Average,< 3.0 (Low),69,10.62,104,374.4
1294,310737,2000.0,Indian Rupees(Rs.),24.0,3.9,Yellow,Good,3.0 - 3.9 (Moderate),490,24.17,735,8820.0
1295,4762,800.0,Indian Rupees(Rs.),9.6,3.5,Yellow,Good,3.0 - 3.9 (Moderate),112,16.55,168,806.4
1296,311736,300.0,Indian Rupees(Rs.),3.6,0.0,White,Not rated,Unrated,3,0.0,3,5.4
1297,311116,500.0,Indian Rupees(Rs.),6.0,2.2,Red,Poor,< 3.0 (Low),73,9.47,110,330.0
1298,3483,800.0,Indian Rupees(Rs.),9.6,3.4,Orange,Average,3.0 - 3.9 (Moderate),65,14.24,65,312.0
1299,18308025,150.0,Indian Rupees(Rs.),1.8,3.1,Orange,Average,3.0 - 3.9 (Moderate),9,7.14,9,8.1
1300,307272,800.0,Indian Rupees(Rs.),9.6,3.2,Orange,Average,3.0 - 3.9 (Moderate),184,16.71,276,1324.8
1301,18025115,200.0,Indian Rupees(Rs.),2.4,2.9,Orange,Average,< 3.0 (Low),4,4.67,4,4.8
1302,18454285,250.0,Indian Rupees(Rs.),3.0,3.0,Orange,Average,3.0 - 3.9 (Moderate),4,4.83,4,6.0
1303,1687,600.0,Indian Rupees(Rs.),7.2,2.9,Orange,Average,< 3.0 (Low),5,5.2,5,18.0
1304,308605,750.0,Indian Rupees(Rs.),9.0,3.4,Orange,Average,3.0 - 3.9 (Moderate),84,15.11,84,378.0
1305,18422652,550.0,Indian Rupees(Rs.),6.6,3.2,Orange,Average,3.0 - 3.9 (Moderate),10,7.67,10,33.0
1306,18131568,650.0,Indian Rupees(Rs.),7.8,3.2,Orange,Average,3.0 - 3.9 (Moderate),15,8.87,15,58.5
1307,18034048,650.0,Indian Rupees(Rs.),7.8,3.1,Orange,Average,3.0 - 3.9 (Moderate),12,7.95,12,46.8
1308,18138457,700.0,Indian Rupees(Rs.),8.4,2.9,Orange,Average,< 3.0 (Low),35,10.39,35,147.0
1309,313272,200.0,Indian Rupees(Rs.),2.4,2.9,Orange,Average,< 3.0 (Low),4,4.67,4,4.8
1310,9778,500.0,Indian Rupees(Rs.),6.0,2.8,Orange,Average,< 3.0 (Low),54,11.22,81,243.0
1311,312523,500.0,Indian Rupees(Rs.),6.0,3.1,Orange,Average,3.0 - 3.9 (Moderate),10,7.43,10,30.0
1312,18424575,600.0,Indian Rupees(Rs.),7.2,3.1,Orange,Average,3.0 - 3.9 (Moderate),7,6.45,10,36.0
1313,18204463,500.0,Indian Rupees(Rs.),6.0,4.6,Dark Green,Excellent,4.5 - 5.0 (Top Tier),395,27.51,592,1776.0
1314,307627,1500.0,Indian Rupees(Rs.),18.0,3.9,Yellow,Good,3.0 - 3.9 (Moderate),360,22.97,540,4860.0
1315,301302,200.0,Indian Rupees(Rs.),2.4,3.8,Yellow,Good,3.0 - 3.9 (Moderate),326,22.0,489,586.8
1316,312995,700.0,Indian Rupees(Rs.),8.4,3.9,Yellow,Good,3.0 - 3.9 (Moderate),403,23.41,604,2536.8
1317,308577,1000.0,Indian Rupees(Rs.),12.0,3.8,Yellow,Good,3.0 - 3.9 (Moderate),447,23.2,670,4020.0
1318,313376,600.0,Indian Rupees(Rs.),7.2,3.5,Yellow,Good,3.0 - 3.9 (Moderate),56,14.15,84,302.4
1319,312536,700.0,Indian Rupees(Rs.),8.4,3.6,Yellow,Good,3.0 - 3.9 (Moderate),38,13.19,57,239.4
1320,310385,1300.0,Indian Rupees(Rs.),15.6,3.8,Yellow,Good,3.0 - 3.9 (Moderate),124,18.35,186,1450.8
1321,18464003,250.0,Indian Rupees(Rs.),3.0,0.0,White,Not rated,Unrated,1,0.0,2,3.0
1322,18349915,400.0,Indian Rupees(Rs.),4.8,0.0,White,Not rated,Unrated,3,0.0,3,7.2
1323,18299228,400.0,Indian Rupees(Rs.),4.8,0.0,White,Not rated,Unrated,2,0.0,2,4.8
1324,18034074,200.0,Indian Rupees(Rs.),2.4,0.0,White,Not rated,Unrated,1,0.0,1,1.2
1325,311080,500.0,Indian Rupees(Rs.),6.0,3.8,Yellow,Good,3.0 - 3.9 (Moderate),299,21.67,448,1344.0
1326,18462603,400.0,Indian Rupees(Rs.),4.8,0.0,White,Not rated,Unrated,0,0.0,0,0.0
1327,18481295,300.0,Indian Rupees(Rs.),3.6,0.0,White,Not rated,Unrated,0,0.0,0,0.0
1328,18472765,600.0,Indian Rupees(Rs.),7.2,0.0,White,Not rated,Unrated,0,0.0,0,0.0
1329,18499452,200.0,Indian Rupees(Rs.),2.4,0.0,White,Not rated,Unrated,0,0.0,0,0.0
1330,18500652,400.0,Indian Rupees(Rs.),4.8,0.0,White,Not rated,Unrated,0,0.0,0,0.0
1331,18361580,200.0,Indian Rupees(Rs.),2.4,0.0,White,Not rated,Unrated,0,0.0,0,0.0
1332,18417487,200.0,Indian Rupees(Rs.),2.4,0.0,White,Not rated,Unrated,1,0.0,1,1.2
1333,18462605,300.0,Indian Rupees(Rs.),3.6,0.0,White,Not rated,Unrated,0,0.0,0,0.0
1334,18462609,600.0,Indian Rupees(Rs.),7.2,0.0,White,Not rated,Unrated,0,0.0,0,0.0
1335,3565,350.0,Indian Rupees(Rs.),4.2,2.5,Orange,Average,< 3.0 (Low),16,7.08,24,50.4
1336,18367364,400.0,Indian Rupees(Rs.),4.8,3.2,Orange,Average,3.0 - 3.9 (Moderate),13,8.44,13,31.2
1337,1028,400.0,Indian Rupees(Rs.),4.8,3.0,Orange,Average,3.0 - 3.9 (Moderate),160,15.24,240,576.0
1338,308673,200.0,Indian Rupees(Rs.),2.4,2.6,Orange,Average,< 3.0 (Low),36,9.39,36,43.2
1339,18383473,700.0,Indian Rupees(Rs.),8.4,3.2,Orange,Average,3.0 - 3.9 (Moderate),17,9.25,26,109.2
1340,18444416,350.0,Indian Rupees(Rs.),4.2,3.3,Orange,Average,3.0 - 3.9 (Moderate),11,8.2,11,23.1
1341,18161609,450.0,Indian Rupees(Rs.),5.4,3.1,Orange,Average,3.0 - 3.9 (Moderate),9,7.14,9,24.3
1342,611,450.0,Indian Rupees(Rs.),5.4,3.2,Orange,Average,3.0 - 3.9 (Moderate),26,10.55,26,70.2
1343,18322677,400.0,Indian Rupees(Rs.),4.8,3.2,Orange,Average,3.0 - 3.9 (Moderate),21,9.89,32,76.8
1344,18204847,600.0,Indian Rupees(Rs.),7.2,3.3,Orange,Average,3.0 - 3.9 (Moderate),25,10.75,38,136.8
1345,308044,200.0,Indian Rupees(Rs.),2.4,2.8,Orange,Average,< 3.0 (Low),18,8.24,27,32.4
1346,18294819,600.0,Indian Rupees(Rs.),7.2,2.9,Orange,Average,< 3.0 (Low),7,6.03,10,36.0
1347,309697,600.0,Indian Rupees(Rs.),7.2,3.0,Orange,Average,3.0 - 3.9 (Moderate),35,10.75,52,187.2
1348,18444353,300.0,Indian Rupees(Rs.),3.6,3.4,Orange,Average,3.0 - 3.9 (Moderate),18,10.01,27,48.6
1349,304185,700.0,Indian Rupees(Rs.),8.4,3.0,Orange,Average,3.0 - 3.9 (Moderate),14,8.12,14,58.8
1350,18383489,300.0,Indian Rupees(Rs.),3.6,3.2,Orange,Average,3.0 - 3.9 (Moderate),15,8.87,15,27.0
1351,312022,550.0,Indian Rupees(Rs.),6.6,3.4,Orange,Average,3.0 - 3.9 (Moderate),18,10.01,27,89.1
1352,18425765,550.0,Indian Rupees(Rs.),6.6,3.4,Orange,Average,3.0 - 3.9 (Moderate),29,11.56,44,145.2
1353,2827,450.0,Indian Rupees(Rs.),5.4,2.7,Orange,Average,< 3.0 (Low),22,8.47,22,59.4
1354,18223957,300.0,Indian Rupees(Rs.),3.6,3.3,Orange,Average,3.0 - 3.9 (Moderate),14,8.94,14,25.2
1355,18492107,300.0,Indian Rupees(Rs.),3.6,3.4,Orange,Average,3.0 - 3.9 (Moderate),19,10.19,19,34.2
1356,300074,150.0,Indian Rupees(Rs.),1.8,3.1,Orange,Average,3.0 - 3.9 (Moderate),83,13.74,124,111.6
1357,305096,400.0,Indian Rupees(Rs.),4.8,2.5,Orange,Average,< 3.0 (Low),20,7.61,30,72.0
1358,18336206,400.0,Indian Rupees(Rs.),4.8,2.5,Orange,Average,< 3.0 (Low),19,7.49,28,67.2
1359,303094,400.0,Indian Rupees(Rs.),4.8,3.4,Orange,Average,3.0 - 3.9 (Moderate),359,20.01,538,1291.2
1360,306858,600.0,Indian Rupees(Rs.),7.2,2.6,Orange,Average,< 3.0 (Low),51,10.27,76,273.6
1361,312562,400.0,Indian Rupees(Rs.),4.8,3.1,Orange,Average,3.0 - 3.9 (Moderate),53,12.37,80,192.0
1362,307935,350.0,Indian Rupees(Rs.),4.2,3.1,Orange,Average,3.0 - 3.9 (Moderate),71,13.26,106,222.6
1363,302184,300.0,Indian Rupees(Rs.),3.6,3.1,Orange,Average,3.0 - 3.9 (Moderate),33,10.93,33,59.4
1364,1694,200.0,Indian Rupees(Rs.),2.4,2.7,Orange,Average,< 3.0 (Low),19,8.09,19,22.8
1365,309541,1000.0,Indian Rupees(Rs.),12.0,3.4,Orange,Average,3.0 - 3.9 (Moderate),132,16.63,132,792.0
1366,18161587,500.0,Indian Rupees(Rs.),6.0,3.2,Orange,Average,3.0 - 3.9 (Moderate),74,13.82,111,333.0
1367,18258475,500.0,Indian Rupees(Rs.),6.0,3.0,Orange,Average,3.0 - 3.9 (Moderate),6,5.84,6,18.0
1368,313209,200.0,Indian Rupees(Rs.),2.4,3.2,Orange,Average,3.0 - 3.9 (Moderate),42,12.04,63,75.6
1369,302229,100.0,Indian Rupees(Rs.),1.2,3.1,Orange,Average,3.0 - 3.9 (Moderate),29,10.54,44,26.4
1370,18441196,300.0,Indian Rupees(Rs.),3.6,3.2,Orange,Average,3.0 - 3.9 (Moderate),14,8.67,14,25.2
1371,18398610,550.0,Indian Rupees(Rs.),6.6,3.4,Orange,Average,3.0 - 3.9 (Moderate),35,12.18,52,171.6
1372,18237322,300.0,Indian Rupees(Rs.),3.6,3.2,Orange,Average,3.0 - 3.9 (Moderate),45,12.25,68,122.4
1373,309696,600.0,Indian Rupees(Rs.),7.2,2.7,Orange,Average,< 3.0 (Low),51,10.67,76,273.6
1374,18357544,700.0,Indian Rupees(Rs.),8.4,2.9,Orange,Average,< 3.0 (Low),22,9.09,33,138.6
1375,18431563,550.0,Indian Rupees(Rs.),6.6,3.3,Orange,Average,3.0 - 3.9 (Moderate),15,9.15,15,49.5
1376,18337747,350.0,Indian Rupees(Rs.),4.2,3.0,Orange,Average,3.0 - 3.9 (Moderate),12,7.69,18,37.8
1377,18258477,500.0,Indian Rupees(Rs.),6.0,3.2,Orange,Average,3.0 - 3.9 (Moderate),38,11.72,57,171.0
1378,18396189,400.0,Indian Rupees(Rs.),4.8,3.2,Orange,Average,3.0 - 3.9 (Moderate),15,8.87,15,36.0
1379,6915,350.0,Indian Rupees(Rs.),4.2,2.7,Orange,Average,< 3.0 (Low),23,8.58,23,48.3
1380,18233576,600.0,Indian Rupees(Rs.),7.2,3.3,Orange,Average,3.0 - 3.9 (Moderate),23,10.49,34,122.4
1381,18256890,400.0,Indian Rupees(Rs.),4.8,2.8,Orange,Average,< 3.0 (Low),31,9.7,46,110.4
1382,18384115,500.0,Indian Rupees(Rs.),6.0,4.9,Dark Green,Excellent,4.5 - 5.0 (Top Tier),223,26.52,334,1002.0
1383,18352208,200.0,Indian Rupees(Rs.),2.4,3.7,Yellow,Good,3.0 - 3.9 (Moderate),55,14.89,82,98.4
1384,4171,300.0,Indian Rupees(Rs.),3.6,3.6,Yellow,Good,3.0 - 3.9 (Moderate),319,20.77,478,860.4
1385,18238279,550.0,Indian Rupees(Rs.),6.6,3.5,Yellow,Good,3.0 - 3.9 (Moderate),46,13.48,69,227.7
1386,18286517,400.0,Indian Rupees(Rs.),4.8,3.9,Yellow,Good,3.0 - 3.9 (Moderate),54,15.63,81,194.4
1387,575,800.0,Indian Rupees(Rs.),9.6,3.7,Yellow,Good,3.0 - 3.9 (Moderate),371,21.9,556,2668.8
1388,18280305,300.0,Indian Rupees(Rs.),3.6,3.6,Yellow,Good,3.0 - 3.9 (Moderate),26,11.87,26,46.8
1389,18359286,500.0,Indian Rupees(Rs.),6.0,3.5,Yellow,Good,3.0 - 3.9 (Moderate),66,14.72,99,297.0
1390,18450609,250.0,Indian Rupees(Rs.),3.0,3.5,Yellow,Good,3.0 - 3.9 (Moderate),28,11.79,42,63.0
1391,18237324,300.0,Indian Rupees(Rs.),3.6,3.5,Yellow,Good,3.0 - 3.9 (Moderate),27,11.66,40,72.0
1392,18461214,400.0,Indian Rupees(Rs.),4.8,3.6,Yellow,Good,3.0 - 3.9 (Moderate),29,12.24,29,69.6
1393,18294226,500.0,Indian Rupees(Rs.),6.0,3.8,Yellow,Good,3.0 - 3.9 (Moderate),45,14.55,68,204.0
1394,18383513,1000.0,Indian Rupees(Rs.),12.0,3.5,Yellow,Good,3.0 - 3.9 (Moderate),19,10.49,19,114.0
1395,18372311,500.0,Indian Rupees(Rs.),6.0,3.5,Yellow,Good,3.0 - 3.9 (Moderate),52,13.9,78,234.0
1396,4172,400.0,Indian Rupees(Rs.),4.8,2.0,Red,Poor,< 3.0 (Low),60,8.22,90,216.0
1397,310525,500.0,Indian Rupees(Rs.),6.0,2.1,Red,Poor,< 3.0 (Low),34,7.47,51,153.0
1398,300054,350.0,Indian Rupees(Rs.),4.2,2.2,Red,Poor,< 3.0 (Low),136,10.82,204,428.4
1399,301278,500.0,Indian Rupees(Rs.),6.0,2.2,Red,Poor,< 3.0 (Low),43,8.33,43,129.0
1400,18451182,500.0,Indian Rupees(Rs.),6.0,4.0,Green,Very Good,4.0 - 4.4 (High),34,14.22,51,153.0
1401,18384142,400.0,Indian Rupees(Rs.),4.8,4.3,Green,Very Good,4.0 - 4.4 (High),33,15.16,50,120.0
1402,18241498,300.0,Indian Rupees(Rs.),3.6,4.0,Green,Very Good,4.0 - 4.4 (High),162,20.38,162,291.6
1403,18265384,700.0,Indian Rupees(Rs.),8.4,4.3,Green,Very Good,4.0 - 4.4 (High),217,23.15,326,1369.2
1404,311494,550.0,Indian Rupees(Rs.),6.6,3.1,Orange,Average,3.0 - 3.9 (Moderate),195,16.36,292,963.6
1405,7078,1000.0,Indian Rupees(Rs.),12.0,3.4,Orange,Average,3.0 - 3.9 (Moderate),210,18.2,315,1890.0
1406,307185,500.0,Indian Rupees(Rs.),6.0,3.4,Orange,Average,3.0 - 3.9 (Moderate),165,17.38,248,744.0
1407,18371404,1000.0,Indian Rupees(Rs.),12.0,3.7,Yellow,Good,3.0 - 3.9 (Moderate),98,17.0,147,882.0
1408,18281982,700.0,Indian Rupees(Rs.),8.4,3.8,Yellow,Good,3.0 - 3.9 (Moderate),115,18.06,172,722.4
1409,311725,800.0,Indian Rupees(Rs.),9.6,3.5,Yellow,Good,3.0 - 3.9 (Moderate),129,17.04,194,931.2
1410,18365994,600.0,Indian Rupees(Rs.),7.2,3.9,Yellow,Good,3.0 - 3.9 (Moderate),164,19.91,246,885.6
1411,18254524,800.0,Indian Rupees(Rs.),9.6,3.8,Yellow,Good,3.0 - 3.9 (Moderate),86,16.97,129,619.2
1412,18070480,1200.0,Indian Rupees(Rs.),14.4,3.5,Yellow,Good,3.0 - 3.9 (Moderate),269,19.59,404,2908.8
1413,312261,600.0,Indian Rupees(Rs.),7.2,3.9,Yellow,Good,3.0 - 3.9 (Moderate),124,18.83,186,669.6
1414,18433890,600.0,Indian Rupees(Rs.),7.2,3.8,Yellow,Good,3.0 - 3.9 (Moderate),61,15.68,92,331.2
1415,18138434,500.0,Indian Rupees(Rs.),6.0,3.9,Yellow,Good,3.0 - 3.9 (Moderate),90,17.59,135,405.0
1416,303100,750.0,Indian Rupees(Rs.),9.0,3.6,Yellow,Good,3.0 - 3.9 (Moderate),213,19.32,320,1440.0
1417,18025125,750.0,Indian Rupees(Rs.),9.0,3.6,Yellow,Good,3.0 - 3.9 (Moderate),461,22.09,692,3114.0
1418,18425140,850.0,Indian Rupees(Rs.),10.2,4.2,Green,Very Good,4.0 - 4.4 (High),93,19.08,140,714.0
1419,18241497,750.0,Indian Rupees(Rs.),9.0,4.4,Green,Very Good,4.0 - 4.4 (High),161,22.39,242,1089.0
1420,18153541,1300.0,Indian Rupees(Rs.),15.6,4.1,Green,Very Good,4.0 - 4.4 (High),255,22.74,382,2979.6
1421,18339049,600.0,Indian Rupees(Rs.),7.2,4.0,Green,Very Good,4.0 - 4.4 (High),88,17.95,132,475.2
1422,18232093,650.0,Indian Rupees(Rs.),7.8,4.1,Green,Very Good,4.0 - 4.4 (High),134,20.11,201,783.9
1423,18361762,650.0,Indian Rupees(Rs.),7.8,4.1,Green,Very Good,4.0 - 4.4 (High),152,20.62,228,889.2
1424,18025098,600.0,Indian Rupees(Rs.),7.2,4.1,Green,Very Good,4.0 - 4.4 (High),151,20.6,226,813.6
1425,18337913,600.0,Indian Rupees(Rs.),7.2,3.4,Orange,Average,3.0 - 3.9 (Moderate),42,12.79,63,226.8
1426,18138446,300.0,Indian Rupees(Rs.),3.6,3.6,Yellow,Good,3.0 - 3.9 (Moderate),39,13.28,58,104.4
1427,18383447,400.0,Indian Rupees(Rs.),4.8,3.9,Yellow,Good,3.0 - 3.9 (Moderate),40,14.48,60,144.0
1428,18381262,300.0,Indian Rupees(Rs.),3.6,3.8,Yellow,Good,3.0 - 3.9 (Moderate),93,17.26,140,252.0
1429,18349894,400.0,Indian Rupees(Rs.),4.8,3.1,Orange,Average,3.0 - 3.9 (Moderate),7,6.45,7,16.8
1430,304552,1100.0,Indian Rupees(Rs.),13.2,3.4,Orange,Average,3.0 - 3.9 (Moderate),129,16.55,194,1280.4
1431,4618,800.0,Indian Rupees(Rs.),9.6,2.9,Orange,Average,< 3.0 (Low),107,13.58,107,513.6
1432,307366,550.0,Indian Rupees(Rs.),6.6,3.6,Yellow,Good,3.0 - 3.9 (Moderate),59,14.74,59,194.7
1433,18366026,800.0,Indian Rupees(Rs.),9.6,3.8,Yellow,Good,3.0 - 3.9 (Moderate),40,14.11,40,192.0
1434,9895,1100.0,Indian Rupees(Rs.),13.2,3.6,Yellow,Good,3.0 - 3.9 (Moderate),296,20.5,444,2930.4
1435,18453035,1200.0,Indian Rupees(Rs.),14.4,3.6,Yellow,Good,3.0 - 3.9 (Moderate),27,12.0,27,194.4
1436,302455,1800.0,Indian Rupees(Rs.),21.6,3.5,Yellow,Good,3.0 - 3.9 (Moderate),259,19.46,388,4190.4
1437,308248,350.0,Indian Rupees(Rs.),4.2,3.5,Yellow,Good,3.0 - 3.9 (Moderate),34,12.44,34,71.4
1438,313047,1000.0,Indian Rupees(Rs.),12.0,3.8,Yellow,Good,3.0 - 3.9 (Moderate),120,18.22,180,1080.0
1439,8241,3200.0,Indian Rupees(Rs.),38.4,4.2,Green,Very Good,4.0 - 4.4 (High),1193,29.76,1193,22905.6
1440,18341926,1400.0,Indian Rupees(Rs.),16.8,4.1,Green,Very Good,4.0 - 4.4 (High),147,20.49,220,1848.0
1441,308023,500.0,Indian Rupees(Rs.),6.0,4.1,Green,Very Good,4.0 - 4.4 (High),227,22.26,340,1020.0
1442,311486,1600.0,Indian Rupees(Rs.),19.2,4.0,Green,Very Good,4.0 - 4.4 (High),192,21.05,288,2764.8
1443,18138430,1000.0,Indian Rupees(Rs.),12.0,4.4,Green,Very Good,4.0 - 4.4 (High),83,19.5,83,498.0
1444,18361778,3000.0,Indian Rupees(Rs.),36.0,4.2,Green,Very Good,4.0 - 4.4 (High),77,18.3,77,1386.0
1445,9742,1600.0,Indian Rupees(Rs.),19.2,4.1,Green,Very Good,4.0 - 4.4 (High),229,22.3,344,3302.4
1446,7518,2000.0,Indian Rupees(Rs.),24.0,3.4,Orange,Average,3.0 - 3.9 (Moderate),52,13.5,52,624.0
1447,7516,3000.0,Indian Rupees(Rs.),36.0,3.6,Yellow,Good,3.0 - 3.9 (Moderate),58,14.68,58,1044.0
1448,3586,650.0,Indian Rupees(Rs.),7.8,3.3,Orange,Average,3.0 - 3.9 (Moderate),25,10.75,38,148.2
1449,313264,500.0,Indian Rupees(Rs.),6.0,3.4,Orange,Average,3.0 - 3.9 (Moderate),452,20.79,678,2034.0
1450,311805,2000.0,Indian Rupees(Rs.),24.0,2.6,Orange,Average,< 3.0 (Low),35,9.32,35,420.0
1451,308897,500.0,Indian Rupees(Rs.),6.0,2.6,Orange,Average,< 3.0 (Low),134,12.75,201,603.0
1452,2825,1100.0,Indian Rupees(Rs.),13.2,2.7,Orange,Average,< 3.0 (Low),426,16.35,639,4217.4
1453,9674,800.0,Indian Rupees(Rs.),9.6,2.9,Orange,Average,< 3.0 (Low),108,13.6,162,777.6
1454,18276997,150.0,Indian Rupees(Rs.),1.8,3.8,Yellow,Good,3.0 - 3.9 (Moderate),35,13.62,35,31.5
1455,18336180,800.0,Indian Rupees(Rs.),9.6,2.6,Orange,Average,< 3.0 (Low),26,8.57,39,187.2
1456,311061,500.0,Indian Rupees(Rs.),6.0,3.2,Orange,Average,3.0 - 3.9 (Moderate),38,11.72,57,171.0
1457,18312471,550.0,Indian Rupees(Rs.),6.6,3.6,Yellow,Good,3.0 - 3.9 (Moderate),86,16.08,129,425.7
1458,18378048,1000.0,Indian Rupees(Rs.),12.0,3.6,Yellow,Good,3.0 - 3.9 (Moderate),29,12.24,44,264.0
1459,18462584,700.0,Indian Rupees(Rs.),8.4,3.8,Yellow,Good,3.0 - 3.9 (Moderate),43,14.38,64,268.8
1460,5019,1000.0,Indian Rupees(Rs.),12.0,3.6,Yellow,Good,3.0 - 3.9 (Moderate),42,13.54,42,252.0
1461,4719,2000.0,Indian Rupees(Rs.),24.0,4.0,Green,Very Good,4.0 - 4.4 (High),111,18.87,111,1332.0
1462,305400,2500.0,Indian Rupees(Rs.),30.0,2.6,Orange,Average,< 3.0 (Low),20,7.92,20,300.0
1463,309141,300.0,Indian Rupees(Rs.),3.6,2.7,Orange,Average,< 3.0 (Low),24,8.69,24,43.2
1464,302880,1000.0,Indian Rupees(Rs.),12.0,2.8,Orange,Average,< 3.0 (Low),261,15.59,392,2352.0
1465,303960,2000.0,Indian Rupees(Rs.),24.0,4.6,Dark Green,Excellent,4.5 - 5.0 (Top Tier),2093,35.18,2093,25116.0
1466,9773,1500.0,Indian Rupees(Rs.),18.0,3.6,Yellow,Good,3.0 - 3.9 (Moderate),38,13.19,38,342.0
1467,309125,1250.0,Indian Rupees(Rs.),15.0,3.9,Yellow,Good,3.0 - 3.9 (Moderate),106,18.22,106,795.0
1468,18463965,1600.0,Indian Rupees(Rs.),19.2,3.8,Yellow,Good,3.0 - 3.9 (Moderate),31,13.17,31,297.6
1469,18408054,700.0,Indian Rupees(Rs.),8.4,4.1,Green,Very Good,4.0 - 4.4 (High),84,18.21,126,529.2
1470,2091,400.0,Indian Rupees(Rs.),4.8,3.3,Orange,Average,3.0 - 3.9 (Moderate),165,16.87,248,595.2
1471,305790,1000.0,Indian Rupees(Rs.),12.0,2.7,Orange,Average,< 3.0 (Low),185,14.11,278,1668.0
1472,3445,550.0,Indian Rupees(Rs.),6.6,2.8,Orange,Average,< 3.0 (Low),48,10.9,72,237.6
1473,312111,800.0,Indian Rupees(Rs.),9.6,2.8,Orange,Average,< 3.0 (Low),14,7.58,14,67.2
1474,2475,850.0,Indian Rupees(Rs.),10.2,3.2,Orange,Average,3.0 - 3.9 (Moderate),37,11.64,37,188.7
1475,18361772,800.0,Indian Rupees(Rs.),9.6,3.2,Orange,Average,3.0 - 3.9 (Moderate),30,10.99,45,216.0
1476,308553,800.0,Indian Rupees(Rs.),9.6,3.3,Orange,Average,3.0 - 3.9 (Moderate),336,19.21,504,2419.2
1477,307043,1000.0,Indian Rupees(Rs.),12.0,3.4,Orange,Average,3.0 - 3.9 (Moderate),106,15.89,159,954.0
1478,307304,600.0,Indian Rupees(Rs.),7.2,3.4,Orange,Average,3.0 - 3.9 (Moderate),50,13.37,50,180.0
1479,18427868,1000.0,Indian Rupees(Rs.),12.0,4.6,Dark Green,Excellent,4.5 - 5.0 (Top Tier),150,23.08,225,1350.0
1480,2148,2200.0,Indian Rupees(Rs.),26.4,3.7,Yellow,Good,3.0 - 3.9 (Moderate),416,22.32,624,8236.8
1481,18450874,500.0,Indian Rupees(Rs.),6.0,3.6,Yellow,Good,3.0 - 3.9 (Moderate),32,12.59,32,96.0
1482,18408063,900.0,Indian Rupees(Rs.),10.8,3.6,Yellow,Good,3.0 - 3.9 (Moderate),110,16.95,165,891.0
1483,18393697,500.0,Indian Rupees(Rs.),6.0,3.8,Yellow,Good,3.0 - 3.9 (Moderate),74,16.41,74,222.0
1484,8931,1500.0,Indian Rupees(Rs.),18.0,3.5,Yellow,Good,3.0 - 3.9 (Moderate),81,15.42,122,1098.0
1485,306880,450.0,Indian Rupees(Rs.),5.4,3.5,Yellow,Good,3.0 - 3.9 (Moderate),116,16.67,116,313.2
1486,18408031,550.0,Indian Rupees(Rs.),6.6,3.6,Yellow,Good,3.0 - 3.9 (Moderate),36,13.0,54,178.2
1487,304897,700.0,Indian Rupees(Rs.),8.4,3.7,Yellow,Good,3.0 - 3.9 (Moderate),224,20.04,224,940.8
1488,309136,1500.0,Indian Rupees(Rs.),18.0,3.6,Yellow,Good,3.0 - 3.9 (Moderate),148,18.01,148,1332.0
1489,307580,2000.0,Indian Rupees(Rs.),24.0,3.9,Yellow,Good,3.0 - 3.9 (Moderate),280,21.99,420,5040.0
1490,18430557,1700.0,Indian Rupees(Rs.),20.4,3.9,Yellow,Good,3.0 - 3.9 (Moderate),67,16.46,67,683.4
1491,18441771,2000.0,Indian Rupees(Rs.),24.0,3.7,Yellow,Good,3.0 - 3.9 (Moderate),45,14.17,45,540.0
1492,18460311,700.0,Indian Rupees(Rs.),8.4,3.5,Yellow,Good,3.0 - 3.9 (Moderate),27,11.66,40,168.0
1493,18161583,850.0,Indian Rupees(Rs.),10.2,3.6,Yellow,Good,3.0 - 3.9 (Moderate),241,19.76,362,1846.2
1494,18237346,1200.0,Indian Rupees(Rs.),14.4,4.2,Green,Very Good,4.0 - 4.4 (High),146,20.96,219,1576.8
1495,311662,1000.0,Indian Rupees(Rs.),12.0,4.0,Green,Very Good,4.0 - 4.4 (High),259,22.24,388,2328.0
1496,18430602,700.0,Indian Rupees(Rs.),8.4,4.0,Green,Very Good,4.0 - 4.4 (High),20,12.18,30,126.0
1497,5172,500.0,Indian Rupees(Rs.),6.0,3.1,Orange,Average,3.0 - 3.9 (Moderate),138,15.3,207,621.0
1498,6643,500.0,Indian Rupees(Rs.),6.0,2.8,Orange,Average,< 3.0 (Low),101,12.95,152,456.0
1499,300978,400.0,Indian Rupees(Rs.),4.8,3.1,Orange,Average,3.0 - 3.9 (Moderate),94,14.12,94,225.6
1500,311640,1400.0,Indian Rupees(Rs.),16.8,2.8,Orange,Average,< 3.0 (Low),7,5.82,7,58.8
1501,311629,1400.0,Indian Rupees(Rs.),16.8,0.0,White,Not rated,Unrated,2,0.0,2,16.8
1502,303430,1500.0,Indian Rupees(Rs.),18.0,2.8,Orange,Average,< 3.0 (Low),15,7.76,15,135.0
1503,303486,600.0,Indian Rupees(Rs.),7.2,0.0,White,Not rated,Unrated,2,0.0,2,7.2
1504,309423,1000.0,Indian Rupees(Rs.),12.0,2.9,Orange,Average,< 3.0 (Low),6,5.64,6,36.0
1505,309421,1300.0,Indian Rupees(Rs.),15.6,2.7,Orange,Average,< 3.0 (Low),13,7.13,13,101.4
1506,308390,450.0,Indian Rupees(Rs.),5.4,3.4,Orange,Average,3.0 - 3.9 (Moderate),260,18.92,390,1053.0
1507,308473,500.0,Indian Rupees(Rs.),6.0,2.7,Orange,Average,< 3.0 (Low),90,12.18,135,405.0
1508,308997,800.0,Indian Rupees(Rs.),9.6,3.6,Yellow,Good,3.0 - 3.9 (Moderate),144,17.92,216,1036.8
1509,308470,600.0,Indian Rupees(Rs.),7.2,3.6,Yellow,Good,3.0 - 3.9 (Moderate),243,19.79,364,1310.4
1510,308477,600.0,Indian Rupees(Rs.),7.2,3.8,Yellow,Good,3.0 - 3.9 (Moderate),121,18.26,182,655.2
1511,307786,700.0,Indian Rupees(Rs.),8.4,3.8,Yellow,Good,3.0 - 3.9 (Moderate),183,19.82,183,768.6
1512,308447,500.0,Indian Rupees(Rs.),6.0,4.0,Green,Very Good,4.0 - 4.4 (High),647,25.9,970,2910.0
1513,17977796,1500.0,Indian Rupees(Rs.),18.0,3.8,Yellow,Good,3.0 - 3.9 (Moderate),73,16.36,73,657.0
1514,17977757,2100.0,Indian Rupees(Rs.),25.2,0.0,White,Not rated,Unrated,0,0.0,0,0.0
1515,4256,1000.0,Indian Rupees(Rs.),12.0,2.7,Orange,Average,< 3.0 (Low),96,12.35,96,576.0
1516,18306548,300.0,Indian Rupees(Rs.),3.6,3.4,Orange,Average,3.0 - 3.9 (Moderate),41,12.71,62,111.6
1517,5032,1850.0,Indian Rupees(Rs.),22.2,2.8,Orange,Average,< 3.0 (Low),91,12.66,91,1010.1
1518,7472,1000.0,Indian Rupees(Rs.),12.0,3.6,Yellow,Good,3.0 - 3.9 (Moderate),70,15.35,70,420.0
1519,302336,1500.0,Indian Rupees(Rs.),18.0,2.8,Orange,Average,< 3.0 (Low),21,8.65,21,189.0
1520,8413,500.0,Indian Rupees(Rs.),6.0,3.7,Yellow,Good,3.0 - 3.9 (Moderate),364,21.83,364,1092.0
1521,8437,1000.0,Indian Rupees(Rs.),12.0,3.7,Yellow,Good,3.0 - 3.9 (Moderate),179,19.21,179,1074.0
1522,8019,1600.0,Indian Rupees(Rs.),19.2,3.4,Orange,Average,3.0 - 3.9 (Moderate),23,10.81,23,220.8
1523,307416,4500.0,Indian Rupees(Rs.),54.0,3.6,Yellow,Good,3.0 - 3.9 (Moderate),218,19.4,218,5886.0
1524,18369743,4000.0,Indian Rupees(Rs.),48.0,4.1,Green,Very Good,4.0 - 4.4 (High),38,15.02,38,912.0
1525,307533,1900.0,Indian Rupees(Rs.),22.8,3.0,Orange,Average,3.0 - 3.9 (Moderate),6,5.84,6,68.4
1526,307225,1400.0,Indian Rupees(Rs.),16.8,3.0,Orange,Average,3.0 - 3.9 (Moderate),19,8.99,19,159.6
1527,307426,1200.0,Indian Rupees(Rs.),14.4,3.0,Orange,Average,3.0 - 3.9 (Moderate),10,7.19,10,72.0
1528,6700,2000.0,Indian Rupees(Rs.),24.0,3.2,Orange,Average,3.0 - 3.9 (Moderate),137,15.77,137,1644.0
1529,300538,300.0,Indian Rupees(Rs.),3.6,2.8,Orange,Average,< 3.0 (Low),45,10.72,45,81.0
1530,4879,650.0,Indian Rupees(Rs.),7.8,3.3,Orange,Average,3.0 - 3.9 (Moderate),22,10.35,22,85.8
1531,18198441,400.0,Indian Rupees(Rs.),4.8,3.3,Orange,Average,3.0 - 3.9 (Moderate),38,12.09,57,136.8
1532,18334445,300.0,Indian Rupees(Rs.),3.6,3.2,Orange,Average,3.0 - 3.9 (Moderate),21,9.89,32,57.6
1533,302920,450.0,Indian Rupees(Rs.),5.4,3.1,Orange,Average,3.0 - 3.9 (Moderate),20,9.44,20,54.0
1534,18430882,800.0,Indian Rupees(Rs.),9.6,2.8,Orange,Average,< 3.0 (Low),15,7.76,15,72.0
1535,313204,750.0,Indian Rupees(Rs.),9.0,3.4,Orange,Average,3.0 - 3.9 (Moderate),69,14.44,104,468.0
1536,303477,550.0,Indian Rupees(Rs.),6.6,3.2,Orange,Average,3.0 - 3.9 (Moderate),75,13.86,112,369.6
1537,5230,1800.0,Indian Rupees(Rs.),21.6,2.6,Orange,Average,< 3.0 (Low),115,12.36,115,1242.0
1538,3582,1200.0,Indian Rupees(Rs.),14.4,3.2,Orange,Average,3.0 - 3.9 (Moderate),39,11.8,39,280.8
1539,303470,400.0,Indian Rupees(Rs.),4.8,2.8,Orange,Average,< 3.0 (Low),36,10.11,36,86.4
1540,429,600.0,Indian Rupees(Rs.),7.2,2.7,Orange,Average,< 3.0 (Low),61,11.14,61,219.6
1541,18034040,1200.0,Indian Rupees(Rs.),14.4,2.8,Orange,Average,< 3.0 (Low),23,8.9,23,165.6
1542,17953932,600.0,Indian Rupees(Rs.),7.2,3.1,Orange,Average,3.0 - 3.9 (Moderate),82,13.7,123,442.8
1543,312668,2200.0,Indian Rupees(Rs.),26.4,3.1,Orange,Average,3.0 - 3.9 (Moderate),13,8.18,13,171.6
1544,997,2000.0,Indian Rupees(Rs.),24.0,3.8,Yellow,Good,3.0 - 3.9 (Moderate),283,21.47,283,3396.0
1545,2144,1600.0,Indian Rupees(Rs.),19.2,3.8,Yellow,Good,3.0 - 3.9 (Moderate),665,24.7,998,9580.8
1546,305682,550.0,Indian Rupees(Rs.),6.6,3.6,Yellow,Good,3.0 - 3.9 (Moderate),69,15.29,104,343.2
1547,17953934,600.0,Indian Rupees(Rs.),7.2,3.7,Yellow,Good,3.0 - 3.9 (Moderate),198,19.59,297,1069.2
1548,3855,2500.0,Indian Rupees(Rs.),30.0,3.5,Yellow,Good,3.0 - 3.9 (Moderate),57,14.21,57,855.0
1549,310445,200.0,Indian Rupees(Rs.),2.4,3.6,Yellow,Good,3.0 - 3.9 (Moderate),43,13.62,64,76.8
1550,892,350.0,Indian Rupees(Rs.),4.2,2.3,Red,Poor,< 3.0 (Low),31,7.97,46,96.6
1551,2056,600.0,Indian Rupees(Rs.),7.2,2.4,Red,Poor,< 3.0 (Low),35,8.6,35,126.0
1552,307509,600.0,Indian Rupees(Rs.),7.2,4.1,Green,Very Good,4.0 - 4.4 (High),246,22.59,369,1328.4
1553,797,600.0,Indian Rupees(Rs.),7.2,3.3,Orange,Average,3.0 - 3.9 (Moderate),31,11.44,31,111.6
1554,308013,1500.0,Indian Rupees(Rs.),18.0,3.5,Yellow,Good,3.0 - 3.9 (Moderate),240,19.2,240,2160.0
1555,2760,1500.0,Indian Rupees(Rs.),18.0,3.7,Yellow,Good,3.0 - 3.9 (Moderate),1902,27.94,1902,17118.0
1556,8913,2000.0,Indian Rupees(Rs.),24.0,4.1,Green,Very Good,4.0 - 4.4 (High),2806,32.55,2806,33672.0
1557,311759,650.0,Indian Rupees(Rs.),7.8,3.2,Orange,Average,3.0 - 3.9 (Moderate),13,8.44,13,50.7
1558,18446889,350.0,Indian Rupees(Rs.),4.2,3.0,Orange,Average,3.0 - 3.9 (Moderate),5,5.38,5,10.5
1559,9957,500.0,Indian Rupees(Rs.),6.0,3.2,Orange,Average,3.0 - 3.9 (Moderate),68,13.55,68,204.0
1560,308840,450.0,Indian Rupees(Rs.),5.4,2.6,Orange,Average,< 3.0 (Low),120,12.47,120,324.0
1561,18432226,650.0,Indian Rupees(Rs.),7.8,3.7,Yellow,Good,3.0 - 3.9 (Moderate),18,10.89,27,105.3
1562,311777,700.0,Indian Rupees(Rs.),8.4,3.5,Yellow,Good,3.0 - 3.9 (Moderate),66,14.72,66,277.2
1563,2064,800.0,Indian Rupees(Rs.),9.6,2.7,Orange,Average,< 3.0 (Low),67,11.39,100,480.0
1564,311758,550.0,Indian Rupees(Rs.),6.6,3.3,Orange,Average,3.0 - 3.9 (Moderate),40,12.25,40,132.0
1565,514,650.0,Indian Rupees(Rs.),7.8,3.4,Orange,Average,3.0 - 3.9 (Moderate),39,12.54,58,226.2
1566,18408212,600.0,Indian Rupees(Rs.),7.2,3.4,Orange,Average,3.0 - 3.9 (Moderate),19,10.19,19,68.4
1567,2061,750.0,Indian Rupees(Rs.),9.0,2.9,Orange,Average,< 3.0 (Low),42,10.91,42,189.0
1568,2458,500.0,Indian Rupees(Rs.),6.0,3.4,Orange,Average,3.0 - 3.9 (Moderate),234,18.56,351,1053.0
1569,420,750.0,Indian Rupees(Rs.),9.0,2.9,Orange,Average,< 3.0 (Low),501,18.03,501,2254.5
1570,1599,700.0,Indian Rupees(Rs.),8.4,2.6,Orange,Average,< 3.0 (Low),61,10.73,92,386.4
1571,159,500.0,Indian Rupees(Rs.),6.0,3.3,Orange,Average,3.0 - 3.9 (Moderate),81,14.54,122,366.0
1572,300119,350.0,Indian Rupees(Rs.),4.2,3.4,Orange,Average,3.0 - 3.9 (Moderate),118,16.25,118,247.8
1573,18466924,700.0,Indian Rupees(Rs.),8.4,3.1,Orange,Average,3.0 - 3.9 (Moderate),13,8.18,13,54.6
1574,18354984,600.0,Indian Rupees(Rs.),7.2,3.7,Yellow,Good,3.0 - 3.9 (Moderate),26,12.19,39,140.4
1575,1096,600.0,Indian Rupees(Rs.),7.2,3.6,Yellow,Good,3.0 - 3.9 (Moderate),185,18.81,185,666.0
1576,18336208,400.0,Indian Rupees(Rs.),4.8,3.6,Yellow,Good,3.0 - 3.9 (Moderate),27,12.0,27,64.8
1577,3213,1000.0,Indian Rupees(Rs.),12.0,3.6,Yellow,Good,3.0 - 3.9 (Moderate),496,22.35,744,4464.0
1578,18381642,1500.0,Indian Rupees(Rs.),18.0,3.5,Yellow,Good,3.0 - 3.9 (Moderate),55,14.09,55,495.0
1579,338,900.0,Indian Rupees(Rs.),10.8,3.5,Yellow,Good,3.0 - 3.9 (Moderate),205,18.65,205,1107.0
1580,1245,2500.0,Indian Rupees(Rs.),30.0,3.7,Yellow,Good,3.0 - 3.9 (Moderate),730,24.4,1095,16425.0
1581,18381233,400.0,Indian Rupees(Rs.),4.8,3.7,Yellow,Good,3.0 - 3.9 (Moderate),31,12.82,46,110.4
1582,18153552,1400.0,Indian Rupees(Rs.),16.8,3.8,Yellow,Good,3.0 - 3.9 (Moderate),468,23.37,468,3931.2
1583,18082232,600.0,Indian Rupees(Rs.),7.2,2.3,Red,Poor,< 3.0 (Low),29,7.82,29,104.4
1584,3585,1800.0,Indian Rupees(Rs.),21.6,2.1,Red,Poor,< 3.0 (Low),90,9.47,90,972.0
1585,305698,600.0,Indian Rupees(Rs.),7.2,2.3,Red,Poor,< 3.0 (Low),34,8.18,51,183.6
1586,18337917,900.0,Indian Rupees(Rs.),10.8,4.0,Green,Very Good,4.0 - 4.4 (High),62,16.57,62,334.8
1587,6847,450.0,Indian Rupees(Rs.),5.4,3.3,Orange,Average,3.0 - 3.9 (Moderate),34,11.73,34,91.8
1588,8147,1500.0,Indian Rupees(Rs.),18.0,3.4,Orange,Average,3.0 - 3.9 (Moderate),165,17.38,248,2232.0
1589,18198825,200.0,Indian Rupees(Rs.),2.4,3.0,Orange,Average,3.0 - 3.9 (Moderate),4,4.83,4,4.8
1590,302044,400.0,Indian Rupees(Rs.),4.8,2.9,Orange,Average,< 3.0 (Low),4,4.67,4,9.6
1591,18399220,500.0,Indian Rupees(Rs.),6.0,3.2,Orange,Average,3.0 - 3.9 (Moderate),5,5.73,5,15.0
1592,5084,500.0,Indian Rupees(Rs.),6.0,3.2,Orange,Average,3.0 - 3.9 (Moderate),18,9.42,18,54.0
1593,302024,700.0,Indian Rupees(Rs.),8.4,3.2,Orange,Average,3.0 - 3.9 (Moderate),31,11.09,31,130.2
1594,18396399,100.0,Indian Rupees(Rs.),1.2,3.2,Orange,Average,3.0 - 3.9 (Moderate),7,6.65,7,4.2
1595,309987,350.0,Indian Rupees(Rs.),4.2,2.9,Orange,Average,< 3.0 (Low),5,5.2,5,10.5
1596,18358183,200.0,Indian Rupees(Rs.),2.4,3.4,Orange,Average,3.0 - 3.9 (Moderate),27,11.33,40,48.0
1597,304713,400.0,Indian Rupees(Rs.),4.8,3.2,Orange,Average,3.0 - 3.9 (Moderate),28,10.78,28,67.2
1598,18396200,600.0,Indian Rupees(Rs.),7.2,3.1,Orange,Average,3.0 - 3.9 (Moderate),4,4.99,4,14.4
1599,301358,600.0,Indian Rupees(Rs.),7.2,3.3,Orange,Average,3.0 - 3.9 (Moderate),25,10.75,25,90.0
1600,6834,150.0,Indian Rupees(Rs.),1.8,3.1,Orange,Average,3.0 - 3.9 (Moderate),12,7.95,12,10.8
1601,6835,200.0,Indian Rupees(Rs.),2.4,2.9,Orange,Average,< 3.0 (Low),5,5.2,5,6.0
1602,302041,1000.0,Indian Rupees(Rs.),12.0,3.1,Orange,Average,3.0 - 3.9 (Moderate),25,10.1,25,150.0
1603,310412,500.0,Indian Rupees(Rs.),6.0,2.6,Orange,Average,< 3.0 (Low),12,6.67,18,54.0
1604,18350120,450.0,Indian Rupees(Rs.),5.4,3.0,Orange,Average,3.0 - 3.9 (Moderate),6,5.84,6,16.2
1605,301989,250.0,Indian Rupees(Rs.),3.0,3.1,Orange,Average,3.0 - 3.9 (Moderate),17,8.96,17,25.5
1606,2107,400.0,Indian Rupees(Rs.),4.8,3.0,Orange,Average,3.0 - 3.9 (Moderate),13,7.92,13,31.2
1607,1029,500.0,Indian Rupees(Rs.),6.0,3.3,Orange,Average,3.0 - 3.9 (Moderate),21,10.2,21,63.0
1608,18144475,400.0,Indian Rupees(Rs.),4.8,3.4,Orange,Average,3.0 - 3.9 (Moderate),60,13.98,90,216.0
1609,18331053,600.0,Indian Rupees(Rs.),7.2,3.4,Orange,Average,3.0 - 3.9 (Moderate),33,11.99,33,118.8
1610,18383525,800.0,Indian Rupees(Rs.),9.6,2.7,Orange,Average,< 3.0 (Low),11,6.71,16,76.8
1611,1019,400.0,Indian Rupees(Rs.),4.8,2.9,Orange,Average,< 3.0 (Low),8,6.37,8,19.2
1612,18311926,700.0,Indian Rupees(Rs.),8.4,3.2,Orange,Average,3.0 - 3.9 (Moderate),25,10.43,25,105.0
1613,302037,450.0,Indian Rupees(Rs.),5.4,3.1,Orange,Average,3.0 - 3.9 (Moderate),7,6.45,7,18.9
1614,18396397,150.0,Indian Rupees(Rs.),1.8,2.8,Orange,Average,< 3.0 (Low),4,4.51,4,3.6
1615,302027,150.0,Indian Rupees(Rs.),1.8,3.0,Orange,Average,3.0 - 3.9 (Moderate),11,7.45,11,9.9
1616,306938,400.0,Indian Rupees(Rs.),4.8,2.9,Orange,Average,< 3.0 (Low),10,6.95,10,24.0
1617,17977759,700.0,Indian Rupees(Rs.),8.4,3.0,Orange,Average,3.0 - 3.9 (Moderate),6,5.84,6,25.2
1618,309986,500.0,Indian Rupees(Rs.),6.0,2.5,Orange,Average,< 3.0 (Low),12,6.41,18,54.0
1619,301800,250.0,Indian Rupees(Rs.),3.0,3.3,Orange,Average,3.0 - 3.9 (Moderate),26,10.88,26,39.0
1620,2177,200.0,Indian Rupees(Rs.),2.4,3.0,Orange,Average,3.0 - 3.9 (Moderate),15,8.32,15,18.0
1621,304718,200.0,Indian Rupees(Rs.),2.4,2.8,Orange,Average,< 3.0 (Low),16,7.93,16,19.2
1622,310493,550.0,Indian Rupees(Rs.),6.6,3.5,Yellow,Good,3.0 - 3.9 (Moderate),31,12.13,31,102.3
1623,18017239,100.0,Indian Rupees(Rs.),1.2,3.6,Yellow,Good,3.0 - 3.9 (Moderate),18,10.6,18,10.8
1624,18372397,800.0,Indian Rupees(Rs.),9.6,3.5,Yellow,Good,3.0 - 3.9 (Moderate),25,11.4,25,120.0
1625,304700,300.0,Indian Rupees(Rs.),3.6,0.0,White,Not rated,Unrated,3,0.0,3,5.4
1626,18492087,600.0,Indian Rupees(Rs.),7.2,0.0,White,Not rated,Unrated,3,0.0,3,10.8
1627,18396391,150.0,Indian Rupees(Rs.),1.8,0.0,White,Not rated,Unrated,1,0.0,1,0.9
1628,18370499,200.0,Indian Rupees(Rs.),2.4,0.0,White,Not rated,Unrated,1,0.0,1,1.2
1629,18336543,300.0,Indian Rupees(Rs.),3.6,0.0,White,Not rated,Unrated,3,0.0,3,5.4
1630,3603,800.0,Indian Rupees(Rs.),9.6,2.2,Red,Poor,< 3.0 (Low),93,10.0,140,672.0
1631,313043,400.0,Indian Rupees(Rs.),4.8,3.6,Yellow,Good,3.0 - 3.9 (Moderate),84,15.99,84,201.6
1632,230,700.0,Indian Rupees(Rs.),8.4,2.4,Red,Poor,< 3.0 (Low),112,11.35,112,470.4
1633,18322641,500.0,Indian Rupees(Rs.),6.0,4.1,Green,Very Good,4.0 - 4.4 (High),74,17.7,111,333.0
1634,18391155,1800.0,Indian Rupees(Rs.),21.6,3.2,Orange,Average,3.0 - 3.9 (Moderate),12,8.21,12,129.6
1635,18285742,800.0,Indian Rupees(Rs.),9.6,3.4,Orange,Average,3.0 - 3.9 (Moderate),36,12.28,54,259.2
1636,18285725,1400.0,Indian Rupees(Rs.),16.8,3.8,Yellow,Good,3.0 - 3.9 (Moderate),101,17.57,152,1276.8
1637,18383488,650.0,Indian Rupees(Rs.),7.8,3.5,Yellow,Good,3.0 - 3.9 (Moderate),45,13.4,68,265.2
1638,18285745,1700.0,Indian Rupees(Rs.),20.4,3.9,Yellow,Good,3.0 - 3.9 (Moderate),81,17.19,81,826.2
1639,18391159,600.0,Indian Rupees(Rs.),7.2,3.7,Yellow,Good,3.0 - 3.9 (Moderate),33,13.05,50,180.0
1640,18391132,1500.0,Indian Rupees(Rs.),18.0,3.5,Yellow,Good,3.0 - 3.9 (Moderate),37,12.73,37,333.0
1641,18272387,700.0,Indian Rupees(Rs.),8.4,3.5,Yellow,Good,3.0 - 3.9 (Moderate),16,9.92,16,67.2
1642,8651,300.0,Indian Rupees(Rs.),3.6,3.1,Orange,Average,3.0 - 3.9 (Moderate),14,8.39,14,25.2
1643,18291436,350.0,Indian Rupees(Rs.),4.2,3.1,Orange,Average,3.0 - 3.9 (Moderate),9,7.14,9,18.9
1644,301936,450.0,Indian Rupees(Rs.),5.4,2.9,Orange,Average,< 3.0 (Low),19,8.69,19,51.3
1645,18264717,700.0,Indian Rupees(Rs.),8.4,3.2,Orange,Average,3.0 - 3.9 (Moderate),15,8.87,15,63.0
1646,7083,200.0,Indian Rupees(Rs.),2.4,3.2,Orange,Average,3.0 - 3.9 (Moderate),18,9.42,18,21.6
1647,312105,550.0,Indian Rupees(Rs.),6.6,3.2,Orange,Average,3.0 - 3.9 (Moderate),6,6.23,9,29.7
1648,18311942,200.0,Indian Rupees(Rs.),2.4,2.9,Orange,Average,< 3.0 (Low),4,4.67,4,4.8
1649,18430874,200.0,Indian Rupees(Rs.),2.4,3.2,Orange,Average,3.0 - 3.9 (Moderate),10,7.67,10,12.0
1650,18144481,600.0,Indian Rupees(Rs.),7.2,2.9,Orange,Average,< 3.0 (Low),4,4.67,4,14.4
1651,18264977,400.0,Indian Rupees(Rs.),4.8,3.1,Orange,Average,3.0 - 3.9 (Moderate),24,9.98,24,57.6
1652,303859,800.0,Indian Rupees(Rs.),9.6,2.7,Orange,Average,< 3.0 (Low),11,6.71,11,52.8
1653,5106,250.0,Indian Rupees(Rs.),3.0,2.5,Orange,Average,< 3.0 (Low),9,5.76,14,21.0
1654,308726,300.0,Indian Rupees(Rs.),3.6,3.0,Orange,Average,3.0 - 3.9 (Moderate),4,4.83,4,7.2
1655,303209,350.0,Indian Rupees(Rs.),4.2,3.1,Orange,Average,3.0 - 3.9 (Moderate),12,7.95,12,25.2
1656,18375401,400.0,Indian Rupees(Rs.),4.8,3.1,Orange,Average,3.0 - 3.9 (Moderate),17,8.96,17,40.8
1657,18396428,250.0,Indian Rupees(Rs.),3.0,3.0,Orange,Average,3.0 - 3.9 (Moderate),5,5.38,5,7.5
1658,18396178,400.0,Indian Rupees(Rs.),4.8,0.0,White,Not rated,Unrated,1,0.0,1,2.4
1659,18346735,600.0,Indian Rupees(Rs.),7.2,0.0,White,Not rated,Unrated,1,0.0,1,3.6
1660,303697,450.0,Indian Rupees(Rs.),5.4,0.0,White,Not rated,Unrated,2,0.0,2,5.4
1661,18463987,200.0,Indian Rupees(Rs.),2.4,0.0,White,Not rated,Unrated,0,0.0,0,0.0
1662,18463989,300.0,Indian Rupees(Rs.),3.6,0.0,White,Not rated,Unrated,0,0.0,0,0.0
1663,304771,100.0,Indian Rupees(Rs.),1.2,0.0,White,Not rated,Unrated,1,0.0,1,0.6
1664,311850,350.0,Indian Rupees(Rs.),4.2,0.0,White,Not rated,Unrated,0,0.0,0,0.0
1665,18471289,200.0,Indian Rupees(Rs.),2.4,0.0,White,Not rated,Unrated,0,0.0,0,0.0
1666,18324432,700.0,Indian Rupees(Rs.),8.4,0.0,White,Not rated,Unrated,1,0.0,1,4.2
1667,18476508,500.0,Indian Rupees(Rs.),6.0,0.0,White,Not rated,Unrated,0,0.0,0,0.0
1668,18350153,600.0,Indian Rupees(Rs.),7.2,0.0,White,Not rated,Unrated,0,0.0,0,0.0
1669,18472669,600.0,Indian Rupees(Rs.),7.2,0.0,White,Not rated,Unrated,0,0.0,0,0.0
1670,18463993,150.0,Indian Rupees(Rs.),1.8,0.0,White,Not rated,Unrated,0,0.0,0,0.0
1671,18476498,250.0,Indian Rupees(Rs.),3.0,0.0,White,Not rated,Unrated,1,0.0,1,1.5
1672,18471248,450.0,Indian Rupees(Rs.),5.4,0.0,White,Not rated,Unrated,0,0.0,0,0.0
1673,18464002,400.0,Indian Rupees(Rs.),4.8,0.0,White,Not rated,Unrated,2,0.0,2,4.8
1674,18478377,600.0,Indian Rupees(Rs.),7.2,0.0,White,Not rated,Unrated,0,0.0,0,0.0
1675,18244261,400.0,Indian Rupees(Rs.),4.8,0.0,White,Not rated,Unrated,1,0.0,1,2.4
1676,18274332,200.0,Indian Rupees(Rs.),2.4,0.0,White,Not rated,Unrated,2,0.0,2,2.4
1677,18460280,700.0,Indian Rupees(Rs.),8.4,0.0,White,Not rated,Unrated,0,0.0,0,0.0
1678,18263500,150.0,Indian Rupees(Rs.),1.8,0.0,White,Not rated,Unrated,0,0.0,0,0.0
1679,18463994,600.0,Indian Rupees(Rs.),7.2,0.0,White,Not rated,Unrated,0,0.0,0,0.0
1680,18449816,600.0,Indian Rupees(Rs.),7.2,0.0,White,Not rated,Unrated,1,0.0,1,3.6
1681,309341,300.0,Indian Rupees(Rs.),3.6,0.0,White,Not rated,Unrated,2,0.0,2,3.6
1682,18423904,450.0,Indian Rupees(Rs.),5.4,0.0,White,Not rated,Unrated,2,0.0,2,5.4
1683,18462613,250.0,Indian Rupees(Rs.),3.0,0.0,White,Not rated,Unrated,1,0.0,1,1.5
1684,18396180,400.0,Indian Rupees(Rs.),4.8,0.0,White,Not rated,Unrated,0,0.0,0,0.0
1685,303865,500.0,Indian Rupees(Rs.),6.0,0.0,White,Not rated,Unrated,2,0.0,2,6.0
1686,7096,350.0,Indian Rupees(Rs.),4.2,0.0,White,Not rated,Unrated,3,0.0,3,6.3
1687,18463972,150.0,Indian Rupees(Rs.),1.8,0.0,White,Not rated,Unrated,0,0.0,0,0.0
1688,18463996,500.0,Indian Rupees(Rs.),6.0,0.0,White,Not rated,Unrated,0,0.0,0,0.0
1689,18463992,300.0,Indian Rupees(Rs.),3.6,0.0,White,Not rated,Unrated,0,0.0,0,0.0
1690,18393708,400.0,Indian Rupees(Rs.),4.8,0.0,White,Not rated,Unrated,1,0.0,1,2.4
1691,306037,1500.0,Indian Rupees(Rs.),18.0,3.2,Orange,Average,3.0 - 3.9 (Moderate),13,8.44,13,117.0
1692,5720,3000.0,Indian Rupees(Rs.),36.0,3.4,Orange,Average,3.0 - 3.9 (Moderate),20,10.35,20,360.0
1693,5721,1200.0,Indian Rupees(Rs.),14.4,3.2,Orange,Average,3.0 - 3.9 (Moderate),26,10.55,26,187.2
1694,1670,2200.0,Indian Rupees(Rs.),26.4,3.7,Yellow,Good,3.0 - 3.9 (Moderate),176,19.15,176,2323.2
1695,7573,3000.0,Indian Rupees(Rs.),36.0,3.7,Yellow,Good,3.0 - 3.9 (Moderate),340,21.58,340,6120.0
1696,3243,2000.0,Indian Rupees(Rs.),24.0,3.0,Orange,Average,3.0 - 3.9 (Moderate),21,9.27,21,252.0
1697,305171,350.0,Indian Rupees(Rs.),4.2,3.1,Orange,Average,3.0 - 3.9 (Moderate),84,13.77,126,264.6
1698,3536,650.0,Indian Rupees(Rs.),7.8,3.3,Orange,Average,3.0 - 3.9 (Moderate),41,12.33,41,159.9
1699,6743,450.0,Indian Rupees(Rs.),5.4,2.8,Orange,Average,< 3.0 (Low),18,8.24,18,48.6
1700,18458663,400.0,Indian Rupees(Rs.),4.8,3.2,Orange,Average,3.0 - 3.9 (Moderate),10,7.67,10,24.0
1701,312269,700.0,Indian Rupees(Rs.),8.4,2.8,Orange,Average,< 3.0 (Low),16,7.93,24,100.8
1702,308732,900.0,Indian Rupees(Rs.),10.8,3.0,Orange,Average,3.0 - 3.9 (Moderate),61,12.38,92,496.8
1703,6747,700.0,Indian Rupees(Rs.),8.4,2.8,Orange,Average,< 3.0 (Low),70,11.94,70,294.0
1704,6804,350.0,Indian Rupees(Rs.),4.2,2.8,Orange,Average,< 3.0 (Low),16,7.93,16,33.6
1705,301506,500.0,Indian Rupees(Rs.),6.0,3.4,Orange,Average,3.0 - 3.9 (Moderate),57,13.81,57,171.0
1706,1284,250.0,Indian Rupees(Rs.),3.0,3.0,Orange,Average,3.0 - 3.9 (Moderate),33,10.58,50,75.0
1707,1313,500.0,Indian Rupees(Rs.),6.0,3.2,Orange,Average,3.0 - 3.9 (Moderate),92,14.5,138,414.0
1708,301737,200.0,Indian Rupees(Rs.),2.4,3.3,Orange,Average,3.0 - 3.9 (Moderate),22,10.35,22,26.4
1709,18455518,500.0,Indian Rupees(Rs.),6.0,3.7,Yellow,Good,3.0 - 3.9 (Moderate),25,12.05,25,75.0
1710,18398606,500.0,Indian Rupees(Rs.),6.0,3.0,Orange,Average,3.0 - 3.9 (Moderate),71,12.83,106,318.0
1711,309030,700.0,Indian Rupees(Rs.),8.4,3.2,Orange,Average,3.0 - 3.9 (Moderate),100,14.77,150,630.0
1712,3909,600.0,Indian Rupees(Rs.),7.2,2.3,Red,Poor,< 3.0 (Low),32,8.04,48,172.8
1713,4290,1500.0,Indian Rupees(Rs.),18.0,3.5,Yellow,Good,3.0 - 3.9 (Moderate),194,18.46,194,1746.0
1714,1452,200.0,Indian Rupees(Rs.),2.4,3.2,Orange,Average,3.0 - 3.9 (Moderate),15,8.87,15,18.0
1715,303779,250.0,Indian Rupees(Rs.),3.0,3.1,Orange,Average,3.0 - 3.9 (Moderate),16,8.78,16,24.0
1716,554,600.0,Indian Rupees(Rs.),7.2,3.6,Yellow,Good,3.0 - 3.9 (Moderate),315,20.72,315,1134.0
1717,3953,1800.0,Indian Rupees(Rs.),21.6,2.4,Red,Poor,< 3.0 (Low),53,9.57,53,572.4
1718,18368009,200.0,Indian Rupees(Rs.),2.4,3.0,Orange,Average,3.0 - 3.9 (Moderate),4,4.83,4,4.8
1719,305242,1500.0,Indian Rupees(Rs.),18.0,3.0,Orange,Average,3.0 - 3.9 (Moderate),8,6.59,8,72.0
1720,18419914,500.0,Indian Rupees(Rs.),6.0,0.0,White,Not rated,Unrated,1,0.0,1,3.0
1721,303730,150.0,Indian Rupees(Rs.),1.8,2.8,Orange,Average,< 3.0 (Low),6,5.45,6,5.4
1722,18462214,400.0,Indian Rupees(Rs.),4.8,3.0,Orange,Average,3.0 - 3.9 (Moderate),4,4.83,4,9.6
1723,309272,400.0,Indian Rupees(Rs.),4.8,2.9,Orange,Average,< 3.0 (Low),6,5.64,6,14.4
1724,18311957,800.0,Indian Rupees(Rs.),9.6,2.9,Orange,Average,< 3.0 (Low),4,4.67,4,19.2
1725,18218304,300.0,Indian Rupees(Rs.),3.6,3.2,Orange,Average,3.0 - 3.9 (Moderate),20,9.74,20,36.0
1726,18252419,300.0,Indian Rupees(Rs.),3.6,3.1,Orange,Average,3.0 - 3.9 (Moderate),20,9.44,20,36.0
1727,606,450.0,Indian Rupees(Rs.),5.4,2.8,Orange,Average,< 3.0 (Low),34,9.95,34,91.8
1728,18133490,300.0,Indian Rupees(Rs.),3.6,3.3,Orange,Average,3.0 - 3.9 (Moderate),36,11.92,54,97.2
1729,18291476,200.0,Indian Rupees(Rs.),2.4,3.0,Orange,Average,3.0 - 3.9 (Moderate),5,5.38,5,6.0
1730,2071,200.0,Indian Rupees(Rs.),2.4,3.1,Orange,Average,3.0 - 3.9 (Moderate),41,11.59,41,49.2
1731,18445653,200.0,Indian Rupees(Rs.),2.4,3.1,Orange,Average,3.0 - 3.9 (Moderate),7,6.45,7,8.4
1732,18466800,500.0,Indian Rupees(Rs.),6.0,3.1,Orange,Average,3.0 - 3.9 (Moderate),7,6.45,7,21.0
1733,303743,600.0,Indian Rupees(Rs.),7.2,2.8,Orange,Average,< 3.0 (Low),8,6.15,8,28.8
1734,300174,200.0,Indian Rupees(Rs.),2.4,2.9,Orange,Average,< 3.0 (Low),10,6.95,10,12.0
1735,18461280,200.0,Indian Rupees(Rs.),2.4,3.2,Orange,Average,3.0 - 3.9 (Moderate),11,7.95,11,13.2
1736,6709,400.0,Indian Rupees(Rs.),4.8,3.1,Orange,Average,3.0 - 3.9 (Moderate),21,9.58,21,50.4
1737,18070491,350.0,Indian Rupees(Rs.),4.2,3.4,Orange,Average,3.0 - 3.9 (Moderate),25,11.08,25,52.5
1738,302907,200.0,Indian Rupees(Rs.),2.4,3.3,Orange,Average,3.0 - 3.9 (Moderate),19,9.89,28,33.6
1739,889,200.0,Indian Rupees(Rs.),2.4,3.3,Orange,Average,3.0 - 3.9 (Moderate),43,12.49,64,76.8
1740,18337904,250.0,Indian Rupees(Rs.),3.0,2.6,Orange,Average,< 3.0 (Low),18,7.66,18,27.0
1741,18415355,500.0,Indian Rupees(Rs.),6.0,2.7,Orange,Average,< 3.0 (Low),17,7.8,26,78.0
1742,853,300.0,Indian Rupees(Rs.),3.6,3.3,Orange,Average,3.0 - 3.9 (Moderate),69,14.02,69,124.2
1743,2620,300.0,Indian Rupees(Rs.),3.6,3.4,Orange,Average,3.0 - 3.9 (Moderate),25,11.08,25,45.0
1744,310155,600.0,Indian Rupees(Rs.),7.2,3.2,Orange,Average,3.0 - 3.9 (Moderate),52,12.7,78,280.8
1745,5061,800.0,Indian Rupees(Rs.),9.6,2.9,Orange,Average,< 3.0 (Low),16,8.22,16,76.8
1746,18460326,400.0,Indian Rupees(Rs.),4.8,3.0,Orange,Average,3.0 - 3.9 (Moderate),5,5.38,5,12.0
1747,18471259,600.0,Indian Rupees(Rs.),7.2,3.1,Orange,Average,3.0 - 3.9 (Moderate),8,6.81,12,43.2
1748,4122,400.0,Indian Rupees(Rs.),4.8,2.8,Orange,Average,< 3.0 (Low),9,6.45,9,21.6
1749,1140,500.0,Indian Rupees(Rs.),6.0,3.0,Orange,Average,3.0 - 3.9 (Moderate),30,10.3,45,135.0
1750,1145,450.0,Indian Rupees(Rs.),5.4,3.2,Orange,Average,3.0 - 3.9 (Moderate),34,11.38,34,91.8
1751,887,600.0,Indian Rupees(Rs.),7.2,2.9,Orange,Average,< 3.0 (Low),26,9.56,26,93.6
1752,18461599,600.0,Indian Rupees(Rs.),7.2,3.2,Orange,Average,3.0 - 3.9 (Moderate),13,8.44,13,46.8
1753,18387990,650.0,Indian Rupees(Rs.),7.8,2.7,Orange,Average,< 3.0 (Low),9,6.22,14,54.6
1754,9169,650.0,Indian Rupees(Rs.),7.8,3.0,Orange,Average,3.0 - 3.9 (Moderate),21,9.27,21,81.9
1755,5129,900.0,Indian Rupees(Rs.),10.8,3.1,Orange,Average,3.0 - 3.9 (Moderate),17,8.96,17,91.8
1756,1131,900.0,Indian Rupees(Rs.),10.8,3.3,Orange,Average,3.0 - 3.9 (Moderate),32,11.54,32,172.8
1757,303747,200.0,Indian Rupees(Rs.),2.4,2.9,Orange,Average,< 3.0 (Low),6,5.64,6,7.2
1758,329,600.0,Indian Rupees(Rs.),7.2,2.5,Orange,Average,< 3.0 (Low),70,10.66,105,378.0
1759,303765,400.0,Indian Rupees(Rs.),4.8,2.8,Orange,Average,< 3.0 (Low),6,5.45,6,14.4
1760,7225,1000.0,Indian Rupees(Rs.),12.0,3.0,Orange,Average,3.0 - 3.9 (Moderate),5,5.38,5,30.0
1761,18382626,150.0,Indian Rupees(Rs.),1.8,3.5,Yellow,Good,3.0 - 3.9 (Moderate),32,12.24,32,28.8
1762,5068,200.0,Indian Rupees(Rs.),2.4,3.5,Yellow,Good,3.0 - 3.9 (Moderate),64,14.61,64,76.8
1763,18500628,600.0,Indian Rupees(Rs.),7.2,0.0,White,Not rated,Unrated,3,0.0,3,10.8
1764,18268726,350.0,Indian Rupees(Rs.),4.2,0.0,White,Not rated,Unrated,2,0.0,2,4.2
1765,6913,500.0,Indian Rupees(Rs.),6.0,0.0,White,Not rated,Unrated,3,0.0,3,9.0
1766,18398604,400.0,Indian Rupees(Rs.),4.8,0.0,White,Not rated,Unrated,3,0.0,4,9.6
1767,300156,350.0,Indian Rupees(Rs.),4.2,0.0,White,Not rated,Unrated,3,0.0,3,6.3
1768,18241516,700.0,Indian Rupees(Rs.),8.4,0.0,White,Not rated,Unrated,2,0.0,2,8.4
1769,311166,400.0,Indian Rupees(Rs.),4.8,0.0,White,Not rated,Unrated,3,0.0,3,7.2
1770,18025110,1000.0,Indian Rupees(Rs.),12.0,2.4,Red,Poor,< 3.0 (Low),23,7.63,34,204.0
1771,308223,300.0,Indian Rupees(Rs.),3.6,2.4,Red,Poor,< 3.0 (Low),18,7.07,18,32.4
1772,6832,400.0,Indian Rupees(Rs.),4.8,2.4,Red,Poor,< 3.0 (Low),26,7.91,39,93.6
1773,18286626,400.0,Indian Rupees(Rs.),4.8,3.0,Orange,Average,3.0 - 3.9 (Moderate),4,4.83,4,9.6
1774,311770,400.0,Indian Rupees(Rs.),4.8,2.9,Orange,Average,< 3.0 (Low),6,5.64,6,14.4
1775,301221,1000.0,Indian Rupees(Rs.),12.0,2.9,Orange,Average,< 3.0 (Low),5,5.2,5,30.0
1776,8833,500.0,Indian Rupees(Rs.),6.0,2.8,Orange,Average,< 3.0 (Low),10,6.71,10,30.0
1777,312438,500.0,Indian Rupees(Rs.),6.0,3.0,Orange,Average,3.0 - 3.9 (Moderate),4,4.83,4,12.0
1778,18153548,350.0,Indian Rupees(Rs.),4.2,3.2,Orange,Average,3.0 - 3.9 (Moderate),12,8.21,12,25.2
1779,18449792,650.0,Indian Rupees(Rs.),7.8,2.9,Orange,Average,< 3.0 (Low),4,4.67,6,23.4
1780,18380639,450.0,Indian Rupees(Rs.),5.4,3.3,Orange,Average,3.0 - 3.9 (Moderate),14,8.94,21,56.7
1781,17953920,300.0,Indian Rupees(Rs.),3.6,2.9,Orange,Average,< 3.0 (Low),4,4.67,4,7.2
1782,2154,350.0,Indian Rupees(Rs.),4.2,2.7,Orange,Average,< 3.0 (Low),36,9.75,36,75.6
1783,18384112,500.0,Indian Rupees(Rs.),6.0,3.5,Yellow,Good,3.0 - 3.9 (Moderate),28,11.79,28,84.0
1784,9646,600.0,Indian Rupees(Rs.),7.2,3.4,Orange,Average,3.0 - 3.9 (Moderate),256,18.87,384,1382.4
1785,18482069,400.0,Indian Rupees(Rs.),4.8,0.0,White,Not rated,Unrated,0,0.0,0,0.0
1786,18451168,300.0,Indian Rupees(Rs.),3.6,0.0,White,Not rated,Unrated,0,0.0,0,0.0
1787,18492042,250.0,Indian Rupees(Rs.),3.0,0.0,White,Not rated,Unrated,0,0.0,0,0.0
1788,310632,350.0,Indian Rupees(Rs.),4.2,0.0,White,Not rated,Unrated,0,0.0,0,0.0
1789,18481290,400.0,Indian Rupees(Rs.),4.8,0.0,White,Not rated,Unrated,0,0.0,0,0.0
1790,18469972,450.0,Indian Rupees(Rs.),5.4,0.0,White,Not rated,Unrated,0,0.0,0,0.0
1791,18342375,400.0,Indian Rupees(Rs.),4.8,0.0,White,Not rated,Unrated,1,0.0,1,2.4
1792,310515,400.0,Indian Rupees(Rs.),4.8,0.0,White,Not rated,Unrated,2,0.0,2,4.8
1793,18449658,200.0,Indian Rupees(Rs.),2.4,0.0,White,Not rated,Unrated,0,0.0,0,0.0
1794,18396426,250.0,Indian Rupees(Rs.),3.0,0.0,White,Not rated,Unrated,0,0.0,0,0.0
1795,18489522,300.0,Indian Rupees(Rs.),3.6,0.0,White,Not rated,Unrated,1,0.0,1,1.8
1796,18444299,600.0,Indian Rupees(Rs.),7.2,0.0,White,Not rated,Unrated,0,0.0,0,0.0
1797,18449785,500.0,Indian Rupees(Rs.),6.0,0.0,White,Not rated,Unrated,1,0.0,1,3.0
1798,18449662,500.0,Indian Rupees(Rs.),6.0,0.0,White,Not rated,Unrated,0,0.0,0,0.0
1799,18432664,150.0,Indian Rupees(Rs.),1.8,0.0,White,Not rated,Unrated,0,0.0,0,0.0
1800,304793,100.0,Indian Rupees(Rs.),1.2,0.0,White,Not rated,Unrated,2,0.0,2,1.2
1801,302256,150.0,Indian Rupees(Rs.),1.8,0.0,White,Not rated,Unrated,1,0.0,1,0.9
1802,18312631,150.0,Indian Rupees(Rs.),1.8,0.0,White,Not rated,Unrated,0,0.0,0,0.0
1803,18449666,550.0,Indian Rupees(Rs.),6.6,0.0,White,Not rated,Unrated,2,0.0,2,6.6
1804,18396191,400.0,Indian Rupees(Rs.),4.8,0.0,White,Not rated,Unrated,0,0.0,0,0.0
1805,302251,700.0,Indian Rupees(Rs.),8.4,3.3,Orange,Average,3.0 - 3.9 (Moderate),32,11.54,32,134.4
1806,18466943,600.0,Indian Rupees(Rs.),7.2,3.2,Orange,Average,3.0 - 3.9 (Moderate),8,7.03,8,28.8
1807,18238248,400.0,Indian Rupees(Rs.),4.8,2.7,Orange,Average,< 3.0 (Low),15,7.49,22,52.8
1808,18420426,400.0,Indian Rupees(Rs.),4.8,3.5,Yellow,Good,3.0 - 3.9 (Moderate),40,13.0,60,144.0
1809,18466973,150.0,Indian Rupees(Rs.),1.8,0.0,White,Not rated,Unrated,0,0.0,0,0.0
1810,18446482,150.0,Indian Rupees(Rs.),1.8,0.0,White,Not rated,Unrated,0,0.0,0,0.0
1811,18372325,800.0,Indian Rupees(Rs.),9.6,0.0,White,Not rated,Unrated,3,0.0,4,19.2
1812,18291458,400.0,Indian Rupees(Rs.),4.8,3.0,Orange,Average,3.0 - 3.9 (Moderate),4,4.83,4,9.6
1813,18485789,300.0,Indian Rupees(Rs.),3.6,0.0,White,Not rated,Unrated,2,0.0,2,3.6
1814,313477,300.0,Indian Rupees(Rs.),3.6,0.0,White,Not rated,Unrated,0,0.0,0,0.0
1815,18133515,400.0,Indian Rupees(Rs.),4.8,0.0,White,Not rated,Unrated,0,0.0,0,0.0
1816,18312451,200.0,Indian Rupees(Rs.),2.4,0.0,White,Not rated,Unrated,0,0.0,0,0.0
1817,18312606,300.0,Indian Rupees(Rs.),3.6,0.0,White,Not rated,Unrated,0,0.0,0,0.0
1818,18144444,450.0,Indian Rupees(Rs.),5.4,0.0,White,Not rated,Unrated,0,0.0,0,0.0
1819,18492641,300.0,Indian Rupees(Rs.),3.6,0.0,White,Not rated,Unrated,2,0.0,2,3.6
1820,18463956,250.0,Indian Rupees(Rs.),3.0,0.0,White,Not rated,Unrated,0,0.0,0,0.0
1821,18365988,600.0,Indian Rupees(Rs.),7.2,3.4,Orange,Average,3.0 - 3.9 (Moderate),17,9.83,26,93.6
1822,18463970,1100.0,Indian Rupees(Rs.),13.2,3.3,Orange,Average,3.0 - 3.9 (Moderate),8,7.25,12,79.2
1823,309867,700.0,Indian Rupees(Rs.),8.4,2.9,Orange,Average,< 3.0 (Low),27,9.66,40,168.0
1824,18412887,600.0,Indian Rupees(Rs.),7.2,3.0,Orange,Average,3.0 - 3.9 (Moderate),13,7.92,20,72.0
1825,18423107,500.0,Indian Rupees(Rs.),6.0,3.3,Orange,Average,3.0 - 3.9 (Moderate),15,9.15,22,66.0
1826,4121,800.0,Indian Rupees(Rs.),9.6,2.7,Orange,Average,< 3.0 (Low),53,10.77,80,384.0
1827,305072,850.0,Indian Rupees(Rs.),10.2,3.6,Yellow,Good,3.0 - 3.9 (Moderate),169,18.49,169,861.9
1828,18421938,900.0,Indian Rupees(Rs.),10.8,3.9,Yellow,Good,3.0 - 3.9 (Moderate),25,12.71,25,135.0
1829,18481321,300.0,Indian Rupees(Rs.),3.6,0.0,White,Not rated,Unrated,0,0.0,0,0.0
1830,18489829,250.0,Indian Rupees(Rs.),3.0,0.0,White,Not rated,Unrated,0,0.0,0,0.0
1831,18414487,200.0,Indian Rupees(Rs.),2.4,0.0,White,Not rated,Unrated,3,0.0,4,4.8
1832,18449656,550.0,Indian Rupees(Rs.),6.6,0.0,White,Not rated,Unrated,2,0.0,2,6.6
1833,313105,900.0,Indian Rupees(Rs.),10.8,3.3,Orange,Average,3.0 - 3.9 (Moderate),88,14.81,88,475.2
1834,300772,1800.0,Indian Rupees(Rs.),21.6,3.3,Orange,Average,3.0 - 3.9 (Moderate),563,20.91,563,6080.4
1835,836,800.0,Indian Rupees(Rs.),9.6,3.4,Orange,Average,3.0 - 3.9 (Moderate),1022,23.56,1533,7358.4
1836,3606,600.0,Indian Rupees(Rs.),7.2,2.7,Orange,Average,< 3.0 (Low),235,14.75,235,846.0
1837,305996,1400.0,Indian Rupees(Rs.),16.8,3.3,Orange,Average,3.0 - 3.9 (Moderate),586,21.04,879,7383.6
1838,18418247,1200.0,Indian Rupees(Rs.),14.4,4.7,Dark Green,Excellent,4.5 - 5.0 (Top Tier),69,19.97,69,496.8
1839,18365987,1500.0,Indian Rupees(Rs.),18.0,4.8,Dark Green,Excellent,4.5 - 5.0 (Top Tier),245,26.43,245,2205.0
1840,18337894,1500.0,Indian Rupees(Rs.),18.0,4.8,Dark Green,Excellent,4.5 - 5.0 (Top Tier),1478,35.04,1478,13302.0
1841,4398,2000.0,Indian Rupees(Rs.),24.0,3.9,Yellow,Good,3.0 - 3.9 (Moderate),1365,28.16,2048,24576.0
1842,18336483,1400.0,Indian Rupees(Rs.),16.8,3.5,Yellow,Good,3.0 - 3.9 (Moderate),134,17.17,134,1125.6
1843,496,550.0,Indian Rupees(Rs.),6.6,3.8,Yellow,Good,3.0 - 3.9 (Moderate),966,26.12,1449,4781.7
1844,4133,1500.0,Indian Rupees(Rs.),18.0,3.5,Yellow,Good,3.0 - 3.9 (Moderate),429,21.22,644,5796.0
1845,5065,700.0,Indian Rupees(Rs.),8.4,3.6,Yellow,Good,3.0 - 3.9 (Moderate),146,17.97,146,613.2
1846,313393,500.0,Indian Rupees(Rs.),6.0,3.7,Yellow,Good,3.0 - 3.9 (Moderate),241,20.31,241,723.0
1847,5052,1500.0,Indian Rupees(Rs.),18.0,3.5,Yellow,Good,3.0 - 3.9 (Moderate),853,23.62,853,7677.0
1848,18128900,1600.0,Indian Rupees(Rs.),19.2,3.6,Yellow,Good,3.0 - 3.9 (Moderate),254,19.95,254,2438.4
1849,309339,1500.0,Indian Rupees(Rs.),18.0,3.8,Yellow,Good,3.0 - 3.9 (Moderate),1317,27.3,1317,11853.0
1850,5104,500.0,Indian Rupees(Rs.),6.0,3.5,Yellow,Good,3.0 - 3.9 (Moderate),187,18.33,280,840.0
1851,18254529,1500.0,Indian Rupees(Rs.),18.0,3.9,Yellow,Good,3.0 - 3.9 (Moderate),401,23.39,401,3609.0
1852,17953909,1500.0,Indian Rupees(Rs.),18.0,3.6,Yellow,Good,3.0 - 3.9 (Moderate),302,20.57,453,4077.0
1853,310203,1800.0,Indian Rupees(Rs.),21.6,3.9,Yellow,Good,3.0 - 3.9 (Moderate),297,22.22,446,4816.8
1854,18238250,1200.0,Indian Rupees(Rs.),14.4,3.9,Yellow,Good,3.0 - 3.9 (Moderate),280,21.99,280,2016.0
1855,305272,700.0,Indian Rupees(Rs.),8.4,3.7,Yellow,Good,3.0 - 3.9 (Moderate),269,20.71,269,1129.8
1856,1851,1500.0,Indian Rupees(Rs.),18.0,3.6,Yellow,Good,3.0 - 3.9 (Moderate),289,20.41,289,2601.0
1857,18446415,2000.0,Indian Rupees(Rs.),24.0,3.9,Yellow,Good,3.0 - 3.9 (Moderate),96,17.84,96,1152.0
1858,18261703,1400.0,Indian Rupees(Rs.),16.8,4.0,Green,Very Good,4.0 - 4.4 (High),322,23.11,322,2704.8
1859,18241517,1600.0,Indian Rupees(Rs.),19.2,4.4,Green,Very Good,4.0 - 4.4 (High),391,26.27,391,3753.6
1860,18252386,2100.0,Indian Rupees(Rs.),25.2,4.1,Green,Very Good,4.0 - 4.4 (High),569,26.02,569,7169.4
1861,18281955,1500.0,Indian Rupees(Rs.),18.0,4.1,Green,Very Good,4.0 - 4.4 (High),105,19.12,105,945.0
1862,4959,1800.0,Indian Rupees(Rs.),21.6,4.4,Green,Very Good,4.0 - 4.4 (High),3569,35.99,3569,38545.2
1863,18037822,400.0,Indian Rupees(Rs.),4.8,4.1,Green,Very Good,4.0 - 4.4 (High),208,21.9,208,499.2
1864,3575,2500.0,Indian Rupees(Rs.),30.0,4.2,Green,Very Good,4.0 - 4.4 (High),327,24.33,490,7350.0
1865,18273972,1200.0,Indian Rupees(Rs.),14.4,4.0,Green,Very Good,4.0 - 4.4 (High),226,21.7,339,2440.8
1866,8430,1600.0,Indian Rupees(Rs.),19.2,4.1,Green,Very Good,4.0 - 4.4 (High),875,27.78,1312,12595.2
1867,18157413,1500.0,Indian Rupees(Rs.),18.0,4.2,Green,Very Good,4.0 - 4.4 (High),1809,31.5,1809,16281.0
1868,18422475,3300.0,Indian Rupees(Rs.),39.6,4.3,Green,Very Good,4.0 - 4.4 (High),56,17.39,56,1108.8
1869,18435794,1250.0,Indian Rupees(Rs.),15.0,4.4,Green,Very Good,4.0 - 4.4 (High),166,22.52,166,1245.0
1870,18429166,1200.0,Indian Rupees(Rs.),14.4,4.4,Green,Very Good,4.0 - 4.4 (High),146,21.96,146,1051.2
1871,18264995,650.0,Indian Rupees(Rs.),7.8,3.8,Yellow,Good,3.0 - 3.9 (Moderate),99,17.5,148,577.2
1872,18025114,1850.0,Indian Rupees(Rs.),22.2,4.0,Green,Very Good,4.0 - 4.4 (High),242,21.97,242,2686.2
1873,310799,500.0,Indian Rupees(Rs.),6.0,3.1,Orange,Average,3.0 - 3.9 (Moderate),11,7.7,11,33.0
1874,306719,450.0,Indian Rupees(Rs.),5.4,2.7,Orange,Average,< 3.0 (Low),73,11.62,73,197.1
1875,18285721,300.0,Indian Rupees(Rs.),3.6,2.7,Orange,Average,< 3.0 (Low),7,5.61,7,12.6
1876,598,450.0,Indian Rupees(Rs.),5.4,3.1,Orange,Average,3.0 - 3.9 (Moderate),23,9.85,23,62.1
1877,300066,250.0,Indian Rupees(Rs.),3.0,3.2,Orange,Average,3.0 - 3.9 (Moderate),23,10.17,34,51.0
1878,18396412,200.0,Indian Rupees(Rs.),2.4,3.2,Orange,Average,3.0 - 3.9 (Moderate),7,6.65,7,8.4
1879,18249121,200.0,Indian Rupees(Rs.),2.4,2.9,Orange,Average,< 3.0 (Low),10,6.95,15,18.0
1880,18241877,850.0,Indian Rupees(Rs.),10.2,2.9,Orange,Average,< 3.0 (Low),5,5.2,5,25.5
1881,310461,500.0,Indian Rupees(Rs.),6.0,3.1,Orange,Average,3.0 - 3.9 (Moderate),34,11.02,51,153.0
1882,18385781,200.0,Indian Rupees(Rs.),2.4,3.1,Orange,Average,3.0 - 3.9 (Moderate),7,6.45,7,8.4
1883,18360098,150.0,Indian Rupees(Rs.),1.8,3.1,Orange,Average,3.0 - 3.9 (Moderate),5,5.55,8,7.2
1884,300491,350.0,Indian Rupees(Rs.),4.2,3.1,Orange,Average,3.0 - 3.9 (Moderate),14,8.39,14,29.4
1885,307678,500.0,Indian Rupees(Rs.),6.0,2.9,Orange,Average,< 3.0 (Low),7,6.03,7,21.0
1886,18352295,250.0,Indian Rupees(Rs.),3.0,3.3,Orange,Average,3.0 - 3.9 (Moderate),8,7.25,8,12.0
1887,18451594,600.0,Indian Rupees(Rs.),7.2,3.0,Orange,Average,3.0 - 3.9 (Moderate),8,6.59,12,43.2
1888,18391176,500.0,Indian Rupees(Rs.),6.0,2.7,Orange,Average,< 3.0 (Low),7,5.61,7,21.0
1889,313456,350.0,Indian Rupees(Rs.),4.2,3.1,Orange,Average,3.0 - 3.9 (Moderate),9,7.14,9,18.9
1890,304518,450.0,Indian Rupees(Rs.),5.4,2.5,Orange,Average,< 3.0 (Low),52,9.93,52,140.4
1891,6896,300.0,Indian Rupees(Rs.),3.6,3.2,Orange,Average,3.0 - 3.9 (Moderate),39,11.8,39,70.2
1892,18441701,400.0,Indian Rupees(Rs.),4.8,2.9,Orange,Average,< 3.0 (Low),9,6.68,9,21.6
1893,4154,500.0,Indian Rupees(Rs.),6.0,2.8,Orange,Average,< 3.0 (Low),73,12.05,110,330.0
1894,18376925,500.0,Indian Rupees(Rs.),6.0,4.5,Dark Green,Excellent,4.5 - 5.0 (Top Tier),76,19.55,114,342.0
1895,2180,600.0,Indian Rupees(Rs.),7.2,3.6,Yellow,Good,3.0 - 3.9 (Moderate),183,18.77,274,986.4
1896,18224532,250.0,Indian Rupees(Rs.),3.0,3.8,Yellow,Good,3.0 - 3.9 (Moderate),142,18.86,213,319.5
1897,18356357,650.0,Indian Rupees(Rs.),7.8,3.5,Yellow,Good,3.0 - 3.9 (Moderate),22,10.97,33,128.7
1898,18175268,600.0,Indian Rupees(Rs.),7.2,3.9,Yellow,Good,3.0 - 3.9 (Moderate),144,19.41,216,777.6
1899,5004,500.0,Indian Rupees(Rs.),6.0,3.5,Yellow,Good,3.0 - 3.9 (Moderate),486,21.66,729,2187.0
1900,308617,400.0,Indian Rupees(Rs.),4.8,3.9,Yellow,Good,3.0 - 3.9 (Moderate),104,18.15,156,374.4
1901,304351,400.0,Indian Rupees(Rs.),4.8,3.5,Yellow,Good,3.0 - 3.9 (Moderate),136,17.22,204,489.6
1902,18354655,350.0,Indian Rupees(Rs.),4.2,0.0,White,Not rated,Unrated,3,0.0,3,6.3
1903,18391141,300.0,Indian Rupees(Rs.),3.6,0.0,White,Not rated,Unrated,1,0.0,1,1.8
1904,18492062,600.0,Indian Rupees(Rs.),7.2,0.0,White,Not rated,Unrated,0,0.0,0,0.0
1905,18324806,600.0,Indian Rupees(Rs.),7.2,0.0,White,Not rated,Unrated,0,0.0,0,0.0
1906,18354665,350.0,Indian Rupees(Rs.),4.2,2.4,Red,Poor,< 3.0 (Low),13,6.33,20,42.0
1907,309543,800.0,Indian Rupees(Rs.),9.6,4.0,Green,Very Good,4.0 - 4.4 (High),530,25.1,795,3816.0
1908,18419875,500.0,Indian Rupees(Rs.),6.0,3.0,Orange,Average,3.0 - 3.9 (Moderate),6,5.84,6,18.0
1909,18358189,150.0,Indian Rupees(Rs.),1.8,3.0,Orange,Average,3.0 - 3.9 (Moderate),5,5.38,5,4.5
1910,18352250,500.0,Indian Rupees(Rs.),6.0,0.0,White,Not rated,Unrated,0,0.0,0,0.0
1911,18435789,900.0,Indian Rupees(Rs.),10.8,0.0,White,Not rated,Unrated,0,0.0,0,0.0
1912,308199,150.0,Indian Rupees(Rs.),1.8,0.0,White,Not rated,Unrated,3,0.0,3,2.7
1913,18393717,300.0,Indian Rupees(Rs.),3.6,0.0,White,Not rated,Unrated,0,0.0,0,0.0
1914,18458642,200.0,Indian Rupees(Rs.),2.4,0.0,White,Not rated,Unrated,0,0.0,0,0.0
1915,18458635,700.0,Indian Rupees(Rs.),8.4,0.0,White,Not rated,Unrated,0,0.0,0,0.0
1916,18447121,250.0,Indian Rupees(Rs.),3.0,0.0,White,Not rated,Unrated,0,0.0,0,0.0
1917,18313136,600.0,Indian Rupees(Rs.),7.2,0.0,White,Not rated,Unrated,0,0.0,0,0.0
1918,18358175,600.0,Indian Rupees(Rs.),7.2,0.0,White,Not rated,Unrated,0,0.0,0,0.0
1919,18357944,400.0,Indian Rupees(Rs.),4.8,0.0,White,Not rated,Unrated,2,0.0,2,4.8
1920,18384132,200.0,Indian Rupees(Rs.),2.4,0.0,White,Not rated,Unrated,0,0.0,0,0.0
1921,18458643,400.0,Indian Rupees(Rs.),4.8,0.0,White,Not rated,Unrated,0,0.0,0,0.0
1922,18292436,200.0,Indian Rupees(Rs.),2.4,0.0,White,Not rated,Unrated,1,0.0,1,1.2
1923,18345759,350.0,Indian Rupees(Rs.),4.2,0.0,White,Not rated,Unrated,0,0.0,0,0.0
1924,18352657,200.0,Indian Rupees(Rs.),2.4,0.0,White,Not rated,Unrated,0,0.0,0,0.0
1925,18458637,500.0,Indian Rupees(Rs.),6.0,0.0,White,Not rated,Unrated,0,0.0,0,0.0
1926,18352655,200.0,Indian Rupees(Rs.),2.4,0.0,White,Not rated,Unrated,0,0.0,0,0.0
1927,18458641,600.0,Indian Rupees(Rs.),7.2,0.0,White,Not rated,Unrated,0,0.0,0,0.0
1928,304142,600.0,Indian Rupees(Rs.),7.2,3.0,Orange,Average,3.0 - 3.9 (Moderate),174,15.49,261,939.6
1929,18433016,600.0,Indian Rupees(Rs.),7.2,3.2,Orange,Average,3.0 - 3.9 (Moderate),11,7.95,16,57.6
1930,312683,400.0,Indian Rupees(Rs.),4.8,4.1,Green,Very Good,4.0 - 4.4 (High),176,21.22,176,422.4
1931,18037824,550.0,Indian Rupees(Rs.),6.6,3.4,Orange,Average,3.0 - 3.9 (Moderate),64,14.19,96,316.8
1932,303848,600.0,Indian Rupees(Rs.),7.2,3.2,Orange,Average,3.0 - 3.9 (Moderate),41,11.96,62,223.2
1933,18273536,500.0,Indian Rupees(Rs.),6.0,3.2,Orange,Average,3.0 - 3.9 (Moderate),24,10.3,36,108.0
1934,18291450,200.0,Indian Rupees(Rs.),2.4,3.2,Orange,Average,3.0 - 3.9 (Moderate),10,7.67,10,12.0
1935,18345780,500.0,Indian Rupees(Rs.),6.0,3.2,Orange,Average,3.0 - 3.9 (Moderate),18,9.42,18,54.0
1936,18303712,600.0,Indian Rupees(Rs.),7.2,3.3,Orange,Average,3.0 - 3.9 (Moderate),59,13.51,88,316.8
1937,309021,250.0,Indian Rupees(Rs.),3.0,2.9,Orange,Average,< 3.0 (Low),28,9.77,28,42.0
1938,306477,600.0,Indian Rupees(Rs.),7.2,3.3,Orange,Average,3.0 - 3.9 (Moderate),74,14.25,74,266.4
1939,18303698,500.0,Indian Rupees(Rs.),6.0,2.8,Orange,Average,< 3.0 (Low),14,7.58,21,63.0
1940,18381664,300.0,Indian Rupees(Rs.),3.6,3.2,Orange,Average,3.0 - 3.9 (Moderate),50,12.58,75,135.0
1941,18161601,700.0,Indian Rupees(Rs.),8.4,3.1,Orange,Average,3.0 - 3.9 (Moderate),11,7.7,11,46.2
1942,18279913,200.0,Indian Rupees(Rs.),2.4,3.2,Orange,Average,3.0 - 3.9 (Moderate),10,7.67,10,12.0
1943,18268733,500.0,Indian Rupees(Rs.),6.0,3.2,Orange,Average,3.0 - 3.9 (Moderate),88,14.36,132,396.0
1944,18204811,650.0,Indian Rupees(Rs.),7.8,3.7,Yellow,Good,3.0 - 3.9 (Moderate),427,22.42,640,2496.0
1945,18476542,200.0,Indian Rupees(Rs.),2.4,0.0,White,Not rated,Unrated,0,0.0,0,0.0
1946,18279459,350.0,Indian Rupees(Rs.),4.2,0.0,White,Not rated,Unrated,3,0.0,3,6.3
1947,18409216,300.0,Indian Rupees(Rs.),3.6,0.0,White,Not rated,Unrated,1,0.0,1,1.8
1948,313408,300.0,Indian Rupees(Rs.),3.6,0.0,White,Not rated,Unrated,3,0.0,3,5.4
1949,18345770,250.0,Indian Rupees(Rs.),3.0,0.0,White,Not rated,Unrated,0,0.0,0,0.0
1950,18499475,200.0,Indian Rupees(Rs.),2.4,0.0,White,Not rated,Unrated,0,0.0,0,0.0
1951,18034069,250.0,Indian Rupees(Rs.),3.0,0.0,White,Not rated,Unrated,0,0.0,0,0.0
1952,18396431,400.0,Indian Rupees(Rs.),4.8,0.0,White,Not rated,Unrated,1,0.0,1,2.4
1953,18392211,300.0,Indian Rupees(Rs.),3.6,0.0,White,Not rated,Unrated,0,0.0,0,0.0
1954,18291213,100.0,Indian Rupees(Rs.),1.2,0.0,White,Not rated,Unrated,1,0.0,1,0.6
1955,18350136,200.0,Indian Rupees(Rs.),2.4,0.0,White,Not rated,Unrated,0,0.0,0,0.0
1956,310454,150.0,Indian Rupees(Rs.),1.8,0.0,White,Not rated,Unrated,1,0.0,1,0.9
1957,18446413,400.0,Indian Rupees(Rs.),4.8,0.0,White,Not rated,Unrated,0,0.0,0,0.0
1958,18499471,250.0,Indian Rupees(Rs.),3.0,0.0,White,Not rated,Unrated,0,0.0,0,0.0
1959,18124387,300.0,Indian Rupees(Rs.),3.6,0.0,White,Not rated,Unrated,1,0.0,1,1.8
1960,18499459,350.0,Indian Rupees(Rs.),4.2,0.0,White,Not rated,Unrated,0,0.0,0,0.0
1961,894,700.0,Indian Rupees(Rs.),8.4,2.4,Red,Poor,< 3.0 (Low),92,10.88,138,579.6
1962,5079,300.0,Indian Rupees(Rs.),3.6,2.8,Orange,Average,< 3.0 (Low),16,7.93,16,28.8
1963,18289241,800.0,Indian Rupees(Rs.),9.6,3.3,Orange,Average,3.0 - 3.9 (Moderate),17,9.54,17,81.6
1964,18352682,400.0,Indian Rupees(Rs.),4.8,0.0,White,Not rated,Unrated,3,0.0,3,7.2
1965,18352658,350.0,Indian Rupees(Rs.),4.2,0.0,White,Not rated,Unrated,0,0.0,0,0.0
1966,18241896,1600.0,Indian Rupees(Rs.),19.2,3.9,Yellow,Good,3.0 - 3.9 (Moderate),233,21.28,350,3360.0
1967,18363062,500.0,Indian Rupees(Rs.),6.0,2.4,Red,Poor,< 3.0 (Low),20,7.31,30,90.0
1968,18380197,600.0,Indian Rupees(Rs.),7.2,3.2,Orange,Average,3.0 - 3.9 (Moderate),6,6.23,6,21.6
1969,18472639,300.0,Indian Rupees(Rs.),3.6,3.0,Orange,Average,3.0 - 3.9 (Moderate),6,5.84,9,16.2
1970,18351822,120.0,Indian Rupees(Rs.),1.44,3.1,Orange,Average,3.0 - 3.9 (Moderate),6,6.03,6,4.32
1971,18388168,400.0,Indian Rupees(Rs.),4.8,3.3,Orange,Average,3.0 - 3.9 (Moderate),15,9.15,22,52.8
1972,18472449,600.0,Indian Rupees(Rs.),7.2,3.1,Orange,Average,3.0 - 3.9 (Moderate),4,4.99,6,21.6
1973,18314053,100.0,Indian Rupees(Rs.),1.2,3.0,Orange,Average,3.0 - 3.9 (Moderate),4,4.83,4,2.4
1974,300654,600.0,Indian Rupees(Rs.),7.2,2.7,Orange,Average,< 3.0 (Low),20,8.22,20,72.0
1975,18144467,600.0,Indian Rupees(Rs.),7.2,3.0,Orange,Average,3.0 - 3.9 (Moderate),18,8.83,18,64.8
1976,18332527,600.0,Indian Rupees(Rs.),7.2,3.2,Orange,Average,3.0 - 3.9 (Moderate),18,9.42,27,97.2
1977,18423797,300.0,Indian Rupees(Rs.),3.6,3.0,Orange,Average,3.0 - 3.9 (Moderate),6,5.84,6,10.8
1978,18265424,300.0,Indian Rupees(Rs.),3.6,3.2,Orange,Average,3.0 - 3.9 (Moderate),7,6.65,7,12.6
1979,311534,300.0,Indian Rupees(Rs.),3.6,3.3,Orange,Average,3.0 - 3.9 (Moderate),14,8.94,14,25.2
1980,18124345,350.0,Indian Rupees(Rs.),4.2,2.9,Orange,Average,< 3.0 (Low),4,4.67,4,8.4
1981,5190,500.0,Indian Rupees(Rs.),6.0,3.2,Orange,Average,3.0 - 3.9 (Moderate),48,12.45,48,144.0
1982,310235,700.0,Indian Rupees(Rs.),8.4,3.1,Orange,Average,3.0 - 3.9 (Moderate),9,7.14,14,58.8
1983,18251519,600.0,Indian Rupees(Rs.),7.2,2.9,Orange,Average,< 3.0 (Low),5,5.2,5,18.0
1984,6764,500.0,Indian Rupees(Rs.),6.0,3.0,Orange,Average,3.0 - 3.9 (Moderate),33,10.58,33,99.0
1985,18345767,200.0,Indian Rupees(Rs.),2.4,3.0,Orange,Average,3.0 - 3.9 (Moderate),4,4.83,4,4.8
1986,313401,650.0,Indian Rupees(Rs.),7.8,3.1,Orange,Average,3.0 - 3.9 (Moderate),37,11.28,56,218.4
1987,307398,600.0,Indian Rupees(Rs.),7.2,2.6,Orange,Average,< 3.0 (Low),17,7.51,26,93.6
1988,309763,750.0,Indian Rupees(Rs.),9.0,2.9,Orange,Average,< 3.0 (Low),8,6.37,8,36.0
1989,18439540,500.0,Indian Rupees(Rs.),6.0,2.8,Orange,Average,< 3.0 (Low),5,5.02,8,24.0
1990,5011,150.0,Indian Rupees(Rs.),1.8,3.0,Orange,Average,3.0 - 3.9 (Moderate),6,5.84,6,5.4
1991,18265720,500.0,Indian Rupees(Rs.),6.0,3.6,Yellow,Good,3.0 - 3.9 (Moderate),47,13.94,47,141.0
1992,18444356,400.0,Indian Rupees(Rs.),4.8,3.8,Yellow,Good,3.0 - 3.9 (Moderate),46,14.63,46,110.4
1993,18419894,350.0,Indian Rupees(Rs.),4.2,3.9,Yellow,Good,3.0 - 3.9 (Moderate),37,14.19,56,117.6
1994,18254541,800.0,Indian Rupees(Rs.),9.6,3.5,Yellow,Good,3.0 - 3.9 (Moderate),46,13.48,69,331.2
1995,18393709,150.0,Indian Rupees(Rs.),1.8,0.0,White,Not rated,Unrated,0,0.0,0,0.0
1996,18421493,100.0,Indian Rupees(Rs.),1.2,0.0,White,Not rated,Unrated,0,0.0,0,0.0
1997,18464628,650.0,Indian Rupees(Rs.),7.8,0.0,White,Not rated,Unrated,0,0.0,0,0.0
1998,18398590,300.0,Indian Rupees(Rs.),3.6,0.0,White,Not rated,Unrated,1,0.0,1,1.8
1999,18476986,350.0,Indian Rupees(Rs.),4.2,0.0,White,Not rated,Unrated,0,0.0,0,0.0
2000,312560,400.0,Indian Rupees(Rs.),4.8,0.0,White,Not rated,Unrated,1,0.0,1,2.4
2001,18391166,600.0,Indian Rupees(Rs.),7.2,0.0,White,Not rated,Unrated,1,0.0,1,3.6
2002,18464624,600.0,Indian Rupees(Rs.),7.2,0.0,White,Not rated,Unrated,1,0.0,1,3.6
2003,18464616,200.0,Indian Rupees(Rs.),2.4,0.0,White,Not rated,Unrated,0,0.0,0,0.0
2004,18393725,350.0,Indian Rupees(Rs.),4.2,0.0,White,Not rated,Unrated,0,0.0,0,0.0
2005,18438453,300.0,Indian Rupees(Rs.),3.6,0.0,White,Not rated,Unrated,0,0.0,0,0.0
2006,18365603,200.0,Indian Rupees(Rs.),2.4,0.0,White,Not rated,Unrated,0,0.0,0,0.0
2007,18388039,100.0,Indian Rupees(Rs.),1.2,0.0,White,Not rated,Unrated,0,0.0,0,0.0
2008,18495252,200.0,Indian Rupees(Rs.),2.4,0.0,White,Not rated,Unrated,0,0.0,0,0.0
2009,18421502,150.0,Indian Rupees(Rs.),1.8,0.0,White,Not rated,Unrated,0,0.0,0,0.0
2010,18464630,300.0,Indian Rupees(Rs.),3.6,0.0,White,Not rated,Unrated,0,0.0,0,0.0
2011,18335897,500.0,Indian Rupees(Rs.),6.0,0.0,White,Not rated,Unrated,0,0.0,0,0.0
2012,5935,300.0,Indian Rupees(Rs.),3.6,0.0,White,Not rated,Unrated,3,0.0,3,5.4
2013,18421476,150.0,Indian Rupees(Rs.),1.8,0.0,White,Not rated,Unrated,0,0.0,0,0.0
2014,305140,150.0,Indian Rupees(Rs.),1.8,0.0,White,Not rated,Unrated,2,0.0,2,1.8
2015,18464618,400.0,Indian Rupees(Rs.),4.8,0.0,White,Not rated,Unrated,0,0.0,0,0.0
2016,18464626,500.0,Indian Rupees(Rs.),6.0,0.0,White,Not rated,Unrated,0,0.0,0,0.0
2017,18261727,400.0,Indian Rupees(Rs.),4.8,0.0,White,Not rated,Unrated,0,0.0,0,0.0
2018,18319384,200.0,Indian Rupees(Rs.),2.4,0.0,White,Not rated,Unrated,1,0.0,1,1.2
2019,306540,800.0,Indian Rupees(Rs.),9.6,2.2,Red,Poor,< 3.0 (Low),66,9.25,66,316.8
2020,304524,400.0,Indian Rupees(Rs.),4.8,2.2,Red,Poor,< 3.0 (Low),46,8.47,69,165.6
2021,2087,650.0,Indian Rupees(Rs.),7.8,2.4,Red,Poor,< 3.0 (Low),52,9.53,52,202.8
2022,18439516,300.0,Indian Rupees(Rs.),3.6,3.2,Orange,Average,3.0 - 3.9 (Moderate),12,8.21,18,32.4
2023,5588,600.0,Indian Rupees(Rs.),7.2,2.8,Orange,Average,< 3.0 (Low),106,13.08,159,572.4
2024,311975,500.0,Indian Rupees(Rs.),6.0,3.3,Orange,Average,3.0 - 3.9 (Moderate),22,10.35,22,66.0
2025,6897,300.0,Indian Rupees(Rs.),3.6,3.4,Orange,Average,3.0 - 3.9 (Moderate),94,15.48,94,169.2
2026,313122,600.0,Indian Rupees(Rs.),7.2,2.6,Orange,Average,< 3.0 (Low),16,7.37,24,86.4
2027,306976,200.0,Indian Rupees(Rs.),2.4,2.8,Orange,Average,< 3.0 (Low),11,6.96,16,19.2
2028,308191,350.0,Indian Rupees(Rs.),4.2,3.2,Orange,Average,3.0 - 3.9 (Moderate),16,9.07,16,33.6
2029,18336484,450.0,Indian Rupees(Rs.),5.4,3.2,Orange,Average,3.0 - 3.9 (Moderate),32,11.19,48,129.6
2030,312665,200.0,Indian Rupees(Rs.),2.4,3.1,Orange,Average,3.0 - 3.9 (Moderate),27,10.33,27,32.4
2031,18357570,550.0,Indian Rupees(Rs.),6.6,3.7,Yellow,Good,3.0 - 3.9 (Moderate),45,14.17,68,224.4
2032,310829,800.0,Indian Rupees(Rs.),9.6,3.5,Yellow,Good,3.0 - 3.9 (Moderate),148,17.51,222,1065.6
2033,9852,150.0,Indian Rupees(Rs.),1.8,3.6,Yellow,Good,3.0 - 3.9 (Moderate),20,10.96,20,18.0
2034,18357912,350.0,Indian Rupees(Rs.),4.2,3.2,Orange,Average,3.0 - 3.9 (Moderate),13,8.44,20,42.0
2035,311455,200.0,Indian Rupees(Rs.),2.4,2.8,Orange,Average,< 3.0 (Low),7,5.82,7,8.4
2036,18398839,250.0,Indian Rupees(Rs.),3.0,0.0,White,Not rated,Unrated,3,0.0,3,4.5
2037,1920,250.0,Indian Rupees(Rs.),3.0,3.4,Orange,Average,3.0 - 3.9 (Moderate),37,12.37,37,55.5
2038,358,700.0,Indian Rupees(Rs.),8.4,3.3,Orange,Average,3.0 - 3.9 (Moderate),64,13.78,96,403.2
2039,5080,100.0,Indian Rupees(Rs.),1.2,3.2,Orange,Average,3.0 - 3.9 (Moderate),16,9.07,16,9.6
2040,1655,450.0,Indian Rupees(Rs.),5.4,2.7,Orange,Average,< 3.0 (Low),28,9.09,28,75.6
2041,18397469,200.0,Indian Rupees(Rs.),2.4,3.6,Yellow,Good,3.0 - 3.9 (Moderate),28,12.12,28,33.6
2042,1654,650.0,Indian Rupees(Rs.),7.8,4.0,Green,Very Good,4.0 - 4.4 (High),398,23.96,398,1552.2
2043,18462602,400.0,Indian Rupees(Rs.),4.8,0.0,White,Not rated,Unrated,0,0.0,0,0.0
2044,18479007,300.0,Indian Rupees(Rs.),3.6,0.0,White,Not rated,Unrated,0,0.0,0,0.0
2045,18409187,200.0,Indian Rupees(Rs.),2.4,0.0,White,Not rated,Unrated,0,0.0,0,0.0
2046,18357945,300.0,Indian Rupees(Rs.),3.6,0.0,White,Not rated,Unrated,0,0.0,0,0.0
2047,313085,500.0,Indian Rupees(Rs.),6.0,3.4,Orange,Average,3.0 - 3.9 (Moderate),190,17.86,285,855.0
2048,307502,1000.0,Indian Rupees(Rs.),12.0,2.5,Orange,Average,< 3.0 (Low),65,10.47,98,588.0
2049,18237318,400.0,Indian Rupees(Rs.),4.8,3.3,Orange,Average,3.0 - 3.9 (Moderate),39,12.17,58,139.2
2050,18336504,200.0,Indian Rupees(Rs.),2.4,3.4,Orange,Average,3.0 - 3.9 (Moderate),20,10.35,30,36.0
2051,18277212,500.0,Indian Rupees(Rs.),6.0,3.3,Orange,Average,3.0 - 3.9 (Moderate),17,9.54,17,51.0
2052,18411846,400.0,Indian Rupees(Rs.),4.8,3.2,Orange,Average,3.0 - 3.9 (Moderate),21,9.89,32,76.8
2053,300938,550.0,Indian Rupees(Rs.),6.6,3.3,Orange,Average,3.0 - 3.9 (Moderate),175,17.06,262,864.6
2054,309466,600.0,Indian Rupees(Rs.),7.2,3.4,Orange,Average,3.0 - 3.9 (Moderate),138,16.78,207,745.2
2055,303606,150.0,Indian Rupees(Rs.),1.8,3.4,Orange,Average,3.0 - 3.9 (Moderate),20,10.35,20,18.0
2056,18441175,600.0,Indian Rupees(Rs.),7.2,3.4,Orange,Average,3.0 - 3.9 (Moderate),51,13.43,76,273.6
2057,18292438,1000.0,Indian Rupees(Rs.),12.0,3.2,Orange,Average,3.0 - 3.9 (Moderate),32,11.19,48,288.0
2058,301383,750.0,Indian Rupees(Rs.),9.0,3.1,Orange,Average,3.0 - 3.9 (Moderate),57,12.59,57,256.5
2059,310500,300.0,Indian Rupees(Rs.),3.6,3.4,Orange,Average,3.0 - 3.9 (Moderate),54,13.62,54,97.2
2060,6867,400.0,Indian Rupees(Rs.),4.8,2.9,Orange,Average,< 3.0 (Low),41,10.84,41,98.4
2061,301310,600.0,Indian Rupees(Rs.),7.2,2.5,Orange,Average,< 3.0 (Low),188,13.1,282,1015.2
2062,18232128,400.0,Indian Rupees(Rs.),4.8,3.1,Orange,Average,3.0 - 3.9 (Moderate),68,13.13,68,163.2
2063,4820,400.0,Indian Rupees(Rs.),4.8,2.6,Orange,Average,< 3.0 (Low),30,8.93,30,72.0
2064,306883,500.0,Indian Rupees(Rs.),6.0,2.9,Orange,Average,< 3.0 (Low),58,11.82,87,261.0
2065,4817,500.0,Indian Rupees(Rs.),6.0,2.9,Orange,Average,< 3.0 (Low),101,13.41,152,456.0
2066,18423106,800.0,Indian Rupees(Rs.),9.6,3.3,Orange,Average,3.0 - 3.9 (Moderate),16,9.35,16,76.8
2067,18161567,500.0,Indian Rupees(Rs.),6.0,2.8,Orange,Average,< 3.0 (Low),22,8.78,33,99.0
2068,303003,1500.0,Indian Rupees(Rs.),18.0,2.6,Orange,Average,< 3.0 (Low),83,11.52,124,1116.0
2069,309033,1350.0,Indian Rupees(Rs.),16.2,3.4,Orange,Average,3.0 - 3.9 (Moderate),155,17.17,232,1879.2
2070,18258571,600.0,Indian Rupees(Rs.),7.2,3.4,Orange,Average,3.0 - 3.9 (Moderate),40,12.63,40,144.0
2071,18322684,750.0,Indian Rupees(Rs.),9.0,3.7,Yellow,Good,3.0 - 3.9 (Moderate),30,12.71,45,202.5
2072,18261309,200.0,Indian Rupees(Rs.),2.4,3.5,Yellow,Good,3.0 - 3.9 (Moderate),30,12.02,45,54.0
2073,304192,500.0,Indian Rupees(Rs.),6.0,3.5,Yellow,Good,3.0 - 3.9 (Moderate),84,15.55,126,378.0
2074,18381235,1250.0,Indian Rupees(Rs.),15.0,3.7,Yellow,Good,3.0 - 3.9 (Moderate),21,11.44,32,240.0
2075,18365865,400.0,Indian Rupees(Rs.),4.8,3.9,Yellow,Good,3.0 - 3.9 (Moderate),22,12.23,33,79.2
2076,18282037,300.0,Indian Rupees(Rs.),3.6,3.6,Yellow,Good,3.0 - 3.9 (Moderate),57,14.62,57,102.6
2077,18415385,1100.0,Indian Rupees(Rs.),13.2,3.9,Yellow,Good,3.0 - 3.9 (Moderate),28,13.13,28,184.8
2078,18180062,600.0,Indian Rupees(Rs.),7.2,3.9,Yellow,Good,3.0 - 3.9 (Moderate),101,18.04,152,547.2
2079,18368007,500.0,Indian Rupees(Rs.),6.0,3.5,Yellow,Good,3.0 - 3.9 (Moderate),26,11.54,26,78.0
2080,18383504,1600.0,Indian Rupees(Rs.),19.2,3.7,Yellow,Good,3.0 - 3.9 (Moderate),28,12.46,28,268.8
2081,17977749,500.0,Indian Rupees(Rs.),6.0,3.6,Yellow,Good,3.0 - 3.9 (Moderate),35,12.9,35,105.0
2082,312684,700.0,Indian Rupees(Rs.),8.4,3.7,Yellow,Good,3.0 - 3.9 (Moderate),51,14.62,51,214.2
2083,18303696,950.0,Indian Rupees(Rs.),11.4,3.5,Yellow,Good,3.0 - 3.9 (Moderate),39,12.91,58,330.6
2084,303174,300.0,Indian Rupees(Rs.),3.6,3.5,Yellow,Good,3.0 - 3.9 (Moderate),37,12.73,37,66.6
2085,6877,700.0,Indian Rupees(Rs.),8.4,2.3,Red,Poor,< 3.0 (Low),70,9.8,70,294.0
2086,306975,200.0,Indian Rupees(Rs.),2.4,2.3,Red,Poor,< 3.0 (Low),26,7.58,39,46.8
2087,18014135,450.0,Indian Rupees(Rs.),5.4,2.4,Red,Poor,< 3.0 (Low),42,9.03,42,113.4
2088,18306533,2500.0,Indian Rupees(Rs.),30.0,4.1,Green,Very Good,4.0 - 4.4 (High),56,16.58,56,840.0
2089,18441539,800.0,Indian Rupees(Rs.),9.6,0.0,White,Not rated,Unrated,0,0.0,0,0.0
2090,18340217,600.0,Indian Rupees(Rs.),7.2,0.0,White,Not rated,Unrated,0,0.0,0,0.0
2091,18246068,600.0,Indian Rupees(Rs.),7.2,2.8,Orange,Average,< 3.0 (Low),7,5.82,10,36.0
2092,304564,100.0,Indian Rupees(Rs.),1.2,2.8,Orange,Average,< 3.0 (Low),9,6.45,9,5.4
2093,312265,700.0,Indian Rupees(Rs.),8.4,3.1,Orange,Average,3.0 - 3.9 (Moderate),33,10.93,33,138.6
2094,18378807,600.0,Indian Rupees(Rs.),7.2,0.0,White,Not rated,Unrated,0,0.0,0,0.0
2095,18205653,250.0,Indian Rupees(Rs.),3.0,0.0,White,Not rated,Unrated,1,0.0,1,1.5
2096,18458345,150.0,Indian Rupees(Rs.),1.8,0.0,White,Not rated,Unrated,0,0.0,0,0.0
2097,311428,300.0,Indian Rupees(Rs.),3.6,0.0,White,Not rated,Unrated,0,0.0,0,0.0
2098,18435818,600.0,Indian Rupees(Rs.),7.2,0.0,White,Not rated,Unrated,0,0.0,0,0.0
2099,313316,600.0,Indian Rupees(Rs.),7.2,3.4,Orange,Average,3.0 - 3.9 (Moderate),178,17.64,267,961.2
2100,7528,1800.0,Indian Rupees(Rs.),21.6,4.5,Dark Green,Excellent,4.5 - 5.0 (Top Tier),1262,32.14,1893,20444.4
2101,1216,650.0,Indian Rupees(Rs.),7.8,3.3,Orange,Average,3.0 - 3.9 (Moderate),199,17.48,298,1162.2
2102,305662,950.0,Indian Rupees(Rs.),11.4,3.4,Orange,Average,3.0 - 3.9 (Moderate),483,21.02,724,4126.8
2103,305792,500.0,Indian Rupees(Rs.),6.0,3.4,Orange,Average,3.0 - 3.9 (Moderate),346,19.89,519,1557.0
2104,305776,850.0,Indian Rupees(Rs.),10.2,3.2,Orange,Average,3.0 - 3.9 (Moderate),241,17.56,362,1846.2
2105,18355106,450.0,Indian Rupees(Rs.),5.4,3.8,Yellow,Good,3.0 - 3.9 (Moderate),158,19.26,237,639.9
2106,308274,400.0,Indian Rupees(Rs.),4.8,3.7,Yellow,Good,3.0 - 3.9 (Moderate),92,16.77,138,331.2
2107,3538,400.0,Indian Rupees(Rs.),4.8,3.6,Yellow,Good,3.0 - 3.9 (Moderate),115,17.11,172,412.8
2108,18420450,300.0,Indian Rupees(Rs.),3.6,3.9,Yellow,Good,3.0 - 3.9 (Moderate),94,17.76,141,253.8
2109,306401,800.0,Indian Rupees(Rs.),9.6,3.5,Yellow,Good,3.0 - 3.9 (Moderate),118,16.73,177,849.6
2110,18257542,300.0,Indian Rupees(Rs.),3.6,3.8,Yellow,Good,3.0 - 3.9 (Moderate),48,14.79,72,129.6
2111,9290,800.0,Indian Rupees(Rs.),9.6,3.6,Yellow,Good,3.0 - 3.9 (Moderate),321,20.79,482,2313.6
2112,301499,2000.0,Indian Rupees(Rs.),24.0,4.0,Green,Very Good,4.0 - 4.4 (High),429,24.26,644,7728.0
2113,18025103,1100.0,Indian Rupees(Rs.),13.2,4.1,Green,Very Good,4.0 - 4.4 (High),344,23.96,516,3405.6
2114,18424627,700.0,Indian Rupees(Rs.),8.4,4.1,Green,Very Good,4.0 - 4.4 (High),103,19.04,154,646.8
2115,18403465,500.0,Indian Rupees(Rs.),6.0,4.2,Green,Very Good,4.0 - 4.4 (High),67,17.72,100,300.0
2116,18372668,500.0,Indian Rupees(Rs.),6.0,4.2,Green,Very Good,4.0 - 4.4 (High),112,19.86,168,504.0
2117,18224536,700.0,Indian Rupees(Rs.),8.4,4.0,Green,Very Good,4.0 - 4.4 (High),157,20.25,236,991.2
2118,18128902,500.0,Indian Rupees(Rs.),6.0,3.0,Orange,Average,3.0 - 3.9 (Moderate),8,6.59,8,24.0
2119,18138454,400.0,Indian Rupees(Rs.),4.8,3.3,Orange,Average,3.0 - 3.9 (Moderate),21,10.2,21,50.4
2120,4602,700.0,Indian Rupees(Rs.),8.4,2.7,Orange,Average,< 3.0 (Low),39,9.96,58,243.6
2121,18341082,450.0,Indian Rupees(Rs.),5.4,3.2,Orange,Average,3.0 - 3.9 (Moderate),27,10.66,27,72.9
2122,18382055,300.0,Indian Rupees(Rs.),3.6,3.2,Orange,Average,3.0 - 3.9 (Moderate),10,7.67,10,18.0
2123,18391189,1000.0,Indian Rupees(Rs.),12.0,3.4,Orange,Average,3.0 - 3.9 (Moderate),16,9.63,16,96.0
2124,311837,700.0,Indian Rupees(Rs.),8.4,3.4,Orange,Average,3.0 - 3.9 (Moderate),20,10.35,30,126.0
2125,254,1000.0,Indian Rupees(Rs.),12.0,2.8,Orange,Average,< 3.0 (Low),80,12.3,120,720.0
2126,308113,600.0,Indian Rupees(Rs.),7.2,2.8,Orange,Average,< 3.0 (Low),42,10.53,63,226.8
2127,18365890,600.0,Indian Rupees(Rs.),7.2,3.7,Yellow,Good,3.0 - 3.9 (Moderate),49,14.47,74,266.4
2128,18354631,300.0,Indian Rupees(Rs.),3.6,3.7,Yellow,Good,3.0 - 3.9 (Moderate),65,15.5,98,176.4
2129,18336214,550.0,Indian Rupees(Rs.),6.6,3.7,Yellow,Good,3.0 - 3.9 (Moderate),52,14.69,78,257.4
2130,18265365,250.0,Indian Rupees(Rs.),3.0,3.7,Yellow,Good,3.0 - 3.9 (Moderate),58,15.09,87,130.5
2131,18363405,200.0,Indian Rupees(Rs.),2.4,3.7,Yellow,Good,3.0 - 3.9 (Moderate),25,12.05,38,45.6
2132,18322661,300.0,Indian Rupees(Rs.),3.6,3.7,Yellow,Good,3.0 - 3.9 (Moderate),50,14.55,50,90.0
2133,18261725,600.0,Indian Rupees(Rs.),7.2,3.7,Yellow,Good,3.0 - 3.9 (Moderate),125,17.89,188,676.8
2134,18157408,150.0,Indian Rupees(Rs.),1.8,3.5,Yellow,Good,3.0 - 3.9 (Moderate),26,11.54,26,23.4
2135,18429378,500.0,Indian Rupees(Rs.),6.0,3.7,Yellow,Good,3.0 - 3.9 (Moderate),23,11.76,34,102.0
2136,18439519,600.0,Indian Rupees(Rs.),7.2,3.8,Yellow,Good,3.0 - 3.9 (Moderate),23,12.08,23,82.8
2137,18433295,500.0,Indian Rupees(Rs.),6.0,0.0,White,Not rated,Unrated,1,0.0,1,3.0
2138,18391171,600.0,Indian Rupees(Rs.),7.2,0.0,White,Not rated,Unrated,0,0.0,0,0.0
2139,18400489,800.0,Indian Rupees(Rs.),9.6,0.0,White,Not rated,Unrated,1,0.0,1,4.8
2140,18411599,250.0,Indian Rupees(Rs.),3.0,0.0,White,Not rated,Unrated,3,0.0,3,4.5
2141,18265082,250.0,Indian Rupees(Rs.),3.0,0.0,White,Not rated,Unrated,2,0.0,2,3.0
2142,313275,550.0,Indian Rupees(Rs.),6.6,2.4,Red,Poor,< 3.0 (Low),38,8.79,38,125.4
2143,18343001,1100.0,Indian Rupees(Rs.),13.2,4.3,Green,Very Good,4.0 - 4.4 (High),62,17.82,62,409.2
2144,18377905,1500.0,Indian Rupees(Rs.),18.0,4.0,Green,Very Good,4.0 - 4.4 (High),32,13.99,48,432.0
2145,18406140,600.0,Indian Rupees(Rs.),7.2,4.0,Green,Very Good,4.0 - 4.4 (High),101,18.5,152,547.2
2146,18472606,750.0,Indian Rupees(Rs.),9.0,4.0,Green,Very Good,4.0 - 4.4 (High),34,14.22,51,229.5
2147,18451577,400.0,Indian Rupees(Rs.),4.8,4.0,Green,Very Good,4.0 - 4.4 (High),53,15.96,80,192.0
2148,312540,250.0,Indian Rupees(Rs.),3.0,3.1,Orange,Average,3.0 - 3.9 (Moderate),10,7.43,10,15.0
2149,18386419,500.0,Indian Rupees(Rs.),6.0,3.1,Orange,Average,3.0 - 3.9 (Moderate),5,5.55,5,15.0
2150,18412886,600.0,Indian Rupees(Rs.),7.2,3.2,Orange,Average,3.0 - 3.9 (Moderate),12,8.21,18,64.8
2151,18421029,400.0,Indian Rupees(Rs.),4.8,3.0,Orange,Average,3.0 - 3.9 (Moderate),4,4.83,4,9.6
2152,18332044,500.0,Indian Rupees(Rs.),6.0,2.7,Orange,Average,< 3.0 (Low),7,5.61,10,30.0
2153,18306553,700.0,Indian Rupees(Rs.),8.4,3.1,Orange,Average,3.0 - 3.9 (Moderate),35,11.11,52,218.4
2154,309451,650.0,Indian Rupees(Rs.),7.8,3.4,Orange,Average,3.0 - 3.9 (Moderate),117,16.22,176,686.4
2155,18203171,700.0,Indian Rupees(Rs.),8.4,3.4,Orange,Average,3.0 - 3.9 (Moderate),67,14.35,100,420.0
2156,312570,200.0,Indian Rupees(Rs.),2.4,3.3,Orange,Average,3.0 - 3.9 (Moderate),26,10.88,26,31.2
2157,18273621,400.0,Indian Rupees(Rs.),4.8,3.0,Orange,Average,3.0 - 3.9 (Moderate),33,10.58,33,79.2
2158,305919,500.0,Indian Rupees(Rs.),6.0,3.3,Orange,Average,3.0 - 3.9 (Moderate),59,13.51,59,177.0
2159,304520,600.0,Indian Rupees(Rs.),7.2,2.6,Orange,Average,< 3.0 (Low),11,6.46,11,39.6
2160,18292458,1200.0,Indian Rupees(Rs.),14.4,3.4,Orange,Average,3.0 - 3.9 (Moderate),21,10.51,32,230.4
2161,4215,300.0,Indian Rupees(Rs.),3.6,3.2,Orange,Average,3.0 - 3.9 (Moderate),15,8.87,22,39.6
2162,18360143,850.0,Indian Rupees(Rs.),10.2,3.6,Yellow,Good,3.0 - 3.9 (Moderate),41,13.46,62,316.2
2163,18423890,650.0,Indian Rupees(Rs.),7.8,3.9,Yellow,Good,3.0 - 3.9 (Moderate),67,16.46,100,390.0
2164,312555,300.0,Indian Rupees(Rs.),3.6,2.2,Red,Poor,< 3.0 (Low),41,8.22,62,111.6
2165,18420454,700.0,Indian Rupees(Rs.),8.4,4.0,Green,Very Good,4.0 - 4.4 (High),27,13.33,40,168.0
2166,3961,2500.0,Indian Rupees(Rs.),30.0,3.3,Orange,Average,3.0 - 3.9 (Moderate),57,13.4,57,855.0
2167,3288,2400.0,Indian Rupees(Rs.),28.8,3.0,Orange,Average,3.0 - 3.9 (Moderate),17,8.67,17,244.8
2168,7231,2000.0,Indian Rupees(Rs.),24.0,3.2,Orange,Average,3.0 - 3.9 (Moderate),52,12.7,52,624.0
2169,18291211,2500.0,Indian Rupees(Rs.),30.0,3.0,Orange,Average,3.0 - 3.9 (Moderate),4,4.83,4,60.0
2170,5768,1500.0,Indian Rupees(Rs.),18.0,2.7,Orange,Average,< 3.0 (Low),19,8.09,19,171.0
2171,304276,800.0,Indian Rupees(Rs.),9.6,3.0,Orange,Average,3.0 - 3.9 (Moderate),6,5.84,6,28.8
2172,304279,1600.0,Indian Rupees(Rs.),19.2,3.0,Orange,Average,3.0 - 3.9 (Moderate),10,7.19,10,96.0
2173,5717,3000.0,Indian Rupees(Rs.),36.0,3.2,Orange,Average,3.0 - 3.9 (Moderate),17,9.25,17,306.0
2174,7496,2500.0,Indian Rupees(Rs.),30.0,3.6,Yellow,Good,3.0 - 3.9 (Moderate),94,16.39,94,1410.0
2175,309377,650.0,Indian Rupees(Rs.),7.8,3.3,Orange,Average,3.0 - 3.9 (Moderate),96,15.1,96,374.4
2176,5042,3000.0,Indian Rupees(Rs.),36.0,3.9,Yellow,Good,3.0 - 3.9 (Moderate),272,21.88,272,4896.0
2177,5044,3000.0,Indian Rupees(Rs.),36.0,3.8,Yellow,Good,3.0 - 3.9 (Moderate),390,22.68,390,7020.0
2178,5046,3000.0,Indian Rupees(Rs.),36.0,3.9,Yellow,Good,3.0 - 3.9 (Moderate),394,23.32,394,7092.0
2179,310700,3000.0,Indian Rupees(Rs.),36.0,3.4,Orange,Average,3.0 - 3.9 (Moderate),22,10.66,22,396.0
2180,310699,3000.0,Indian Rupees(Rs.),36.0,3.7,Yellow,Good,3.0 - 3.9 (Moderate),45,14.17,45,810.0
2181,2711,2000.0,Indian Rupees(Rs.),24.0,3.3,Orange,Average,3.0 - 3.9 (Moderate),36,11.92,36,432.0
2182,2710,3000.0,Indian Rupees(Rs.),36.0,3.5,Yellow,Good,3.0 - 3.9 (Moderate),27,11.66,27,486.0
2183,18285736,400.0,Indian Rupees(Rs.),4.8,3.7,Yellow,Good,3.0 - 3.9 (Moderate),16,10.48,24,57.6
2184,18291200,2500.0,Indian Rupees(Rs.),30.0,3.5,Yellow,Good,3.0 - 3.9 (Moderate),13,9.24,13,195.0
2185,18291198,2500.0,Indian Rupees(Rs.),30.0,3.8,Yellow,Good,3.0 - 3.9 (Moderate),127,18.44,127,1905.0
2186,18446404,700.0,Indian Rupees(Rs.),8.4,3.1,Orange,Average,3.0 - 3.9 (Moderate),6,6.03,6,25.2
2187,6690,2000.0,Indian Rupees(Rs.),24.0,2.7,Orange,Average,< 3.0 (Low),27,9.0,27,324.0
2188,306032,600.0,Indian Rupees(Rs.),7.2,2.8,Orange,Average,< 3.0 (Low),23,8.9,23,82.8
2189,18216898,200.0,Indian Rupees(Rs.),2.4,3.1,Orange,Average,3.0 - 3.9 (Moderate),6,6.03,6,7.2
2190,310487,200.0,Indian Rupees(Rs.),2.4,3.3,Orange,Average,3.0 - 3.9 (Moderate),12,8.46,18,21.6
2191,18352277,1000.0,Indian Rupees(Rs.),12.0,2.7,Orange,Average,< 3.0 (Low),7,5.61,10,60.0
2192,4185,650.0,Indian Rupees(Rs.),7.8,2.9,Orange,Average,< 3.0 (Low),13,7.65,13,50.7
2193,18374686,800.0,Indian Rupees(Rs.),9.6,3.1,Orange,Average,3.0 - 3.9 (Moderate),11,7.7,11,52.8
2194,310870,500.0,Indian Rupees(Rs.),6.0,3.1,Orange,Average,3.0 - 3.9 (Moderate),17,8.96,17,51.0
2195,18435802,700.0,Indian Rupees(Rs.),8.4,3.3,Orange,Average,3.0 - 3.9 (Moderate),7,6.86,10,42.0
2196,311788,400.0,Indian Rupees(Rs.),4.8,3.0,Orange,Average,3.0 - 3.9 (Moderate),10,7.19,15,36.0
2197,312301,500.0,Indian Rupees(Rs.),6.0,3.3,Orange,Average,3.0 - 3.9 (Moderate),10,7.91,10,30.0
2198,18175242,150.0,Indian Rupees(Rs.),1.8,2.9,Orange,Average,< 3.0 (Low),4,4.67,4,3.6
2199,18350142,150.0,Indian Rupees(Rs.),1.8,0.0,White,Not rated,Unrated,0,0.0,0,0.0
2200,18463967,500.0,Indian Rupees(Rs.),6.0,0.0,White,Not rated,Unrated,0,0.0,0,0.0
2201,18463954,300.0,Indian Rupees(Rs.),3.6,0.0,White,Not rated,Unrated,0,0.0,0,0.0
2202,18463969,500.0,Indian Rupees(Rs.),6.0,0.0,White,Not rated,Unrated,0,0.0,0,0.0
2203,18350144,300.0,Indian Rupees(Rs.),3.6,0.0,White,Not rated,Unrated,2,0.0,2,3.6
2204,18466414,450.0,Indian Rupees(Rs.),5.4,0.0,White,Not rated,Unrated,0,0.0,0,0.0
2205,18332976,450.0,Indian Rupees(Rs.),5.4,0.0,White,Not rated,Unrated,2,0.0,3,8.1
2206,18412860,400.0,Indian Rupees(Rs.),4.8,0.0,White,Not rated,Unrated,3,0.0,4,9.6
2207,18391133,200.0,Indian Rupees(Rs.),2.4,0.0,White,Not rated,Unrated,0,0.0,0,0.0
2208,18311952,600.0,Indian Rupees(Rs.),7.2,0.0,White,Not rated,Unrated,2,0.0,2,7.2
2209,18350138,200.0,Indian Rupees(Rs.),2.4,0.0,White,Not rated,Unrated,0,0.0,0,0.0
2210,313078,700.0,Indian Rupees(Rs.),8.4,0.0,White,Not rated,Unrated,3,0.0,3,12.6
2211,18265716,400.0,Indian Rupees(Rs.),4.8,0.0,White,Not rated,Unrated,3,0.0,3,7.2
2212,18382370,650.0,Indian Rupees(Rs.),7.8,0.0,White,Not rated,Unrated,2,0.0,3,11.7
2213,18421451,200.0,Indian Rupees(Rs.),2.4,0.0,White,Not rated,Unrated,0,0.0,0,0.0
2214,18427204,250.0,Indian Rupees(Rs.),3.0,0.0,White,Not rated,Unrated,0,0.0,0,0.0
2215,18352171,200.0,Indian Rupees(Rs.),2.4,0.0,White,Not rated,Unrated,0,0.0,0,0.0
2216,18458633,150.0,Indian Rupees(Rs.),1.8,0.0,White,Not rated,Unrated,0,0.0,0,0.0
2217,18306504,400.0,Indian Rupees(Rs.),4.8,0.0,White,Not rated,Unrated,1,0.0,1,2.4
2218,18458319,300.0,Indian Rupees(Rs.),3.6,0.0,White,Not rated,Unrated,0,0.0,0,0.0
2219,18463955,600.0,Indian Rupees(Rs.),7.2,0.0,White,Not rated,Unrated,1,0.0,1,3.6
2220,18337883,400.0,Indian Rupees(Rs.),4.8,0.0,White,Not rated,Unrated,1,0.0,2,4.8
2221,18391145,200.0,Indian Rupees(Rs.),2.4,0.0,White,Not rated,Unrated,0,0.0,0,0.0
2222,18277216,200.0,Indian Rupees(Rs.),2.4,0.0,White,Not rated,Unrated,0,0.0,0,0.0
2223,312592,400.0,Indian Rupees(Rs.),4.8,3.1,Orange,Average,3.0 - 3.9 (Moderate),82,13.7,123,295.2
2224,9273,600.0,Indian Rupees(Rs.),7.2,3.5,Yellow,Good,3.0 - 3.9 (Moderate),302,20.0,453,1630.8
2225,309134,750.0,Indian Rupees(Rs.),9.0,3.7,Yellow,Good,3.0 - 3.9 (Moderate),276,20.81,276,1242.0
2226,18458638,300.0,Indian Rupees(Rs.),3.6,0.0,White,Not rated,Unrated,0,0.0,0,0.0
2227,18337882,800.0,Indian Rupees(Rs.),9.6,0.0,White,Not rated,Unrated,3,0.0,4,19.2
2228,18237342,500.0,Indian Rupees(Rs.),6.0,2.9,Orange,Average,< 3.0 (Low),7,6.03,7,21.0
2229,18383550,600.0,Indian Rupees(Rs.),7.2,2.8,Orange,Average,< 3.0 (Low),8,6.15,8,28.8
2230,302243,450.0,Indian Rupees(Rs.),5.4,3.1,Orange,Average,3.0 - 3.9 (Moderate),10,7.43,10,27.0
2231,18294576,600.0,Indian Rupees(Rs.),7.2,3.2,Orange,Average,3.0 - 3.9 (Moderate),31,11.09,31,111.6
2232,18233603,600.0,Indian Rupees(Rs.),7.2,2.9,Orange,Average,< 3.0 (Low),5,5.2,5,18.0
2233,304182,600.0,Indian Rupees(Rs.),7.2,3.4,Orange,Average,3.0 - 3.9 (Moderate),87,15.22,87,313.2
2234,18396424,300.0,Indian Rupees(Rs.),3.6,3.0,Orange,Average,3.0 - 3.9 (Moderate),4,4.83,4,7.2
2235,9967,500.0,Indian Rupees(Rs.),6.0,3.3,Orange,Average,3.0 - 3.9 (Moderate),35,11.83,35,105.0
2236,18350125,300.0,Indian Rupees(Rs.),3.6,3.2,Orange,Average,3.0 - 3.9 (Moderate),25,10.43,25,45.0
2237,302248,400.0,Indian Rupees(Rs.),4.8,3.2,Orange,Average,3.0 - 3.9 (Moderate),44,12.18,66,158.4
2238,310531,500.0,Indian Rupees(Rs.),6.0,3.3,Orange,Average,3.0 - 3.9 (Moderate),27,11.0,27,81.0
2239,312708,400.0,Indian Rupees(Rs.),4.8,2.7,Orange,Average,< 3.0 (Low),14,7.31,21,50.4
2240,18175288,200.0,Indian Rupees(Rs.),2.4,2.5,Orange,Average,< 3.0 (Low),11,6.21,11,13.2
2241,18124368,700.0,Indian Rupees(Rs.),8.4,3.2,Orange,Average,3.0 - 3.9 (Moderate),11,7.95,16,67.2
2242,18371415,600.0,Indian Rupees(Rs.),7.2,3.9,Yellow,Good,3.0 - 3.9 (Moderate),43,14.76,64,230.4
2243,305687,400.0,Indian Rupees(Rs.),4.8,3.8,Yellow,Good,3.0 - 3.9 (Moderate),127,18.44,190,456.0
2244,309642,550.0,Indian Rupees(Rs.),6.6,3.6,Yellow,Good,3.0 - 3.9 (Moderate),60,14.8,60,198.0
2245,18273546,500.0,Indian Rupees(Rs.),6.0,3.7,Yellow,Good,3.0 - 3.9 (Moderate),51,14.62,76,228.0
2246,18349911,500.0,Indian Rupees(Rs.),6.0,3.6,Yellow,Good,3.0 - 3.9 (Moderate),45,13.78,45,135.0
2247,300652,1300.0,Indian Rupees(Rs.),15.6,3.5,Yellow,Good,3.0 - 3.9 (Moderate),200,18.56,300,2340.0
2248,302239,800.0,Indian Rupees(Rs.),9.6,3.6,Yellow,Good,3.0 - 3.9 (Moderate),76,15.64,76,364.8
2249,18458317,500.0,Indian Rupees(Rs.),6.0,0.0,White,Not rated,Unrated,0,0.0,0,0.0
2250,18237348,300.0,Indian Rupees(Rs.),3.6,0.0,White,Not rated,Unrated,1,0.0,1,1.8
2251,18311959,250.0,Indian Rupees(Rs.),3.0,0.0,White,Not rated,Unrated,2,0.0,2,3.0
2252,309308,200.0,Indian Rupees(Rs.),2.4,2.4,Red,Poor,< 3.0 (Low),49,9.39,74,88.8
2253,301559,3500.0,Indian Rupees(Rs.),42.0,3.8,Yellow,Good,3.0 - 3.9 (Moderate),305,21.75,305,6405.0
2254,301562,4000.0,Indian Rupees(Rs.),48.0,4.0,Green,Very Good,4.0 - 4.4 (High),219,21.57,219,5256.0
2255,311480,600.0,Indian Rupees(Rs.),7.2,2.9,Orange,Average,< 3.0 (Low),15,8.04,15,54.0
2256,303866,200.0,Indian Rupees(Rs.),2.4,2.8,Orange,Average,< 3.0 (Low),5,5.02,5,6.0
2257,4188,250.0,Indian Rupees(Rs.),3.0,2.9,Orange,Average,< 3.0 (Low),6,5.64,6,9.0
2258,311844,250.0,Indian Rupees(Rs.),3.0,2.7,Orange,Average,< 3.0 (Low),10,6.47,15,22.5
2259,308681,400.0,Indian Rupees(Rs.),4.8,2.8,Orange,Average,< 3.0 (Low),14,7.58,14,33.6
2260,2817,150.0,Indian Rupees(Rs.),1.8,2.9,Orange,Average,< 3.0 (Low),13,7.65,20,18.0
2261,5927,100.0,Indian Rupees(Rs.),1.2,0.0,White,Not rated,Unrated,0,0.0,0,0.0
2262,301734,250.0,Indian Rupees(Rs.),3.0,2.9,Orange,Average,< 3.0 (Low),6,5.64,6,9.0
2263,309851,700.0,Indian Rupees(Rs.),8.4,3.3,Orange,Average,3.0 - 3.9 (Moderate),153,16.62,230,966.0
2264,300097,150.0,Indian Rupees(Rs.),1.8,3.4,Orange,Average,3.0 - 3.9 (Moderate),151,17.08,226,203.4
2265,18466966,200.0,Indian Rupees(Rs.),2.4,3.2,Orange,Average,3.0 - 3.9 (Moderate),12,8.21,12,14.4
2266,306524,400.0,Indian Rupees(Rs.),4.8,3.0,Orange,Average,3.0 - 3.9 (Moderate),89,13.5,134,321.6
2267,1453,550.0,Indian Rupees(Rs.),6.6,3.1,Orange,Average,3.0 - 3.9 (Moderate),122,14.92,183,603.9
2268,1451,400.0,Indian Rupees(Rs.),4.8,2.7,Orange,Average,< 3.0 (Low),83,11.96,83,199.2
2269,300082,200.0,Indian Rupees(Rs.),2.4,2.9,Orange,Average,< 3.0 (Low),7,6.03,7,8.4
2270,313479,650.0,Indian Rupees(Rs.),7.8,3.1,Orange,Average,3.0 - 3.9 (Moderate),21,9.58,21,81.9
2271,9122,200.0,Indian Rupees(Rs.),2.4,3.5,Yellow,Good,3.0 - 3.9 (Moderate),66,14.72,66,79.2
2272,3559,600.0,Indian Rupees(Rs.),7.2,3.6,Yellow,Good,3.0 - 3.9 (Moderate),69,15.29,104,374.4
2273,18265678,250.0,Indian Rupees(Rs.),3.0,3.6,Yellow,Good,3.0 - 3.9 (Moderate),60,14.8,90,135.0
2274,2165,500.0,Indian Rupees(Rs.),6.0,3.6,Yellow,Good,3.0 - 3.9 (Moderate),369,21.29,554,1662.0
2275,6769,400.0,Indian Rupees(Rs.),4.8,3.7,Yellow,Good,3.0 - 3.9 (Moderate),63,15.39,63,151.2
2276,18441791,150.0,Indian Rupees(Rs.),1.8,0.0,White,Not rated,Unrated,2,0.0,2,1.8
2277,1454,400.0,Indian Rupees(Rs.),4.8,2.4,Red,Poor,< 3.0 (Low),83,10.63,124,297.6
2278,6775,400.0,Indian Rupees(Rs.),4.8,2.2,Red,Poor,< 3.0 (Low),142,10.92,213,511.2
2279,306043,1300.0,Indian Rupees(Rs.),15.6,3.2,Orange,Average,3.0 - 3.9 (Moderate),36,11.55,36,280.8
2280,2100712,800.0,Indian Rupees(Rs.),9.6,4.6,Dark Green,Excellent,4.5 - 5.0 (Top Tier),394,27.5,394,1891.2
2281,2100478,1400.0,Indian Rupees(Rs.),16.8,3.9,Yellow,Good,3.0 - 3.9 (Moderate),360,22.97,360,3024.0
2282,18384506,600.0,Indian Rupees(Rs.),7.2,4.7,Dark Green,Excellent,4.5 - 5.0 (Top Tier),126,22.77,126,453.6
2283,2100108,500.0,Indian Rupees(Rs.),6.0,4.1,Green,Very Good,4.0 - 4.4 (High),290,23.26,290,870.0
2284,2100921,1400.0,Indian Rupees(Rs.),16.8,4.2,Green,Very Good,4.0 - 4.4 (High),110,19.78,110,924.0
2285,2100565,750.0,Indian Rupees(Rs.),9.0,4.1,Green,Very Good,4.0 - 4.4 (High),304,23.45,304,1368.0
2286,2100870,1300.0,Indian Rupees(Rs.),15.6,4.4,Green,Very Good,4.0 - 4.4 (High),129,21.42,129,1006.2
2287,2100861,1650.0,Indian Rupees(Rs.),19.8,4.4,Green,Very Good,4.0 - 4.4 (High),222,23.79,222,2197.8
2288,18381932,500.0,Indian Rupees(Rs.),6.0,4.1,Green,Very Good,4.0 - 4.4 (High),124,19.8,124,372.0
2289,18397909,500.0,Indian Rupees(Rs.),6.0,4.0,Green,Very Good,4.0 - 4.4 (High),28,13.47,28,84.0
2290,2100702,1500.0,Indian Rupees(Rs.),18.0,4.9,Dark Green,Excellent,4.5 - 5.0 (Top Tier),774,32.6,774,6966.0
2291,2100101,800.0,Indian Rupees(Rs.),9.6,3.6,Yellow,Good,3.0 - 3.9 (Moderate),327,20.85,327,1569.6
2292,2100322,300.0,Indian Rupees(Rs.),3.6,3.6,Yellow,Good,3.0 - 3.9 (Moderate),142,17.87,142,255.6
2293,2100784,400.0,Indian Rupees(Rs.),4.8,4.1,Green,Very Good,4.0 - 4.4 (High),377,24.33,377,904.8
2294,2100849,500.0,Indian Rupees(Rs.),6.0,4.2,Green,Very Good,4.0 - 4.4 (High),99,19.34,99,297.0
2295,18480196,500.0,Indian Rupees(Rs.),6.0,4.1,Green,Very Good,4.0 - 4.4 (High),25,13.36,25,75.0
2296,2100719,850.0,Indian Rupees(Rs.),10.2,4.1,Green,Very Good,4.0 - 4.4 (High),179,21.29,179,912.9
2297,2100676,600.0,Indian Rupees(Rs.),7.2,4.3,Green,Very Good,4.0 - 4.4 (High),369,25.43,369,1328.4
2298,2100074,1000.0,Indian Rupees(Rs.),12.0,4.0,Green,Very Good,4.0 - 4.4 (High),256,22.2,256,1536.0
2299,18224282,700.0,Indian Rupees(Rs.),8.4,4.3,Green,Very Good,4.0 - 4.4 (High),233,23.46,233,978.6
2300,2100776,700.0,Indian Rupees(Rs.),8.4,4.3,Green,Very Good,4.0 - 4.4 (High),96,19.67,96,403.2
2301,90744,1500.0,Indian Rupees(Rs.),18.0,4.3,Green,Very Good,4.0 - 4.4 (High),3374,34.93,5061,45549.0
2302,18452864,1500.0,Indian Rupees(Rs.),18.0,4.9,Dark Green,Excellent,4.5 - 5.0 (Top Tier),200,25.99,200,1800.0
2303,97824,1800.0,Indian Rupees(Rs.),21.6,4.7,Dark Green,Excellent,4.5 - 5.0 (Top Tier),1932,35.56,2898,31298.4
2304,18443506,1500.0,Indian Rupees(Rs.),18.0,3.8,Yellow,Good,3.0 - 3.9 (Moderate),144,18.91,144,1296.0
2305,90847,1800.0,Indian Rupees(Rs.),21.6,4.6,Dark Green,Excellent,4.5 - 5.0 (Top Tier),2553,36.09,3830,41364.0
2306,18280329,700.0,Indian Rupees(Rs.),8.4,4.0,Green,Very Good,4.0 - 4.4 (High),682,26.11,1023,4296.6
2307,96626,1900.0,Indian Rupees(Rs.),22.8,4.3,Green,Very Good,4.0 - 4.4 (High),860,29.06,860,9804.0
2308,94286,1500.0,Indian Rupees(Rs.),18.0,4.9,Dark Green,Excellent,4.5 - 5.0 (Top Tier),5434,42.14,5434,48906.0
2309,96776,600.0,Indian Rupees(Rs.),7.2,4.8,Dark Green,Excellent,4.5 - 5.0 (Top Tier),1023,33.27,1023,3682.8
2310,18418733,1400.0,Indian Rupees(Rs.),16.8,4.2,Green,Very Good,4.0 - 4.4 (High),79,18.4,79,663.6
2311,18418730,1200.0,Indian Rupees(Rs.),14.4,4.2,Green,Very Good,4.0 - 4.4 (High),221,22.69,221,1591.2
2312,93766,2000.0,Indian Rupees(Rs.),24.0,4.4,Green,Very Good,4.0 - 4.4 (High),2218,33.9,3327,39924.0
2313,18356469,1200.0,Indian Rupees(Rs.),14.4,4.1,Green,Very Good,4.0 - 4.4 (High),594,26.19,594,4276.8
2314,97503,1100.0,Indian Rupees(Rs.),13.2,4.1,Green,Very Good,4.0 - 4.4 (High),1431,29.79,1431,9444.6
2315,92577,1800.0,Indian Rupees(Rs.),21.6,4.2,Green,Very Good,4.0 - 4.4 (High),1859,31.62,2788,30110.4
2316,18307251,500.0,Indian Rupees(Rs.),6.0,4.7,Dark Green,Excellent,4.5 - 5.0 (Top Tier),344,27.46,344,1032.0
2317,18313013,1100.0,Indian Rupees(Rs.),13.2,3.9,Yellow,Good,3.0 - 3.9 (Moderate),616,25.06,924,6098.4
2318,18312984,1400.0,Indian Rupees(Rs.),16.8,4.1,Green,Very Good,4.0 - 4.4 (High),571,26.03,571,4796.4
2319,1401756,1300.0,Indian Rupees(Rs.),15.6,3.7,Yellow,Good,3.0 - 3.9 (Moderate),238,20.26,238,1856.4
2320,1400544,850.0,Indian Rupees(Rs.),10.2,4.1,Green,Very Good,4.0 - 4.4 (High),100,18.92,100,510.0
2321,18254231,250.0,Indian Rupees(Rs.),3.0,4.1,Green,Very Good,4.0 - 4.4 (High),152,20.62,152,228.0
2322,1402314,1950.0,Indian Rupees(Rs.),23.4,4.1,Green,Very Good,4.0 - 4.4 (High),37,14.91,37,432.9
2323,1400466,700.0,Indian Rupees(Rs.),8.4,3.9,Yellow,Good,3.0 - 3.9 (Moderate),430,23.66,430,1806.0
2324,1401934,1000.0,Indian Rupees(Rs.),12.0,4.2,Green,Very Good,4.0 - 4.4 (High),304,24.03,304,1824.0
2325,1401548,1200.0,Indian Rupees(Rs.),14.4,4.0,Green,Very Good,4.0 - 4.4 (High),404,24.02,404,2908.8
2326,1400460,800.0,Indian Rupees(Rs.),9.6,3.8,Yellow,Good,3.0 - 3.9 (Moderate),214,20.41,214,1027.2
2327,1400056,850.0,Indian Rupees(Rs.),10.2,4.0,Green,Very Good,4.0 - 4.4 (High),496,24.83,496,2529.6
2328,1400169,2000.0,Indian Rupees(Rs.),24.0,3.8,Yellow,Good,3.0 - 3.9 (Moderate),209,20.32,209,2508.0
2329,1400186,1500.0,Indian Rupees(Rs.),18.0,4.3,Green,Very Good,4.0 - 4.4 (High),334,25.0,334,3006.0
2330,1402335,650.0,Indian Rupees(Rs.),7.8,3.1,Orange,Average,3.0 - 3.9 (Moderate),26,10.22,26,101.4
2331,1400555,700.0,Indian Rupees(Rs.),8.4,3.9,Yellow,Good,3.0 - 3.9 (Moderate),502,24.26,502,2108.4
2332,1401948,650.0,Indian Rupees(Rs.),7.8,3.8,Yellow,Good,3.0 - 3.9 (Moderate),69,16.14,69,269.1
2333,18395137,500.0,Indian Rupees(Rs.),6.0,3.9,Yellow,Good,3.0 - 3.9 (Moderate),69,16.57,69,207.0
2334,1400121,1500.0,Indian Rupees(Rs.),18.0,4.0,Green,Very Good,4.0 - 4.4 (High),413,24.1,413,3717.0
2335,1402028,400.0,Indian Rupees(Rs.),4.8,4.3,Green,Very Good,4.0 - 4.4 (High),87,19.25,87,208.8
2336,1401857,1100.0,Indian Rupees(Rs.),13.2,4.1,Green,Very Good,4.0 - 4.4 (High),181,21.34,181,1194.6
2337,1402089,500.0,Indian Rupees(Rs.),6.0,4.3,Green,Very Good,4.0 - 4.4 (High),171,22.13,171,513.0
2338,1402050,800.0,Indian Rupees(Rs.),9.6,4.0,Green,Very Good,4.0 - 4.4 (High),341,23.34,341,1636.8
2339,101212,750.0,Indian Rupees(Rs.),9.0,4.7,Dark Green,Excellent,4.5 - 5.0 (Top Tier),1469,34.28,2204,9918.0
2340,101834,1650.0,Indian Rupees(Rs.),19.8,3.9,Yellow,Good,3.0 - 3.9 (Moderate),676,25.42,676,6692.4
2341,101884,1400.0,Indian Rupees(Rs.),16.8,4.0,Green,Very Good,4.0 - 4.4 (High),582,25.47,873,7333.2
2342,102813,750.0,Indian Rupees(Rs.),9.0,4.4,Green,Very Good,4.0 - 4.4 (High),389,26.25,584,2628.0
2343,101259,1300.0,Indian Rupees(Rs.),15.6,4.4,Green,Very Good,4.0 - 4.4 (High),843,29.65,1264,9859.2
2344,103065,1000.0,Indian Rupees(Rs.),12.0,4.0,Green,Very Good,4.0 - 4.4 (High),212,21.45,212,1272.0
2345,100080,1600.0,Indian Rupees(Rs.),19.2,4.3,Green,Very Good,4.0 - 4.4 (High),1478,31.39,1478,14188.8
2346,103147,1500.0,Indian Rupees(Rs.),18.0,3.9,Yellow,Good,3.0 - 3.9 (Moderate),67,16.46,67,603.0
2347,101311,1000.0,Indian Rupees(Rs.),12.0,4.2,Green,Very Good,4.0 - 4.4 (High),633,27.1,950,5700.0
2348,100305,1800.0,Indian Rupees(Rs.),21.6,4.0,Green,Very Good,4.0 - 4.4 (High),916,27.28,916,9892.8
2349,102215,2300.0,Indian Rupees(Rs.),27.6,4.5,Dark Green,Excellent,4.5 - 5.0 (Top Tier),420,27.19,420,5796.0
2350,102216,2500.0,Indian Rupees(Rs.),30.0,4.3,Green,Very Good,4.0 - 4.4 (High),308,24.65,308,4620.0
2351,18209498,2000.0,Indian Rupees(Rs.),24.0,4.9,Dark Green,Excellent,4.5 - 5.0 (Top Tier),322,28.31,483,5796.0
2352,103019,650.0,Indian Rupees(Rs.),7.8,4.2,Green,Very Good,4.0 - 4.4 (High),198,22.23,297,1158.3
2353,103090,700.0,Indian Rupees(Rs.),8.4,4.1,Green,Very Good,4.0 - 4.4 (High),148,20.52,148,621.6
2354,102531,800.0,Indian Rupees(Rs.),9.6,4.3,Green,Very Good,4.0 - 4.4 (High),798,28.74,1197,5745.6
2355,100306,1500.0,Indian Rupees(Rs.),18.0,4.3,Green,Very Good,4.0 - 4.4 (High),1121,30.2,1121,10089.0
2356,18454586,1000.0,Indian Rupees(Rs.),12.0,2.6,Orange,Average,< 3.0 (Low),46,10.01,46,276.0
2357,102504,1200.0,Indian Rupees(Rs.),14.4,3.9,Yellow,Good,3.0 - 3.9 (Moderate),310,22.39,465,3348.0
2358,102867,800.0,Indian Rupees(Rs.),9.6,3.7,Yellow,Good,3.0 - 3.9 (Moderate),112,17.49,168,806.4
2359,2300061,550.0,Indian Rupees(Rs.),6.6,3.3,Orange,Average,3.0 - 3.9 (Moderate),148,16.51,148,488.4
2360,2300483,800.0,Indian Rupees(Rs.),9.6,3.3,Orange,Average,3.0 - 3.9 (Moderate),51,13.04,51,244.8
2361,2300065,400.0,Indian Rupees(Rs.),4.8,3.9,Yellow,Good,3.0 - 3.9 (Moderate),97,17.88,97,232.8
2362,18377936,1000.0,Indian Rupees(Rs.),12.0,4.0,Green,Very Good,4.0 - 4.4 (High),24,12.88,24,144.0
2363,2300188,1500.0,Indian Rupees(Rs.),18.0,4.0,Green,Very Good,4.0 - 4.4 (High),54,16.03,54,486.0
2364,18407105,600.0,Indian Rupees(Rs.),7.2,3.5,Yellow,Good,3.0 - 3.9 (Moderate),43,13.24,43,154.8
2365,2300497,0.0,Indian Rupees(Rs.),0.0,3.6,Yellow,Good,3.0 - 3.9 (Moderate),34,12.8,34,0.0
2366,2300183,500.0,Indian Rupees(Rs.),6.0,3.9,Yellow,Good,3.0 - 3.9 (Moderate),97,17.88,97,291.0
2367,2300476,500.0,Indian Rupees(Rs.),6.0,4.1,Green,Very Good,4.0 - 4.4 (High),87,18.36,87,261.0
2368,2300018,1000.0,Indian Rupees(Rs.),12.0,4.1,Green,Very Good,4.0 - 4.4 (High),158,20.78,158,948.0
2369,18312106,0.0,Indian Rupees(Rs.),0.0,3.9,Yellow,Good,3.0 - 3.9 (Moderate),127,18.92,127,0.0
2370,2300042,1500.0,Indian Rupees(Rs.),18.0,3.9,Yellow,Good,3.0 - 3.9 (Moderate),86,17.42,86,774.0
2371,2300048,1000.0,Indian Rupees(Rs.),12.0,3.8,Yellow,Good,3.0 - 3.9 (Moderate),97,17.42,97,582.0
2372,2300058,1500.0,Indian Rupees(Rs.),18.0,4.3,Green,Very Good,4.0 - 4.4 (High),155,21.71,155,1395.0
2373,2300162,350.0,Indian Rupees(Rs.),4.2,3.4,Orange,Average,3.0 - 3.9 (Moderate),49,13.3,49,102.9
2374,2300003,850.0,Indian Rupees(Rs.),10.2,3.6,Yellow,Good,3.0 - 3.9 (Moderate),106,16.82,106,540.6
2375,2300176,350.0,Indian Rupees(Rs.),4.2,4.1,Green,Very Good,4.0 - 4.4 (High),171,21.1,171,359.1
2376,2300187,3000.0,Indian Rupees(Rs.),36.0,3.9,Yellow,Good,3.0 - 3.9 (Moderate),113,18.47,113,2034.0
2377,2300009,1500.0,Indian Rupees(Rs.),18.0,3.7,Yellow,Good,3.0 - 3.9 (Moderate),160,18.8,160,1440.0
2378,18391601,1400.0,Indian Rupees(Rs.),16.8,4.0,Green,Very Good,4.0 - 4.4 (High),41,14.95,41,344.4
2379,900682,1000.0,Indian Rupees(Rs.),12.0,4.6,Dark Green,Excellent,4.5 - 5.0 (Top Tier),289,26.08,289,1734.0
2380,95361,350.0,Indian Rupees(Rs.),4.2,3.8,Yellow,Good,3.0 - 3.9 (Moderate),281,21.44,281,590.1
2381,95421,600.0,Indian Rupees(Rs.),7.2,4.4,Green,Very Good,4.0 - 4.4 (High),662,28.59,993,3574.8
2382,95256,600.0,Indian Rupees(Rs.),7.2,4.2,Green,Very Good,4.0 - 4.4 (High),659,27.27,659,2372.4
2383,95286,1000.0,Indian Rupees(Rs.),12.0,4.2,Green,Very Good,4.0 - 4.4 (High),394,25.11,394,2364.0
2384,900969,1500.0,Indian Rupees(Rs.),18.0,4.5,Dark Green,Excellent,4.5 - 5.0 (Top Tier),213,24.15,213,1917.0
2385,95333,800.0,Indian Rupees(Rs.),9.6,3.7,Yellow,Good,3.0 - 3.9 (Moderate),277,20.82,277,1329.6
2386,900547,400.0,Indian Rupees(Rs.),4.8,4.0,Green,Very Good,4.0 - 4.4 (High),246,22.04,369,885.6
2387,901089,1000.0,Indian Rupees(Rs.),12.0,3.7,Yellow,Good,3.0 - 3.9 (Moderate),145,18.44,218,1308.0
2388,901035,550.0,Indian Rupees(Rs.),6.6,3.7,Yellow,Good,3.0 - 3.9 (Moderate),105,17.25,105,346.5
2389,900561,400.0,Indian Rupees(Rs.),4.8,4.0,Green,Very Good,4.0 - 4.4 (High),406,24.04,406,974.4
2390,900524,700.0,Indian Rupees(Rs.),8.4,4.4,Green,Very Good,4.0 - 4.4 (High),333,25.57,500,2100.0
2391,900800,800.0,Indian Rupees(Rs.),9.6,4.0,Green,Very Good,4.0 - 4.4 (High),160,20.33,160,768.0
2392,95304,650.0,Indian Rupees(Rs.),7.8,4.2,Green,Very Good,4.0 - 4.4 (High),482,25.96,723,2819.7
2393,900533,900.0,Indian Rupees(Rs.),10.8,4.3,Green,Very Good,4.0 - 4.4 (High),722,28.31,722,3898.8
2394,901004,650.0,Indian Rupees(Rs.),7.8,4.2,Green,Very Good,4.0 - 4.4 (High),146,20.96,146,569.4
2395,900111,400.0,Indian Rupees(Rs.),4.8,3.5,Yellow,Good,3.0 - 3.9 (Moderate),348,20.49,348,835.2
2396,95331,1000.0,Indian Rupees(Rs.),12.0,4.3,Green,Very Good,4.0 - 4.4 (High),658,27.91,658,3948.0
2397,900032,700.0,Indian Rupees(Rs.),8.4,4.3,Green,Very Good,4.0 - 4.4 (High),312,24.71,312,1310.4
2398,900282,600.0,Indian Rupees(Rs.),7.2,3.6,Yellow,Good,3.0 - 3.9 (Moderate),361,21.21,361,1299.6
2399,18217475,1400.0,Indian Rupees(Rs.),16.8,4.6,Dark Green,Excellent,4.5 - 5.0 (Top Tier),945,31.52,1418,11911.2
2400,18249144,1200.0,Indian Rupees(Rs.),14.4,4.2,Green,Very Good,4.0 - 4.4 (High),1103,29.43,1654,11908.8
2401,18017612,1200.0,Indian Rupees(Rs.),14.4,4.8,Dark Green,Excellent,4.5 - 5.0 (Top Tier),1424,34.86,1424,10252.8
2402,18377112,1000.0,Indian Rupees(Rs.),12.0,3.9,Yellow,Good,3.0 - 3.9 (Moderate),326,22.58,326,1956.0
2403,20002,1000.0,Indian Rupees(Rs.),12.0,4.4,Green,Very Good,4.0 - 4.4 (High),1778,32.93,2667,16002.0
2404,18343731,1200.0,Indian Rupees(Rs.),14.4,4.2,Green,Very Good,4.0 - 4.4 (High),704,27.54,704,5068.8
2405,25664,1400.0,Indian Rupees(Rs.),16.8,4.4,Green,Very Good,4.0 - 4.4 (High),1484,32.13,1484,12465.6
2406,25587,1800.0,Indian Rupees(Rs.),21.6,4.0,Green,Very Good,4.0 - 4.4 (High),911,27.26,1366,14752.8
2407,24530,800.0,Indian Rupees(Rs.),9.6,4.2,Green,Very Good,4.0 - 4.4 (High),2584,33.0,2584,12403.2
2408,20747,800.0,Indian Rupees(Rs.),9.6,4.6,Dark Green,Excellent,4.5 - 5.0 (Top Tier),1219,32.69,1828,8774.4
2409,21220,1500.0,Indian Rupees(Rs.),18.0,3.9,Yellow,Good,3.0 - 3.9 (Moderate),1064,27.19,1064,9576.0
2410,25570,1600.0,Indian Rupees(Rs.),19.2,4.9,Dark Green,Excellent,4.5 - 5.0 (Top Tier),1753,36.6,1753,16828.8
2411,20350,1050.0,Indian Rupees(Rs.),12.6,3.5,Yellow,Good,3.0 - 3.9 (Moderate),4464,29.41,6696,42184.8
2412,20870,900.0,Indian Rupees(Rs.),10.8,4.2,Green,Very Good,4.0 - 4.4 (High),5288,36.01,7932,42832.8
2413,20404,1000.0,Indian Rupees(Rs.),12.0,4.3,Green,Very Good,4.0 - 4.4 (High),7574,38.41,11361,68166.0
2414,24286,1900.0,Indian Rupees(Rs.),22.8,4.4,Green,Very Good,4.0 - 4.4 (High),2224,33.91,2224,25353.6
2415,20842,1600.0,Indian Rupees(Rs.),19.2,4.9,Dark Green,Excellent,4.5 - 5.0 (Top Tier),5966,42.6,5966,57273.6
2416,18259462,1500.0,Indian Rupees(Rs.),18.0,3.6,Yellow,Good,3.0 - 3.9 (Moderate),1040,25.01,1040,9360.0
2417,24452,1600.0,Indian Rupees(Rs.),19.2,4.1,Green,Very Good,4.0 - 4.4 (High),1616,30.29,1616,15513.6
2418,18017615,1000.0,Indian Rupees(Rs.),12.0,4.0,Green,Very Good,4.0 - 4.4 (High),1126,28.11,1126,6756.0
2419,800468,300.0,Indian Rupees(Rs.),3.6,4.9,Dark Green,Excellent,4.5 - 5.0 (Top Tier),1057,34.12,1057,1902.6
2420,801675,200.0,Indian Rupees(Rs.),2.4,4.5,Dark Green,Excellent,4.5 - 5.0 (Top Tier),144,22.4,144,172.8
2421,801690,800.0,Indian Rupees(Rs.),9.6,4.6,Dark Green,Excellent,4.5 - 5.0 (Top Tier),567,29.17,567,2721.6
2422,801684,650.0,Indian Rupees(Rs.),7.8,3.5,Yellow,Good,3.0 - 3.9 (Moderate),147,17.49,147,573.3
2423,18296995,450.0,Indian Rupees(Rs.),5.4,3.9,Yellow,Good,3.0 - 3.9 (Moderate),217,21.0,217,585.9
2424,800237,1000.0,Indian Rupees(Rs.),12.0,3.7,Yellow,Good,3.0 - 3.9 (Moderate),514,23.1,514,3084.0
2425,800273,1100.0,Indian Rupees(Rs.),13.2,3.9,Yellow,Good,3.0 - 3.9 (Moderate),268,21.82,268,1768.8
2426,18375866,450.0,Indian Rupees(Rs.),5.4,4.3,Green,Very Good,4.0 - 4.4 (High),106,20.09,106,286.2
2427,801170,1200.0,Indian Rupees(Rs.),14.4,4.2,Green,Very Good,4.0 - 4.4 (High),691,27.47,691,4975.2
2428,801636,400.0,Indian Rupees(Rs.),4.8,4.1,Green,Very Good,4.0 - 4.4 (High),165,20.96,165,396.0
2429,18385021,1000.0,Indian Rupees(Rs.),12.0,4.1,Green,Very Good,4.0 - 4.4 (High),80,18.02,80,480.0
2430,801640,1300.0,Indian Rupees(Rs.),15.6,4.3,Green,Very Good,4.0 - 4.4 (High),124,20.76,124,967.2
2431,801269,1000.0,Indian Rupees(Rs.),12.0,4.3,Green,Very Good,4.0 - 4.4 (High),887,29.19,887,5322.0
2432,801693,1000.0,Indian Rupees(Rs.),12.0,4.0,Green,Very Good,4.0 - 4.4 (High),79,17.53,79,474.0
2433,800483,400.0,Indian Rupees(Rs.),4.8,4.4,Green,Very Good,4.0 - 4.4 (High),818,29.52,818,1963.2
2434,800891,400.0,Indian Rupees(Rs.),4.8,4.1,Green,Very Good,4.0 - 4.4 (High),288,23.23,288,691.2
2435,800326,1100.0,Indian Rupees(Rs.),13.2,4.2,Green,Very Good,4.0 - 4.4 (High),762,27.88,762,5029.2
2436,801384,2000.0,Indian Rupees(Rs.),24.0,4.2,Green,Very Good,4.0 - 4.4 (High),149,21.04,149,1788.0
2437,800089,1600.0,Indian Rupees(Rs.),19.2,4.7,Dark Green,Excellent,4.5 - 5.0 (Top Tier),1069,32.78,1069,10262.4
2438,801247,1000.0,Indian Rupees(Rs.),12.0,4.2,Green,Very Good,4.0 - 4.4 (High),411,25.29,411,2466.0
2439,800576,700.0,Indian Rupees(Rs.),8.4,4.0,Green,Very Good,4.0 - 4.4 (High),587,25.51,587,2465.4
2440,15239,800.0,Indian Rupees(Rs.),9.6,3.6,Yellow,Good,3.0 - 3.9 (Moderate),93,16.36,93,446.4
2441,18444271,1500.0,Indian Rupees(Rs.),18.0,3.5,Yellow,Good,3.0 - 3.9 (Moderate),17,10.12,17,153.0
2442,15005,1400.0,Indian Rupees(Rs.),16.8,4.1,Green,Very Good,4.0 - 4.4 (High),191,21.56,191,1604.4
2443,15221,400.0,Indian Rupees(Rs.),4.8,3.9,Yellow,Good,3.0 - 3.9 (Moderate),109,18.33,109,261.6
2444,15292,1400.0,Indian Rupees(Rs.),16.8,4.2,Green,Very Good,4.0 - 4.4 (High),217,22.61,217,1822.8
2445,15309,800.0,Indian Rupees(Rs.),9.6,3.7,Yellow,Good,3.0 - 3.9 (Moderate),153,18.64,153,734.4
2446,18400368,1300.0,Indian Rupees(Rs.),15.6,3.9,Yellow,Good,3.0 - 3.9 (Moderate),41,14.58,41,319.8
2447,15132,1500.0,Indian Rupees(Rs.),18.0,4.1,Green,Very Good,4.0 - 4.4 (High),178,21.27,178,1602.0
2448,15705,2000.0,Indian Rupees(Rs.),24.0,4.3,Green,Very Good,4.0 - 4.4 (High),87,19.25,87,1044.0
2449,15078,700.0,Indian Rupees(Rs.),8.4,3.6,Yellow,Good,3.0 - 3.9 (Moderate),86,16.08,86,361.2
2450,15104,1200.0,Indian Rupees(Rs.),14.4,3.8,Yellow,Good,3.0 - 3.9 (Moderate),156,19.21,156,1123.2
2451,15774,1100.0,Indian Rupees(Rs.),13.2,4.4,Green,Very Good,4.0 - 4.4 (High),138,21.71,138,910.8
2452,15008,800.0,Indian Rupees(Rs.),9.6,4.2,Green,Very Good,4.0 - 4.4 (High),261,23.39,261,1252.8
2453,15321,1200.0,Indian Rupees(Rs.),14.4,4.4,Green,Very Good,4.0 - 4.4 (High),325,25.46,325,2340.0
2454,15368,1000.0,Indian Rupees(Rs.),12.0,3.5,Yellow,Good,3.0 - 3.9 (Moderate),116,16.67,116,696.0
2455,15853,1400.0,Indian Rupees(Rs.),16.8,3.9,Yellow,Good,3.0 - 3.9 (Moderate),80,17.14,80,672.0
2456,15497,800.0,Indian Rupees(Rs.),9.6,4.2,Green,Very Good,4.0 - 4.4 (High),210,22.48,210,1008.0
2457,15091,800.0,Indian Rupees(Rs.),9.6,4.6,Dark Green,Excellent,4.5 - 5.0 (Top Tier),196,24.3,196,940.8
2458,15777,1600.0,Indian Rupees(Rs.),19.2,3.8,Yellow,Good,3.0 - 3.9 (Moderate),53,15.16,53,508.8
2459,15717,1500.0,Indian Rupees(Rs.),18.0,3.9,Yellow,Good,3.0 - 3.9 (Moderate),154,19.67,154,1386.0
2460,3100446,600.0,Indian Rupees(Rs.),7.2,3.6,Yellow,Good,3.0 - 3.9 (Moderate),209,19.25,209,752.4
2461,3100159,200.0,Indian Rupees(Rs.),2.4,3.9,Yellow,Good,3.0 - 3.9 (Moderate),196,20.6,196,235.2
2462,3100010,900.0,Indian Rupees(Rs.),10.8,3.8,Yellow,Good,3.0 - 3.9 (Moderate),196,20.08,196,1058.4
2463,3100145,700.0,Indian Rupees(Rs.),8.4,3.7,Yellow,Good,3.0 - 3.9 (Moderate),355,21.74,355,1491.0
2464,3100013,600.0,Indian Rupees(Rs.),7.2,3.5,Yellow,Good,3.0 - 3.9 (Moderate),280,19.73,280,1008.0
2465,3100143,1000.0,Indian Rupees(Rs.),12.0,3.7,Yellow,Good,3.0 - 3.9 (Moderate),104,17.22,104,624.0
2466,3100033,800.0,Indian Rupees(Rs.),9.6,3.8,Yellow,Good,3.0 - 3.9 (Moderate),290,21.56,290,1392.0
2467,3100153,700.0,Indian Rupees(Rs.),8.4,3.6,Yellow,Good,3.0 - 3.9 (Moderate),275,20.23,275,1155.0
2468,3100142,500.0,Indian Rupees(Rs.),6.0,4.2,Green,Very Good,4.0 - 4.4 (High),281,23.7,281,843.0
2469,3100030,1500.0,Indian Rupees(Rs.),18.0,3.5,Yellow,Good,3.0 - 3.9 (Moderate),183,18.25,183,1647.0
2470,18237384,500.0,Indian Rupees(Rs.),6.0,3.6,Yellow,Good,3.0 - 3.9 (Moderate),84,15.99,84,252.0
2471,3100008,750.0,Indian Rupees(Rs.),9.0,3.9,Yellow,Good,3.0 - 3.9 (Moderate),257,21.66,257,1156.5
2472,3100148,600.0,Indian Rupees(Rs.),7.2,3.5,Yellow,Good,3.0 - 3.9 (Moderate),127,16.98,127,457.2
2473,3100044,1000.0,Indian Rupees(Rs.),12.0,3.7,Yellow,Good,3.0 - 3.9 (Moderate),260,20.59,260,1560.0
2474,3100441,1600.0,Indian Rupees(Rs.),19.2,3.7,Yellow,Good,3.0 - 3.9 (Moderate),193,19.49,193,1852.8
2475,3100302,800.0,Indian Rupees(Rs.),9.6,4.1,Green,Very Good,4.0 - 4.4 (High),245,22.57,245,1176.0
2476,3100422,1000.0,Indian Rupees(Rs.),12.0,3.7,Yellow,Good,3.0 - 3.9 (Moderate),173,19.09,173,1038.0
2477,3100014,700.0,Indian Rupees(Rs.),8.4,3.8,Yellow,Good,3.0 - 3.9 (Moderate),328,22.03,328,1377.6
2478,3100448,700.0,Indian Rupees(Rs.),8.4,3.9,Yellow,Good,3.0 - 3.9 (Moderate),156,19.72,156,655.2
2479,3100017,500.0,Indian Rupees(Rs.),6.0,3.7,Yellow,Good,3.0 - 3.9 (Moderate),175,19.13,175,525.0
2480,18424018,550.0,Indian Rupees(Rs.),6.6,4.3,Green,Very Good,4.0 - 4.4 (High),99,19.8,148,488.4
2481,35217,800.0,Indian Rupees(Rs.),9.6,4.0,Green,Very Good,4.0 - 4.4 (High),5145,34.18,5145,24696.0
2482,18447068,1000.0,Indian Rupees(Rs.),12.0,4.0,Green,Very Good,4.0 - 4.4 (High),156,20.22,156,936.0
2483,18458563,850.0,Indian Rupees(Rs.),10.2,3.4,Orange,Average,3.0 - 3.9 (Moderate),170,17.48,170,867.0
2484,18075122,1000.0,Indian Rupees(Rs.),12.0,4.7,Dark Green,Excellent,4.5 - 5.0 (Top Tier),2083,35.92,3124,18744.0
2485,18233317,1500.0,Indian Rupees(Rs.),18.0,4.2,Green,Very Good,4.0 - 4.4 (High),1606,31.0,1606,14454.0
2486,18237753,1000.0,Indian Rupees(Rs.),12.0,4.1,Green,Very Good,4.0 - 4.4 (High),2040,31.25,3060,18360.0
2487,18388642,1100.0,Indian Rupees(Rs.),13.2,3.8,Yellow,Good,3.0 - 3.9 (Moderate),617,24.42,617,4072.2
2488,18463285,1000.0,Indian Rupees(Rs.),12.0,3.8,Yellow,Good,3.0 - 3.9 (Moderate),146,18.96,146,876.0
2489,16527711,700.0,Indian Rupees(Rs.),8.4,3.9,Yellow,Good,3.0 - 3.9 (Moderate),2076,29.79,3114,13078.8
2490,18313566,1500.0,Indian Rupees(Rs.),18.0,4.3,Green,Very Good,4.0 - 4.4 (High),1240,30.63,1240,11160.0
2491,49003,1500.0,Indian Rupees(Rs.),18.0,4.2,Green,Very Good,4.0 - 4.4 (High),3370,34.12,5055,45495.0
2492,18441580,1000.0,Indian Rupees(Rs.),12.0,3.9,Yellow,Good,3.0 - 3.9 (Moderate),317,22.47,317,1902.0
2493,34757,800.0,Indian Rupees(Rs.),9.6,4.5,Dark Green,Excellent,4.5 - 5.0 (Top Tier),2662,35.49,3993,19166.4
2494,18408295,500.0,Indian Rupees(Rs.),6.0,4.6,Dark Green,Excellent,4.5 - 5.0 (Top Tier),413,27.72,413,1239.0
2495,18216876,1500.0,Indian Rupees(Rs.),18.0,3.9,Yellow,Good,3.0 - 3.9 (Moderate),885,26.47,885,7965.0
2496,17806994,1500.0,Indian Rupees(Rs.),18.0,4.9,Dark Green,Excellent,4.5 - 5.0 (Top Tier),3244,39.62,3244,29196.0
2497,18435740,1000.0,Indian Rupees(Rs.),12.0,3.8,Yellow,Good,3.0 - 3.9 (Moderate),181,19.78,181,1086.0
2498,18318116,1200.0,Indian Rupees(Rs.),14.4,4.0,Green,Very Good,4.0 - 4.4 (High),536,25.14,536,3859.2
2499,18270976,1000.0,Indian Rupees(Rs.),12.0,4.1,Green,Very Good,4.0 - 4.4 (High),1295,29.38,1942,11652.0
2500,49486,1000.0,Indian Rupees(Rs.),12.0,3.6,Yellow,Good,3.0 - 3.9 (Moderate),1515,26.37,2272,13632.0
2501,3600252,290.0,Indian Rupees(Rs.),3.48,3.4,Orange,Average,3.0 - 3.9 (Moderate),139,16.8,139,241.86
2502,3600265,900.0,Indian Rupees(Rs.),10.8,3.7,Yellow,Good,3.0 - 3.9 (Moderate),172,19.07,172,928.8
2503,3600375,800.0,Indian Rupees(Rs.),9.6,3.9,Yellow,Good,3.0 - 3.9 (Moderate),264,21.76,264,1267.2
2504,3600015,300.0,Indian Rupees(Rs.),3.6,4.2,Green,Very Good,4.0 - 4.4 (High),392,25.09,392,705.6
2505,3600012,500.0,Indian Rupees(Rs.),6.0,3.7,Yellow,Good,3.0 - 3.9 (Moderate),393,22.11,393,1179.0
2506,3600013,400.0,Indian Rupees(Rs.),4.8,3.5,Yellow,Good,3.0 - 3.9 (Moderate),214,18.8,214,513.6
2507,3600071,650.0,Indian Rupees(Rs.),7.8,3.7,Yellow,Good,3.0 - 3.9 (Moderate),262,20.62,262,1021.8
2508,3600192,1700.0,Indian Rupees(Rs.),20.4,3.8,Yellow,Good,3.0 - 3.9 (Moderate),162,19.36,162,1652.4
2509,3600119,500.0,Indian Rupees(Rs.),6.0,3.5,Yellow,Good,3.0 - 3.9 (Moderate),160,17.78,160,480.0
2510,3600352,1600.0,Indian Rupees(Rs.),19.2,4.0,Green,Very Good,4.0 - 4.4 (High),286,22.64,286,2745.6
2511,3600009,700.0,Indian Rupees(Rs.),8.4,4.0,Green,Very Good,4.0 - 4.4 (High),304,22.88,304,1276.8
2512,3600361,700.0,Indian Rupees(Rs.),8.4,3.5,Yellow,Good,3.0 - 3.9 (Moderate),127,16.98,127,533.4
2513,3600148,1000.0,Indian Rupees(Rs.),12.0,3.7,Yellow,Good,3.0 - 3.9 (Moderate),132,18.09,132,792.0
2514,3600436,1500.0,Indian Rupees(Rs.),18.0,3.3,Orange,Average,3.0 - 3.9 (Moderate),11,8.2,11,99.0
2515,3600008,650.0,Indian Rupees(Rs.),7.8,3.6,Yellow,Good,3.0 - 3.9 (Moderate),190,18.91,190,741.0
2516,3600354,700.0,Indian Rupees(Rs.),8.4,3.6,Yellow,Good,3.0 - 3.9 (Moderate),140,17.82,140,588.0
2517,3600285,650.0,Indian Rupees(Rs.),7.8,3.8,Yellow,Good,3.0 - 3.9 (Moderate),249,20.98,249,971.1
2518,3600072,550.0,Indian Rupees(Rs.),6.6,3.7,Yellow,Good,3.0 - 3.9 (Moderate),208,19.77,208,686.4
2519,3600022,1000.0,Indian Rupees(Rs.),12.0,3.6,Yellow,Good,3.0 - 3.9 (Moderate),270,20.17,270,1620.0
2520,3600014,1200.0,Indian Rupees(Rs.),14.4,3.7,Yellow,Good,3.0 - 3.9 (Moderate),183,19.3,183,1317.6
2521,3301308,500.0,Indian Rupees(Rs.),6.0,3.3,Orange,Average,3.0 - 3.9 (Moderate),27,11.0,27,81.0
2522,3300780,250.0,Indian Rupees(Rs.),3.0,3.8,Yellow,Good,3.0 - 3.9 (Moderate),73,16.36,73,109.5
2523,3301236,250.0,Indian Rupees(Rs.),3.0,3.9,Yellow,Good,3.0 - 3.9 (Moderate),26,12.85,26,39.0
2524,3300369,500.0,Indian Rupees(Rs.),6.0,4.0,Green,Very Good,4.0 - 4.4 (High),103,18.58,154,462.0
2525,3301013,550.0,Indian Rupees(Rs.),6.6,4.3,Green,Very Good,4.0 - 4.4 (High),88,19.3,132,435.6
2526,3300741,400.0,Indian Rupees(Rs.),4.8,3.7,Yellow,Good,3.0 - 3.9 (Moderate),201,19.64,302,724.8
2527,3300138,550.0,Indian Rupees(Rs.),6.6,4.0,Green,Very Good,4.0 - 4.4 (High),185,20.9,278,917.4
2528,3300949,600.0,Indian Rupees(Rs.),7.2,4.2,Green,Very Good,4.0 - 4.4 (High),164,21.44,246,885.6
2529,3300065,1100.0,Indian Rupees(Rs.),13.2,4.3,Green,Very Good,4.0 - 4.4 (High),270,24.09,270,1782.0
2530,3300416,350.0,Indian Rupees(Rs.),4.2,3.9,Yellow,Good,3.0 - 3.9 (Moderate),140,19.3,140,294.0
2531,3301169,250.0,Indian Rupees(Rs.),3.0,3.9,Yellow,Good,3.0 - 3.9 (Moderate),19,11.68,28,42.0
2532,3300061,750.0,Indian Rupees(Rs.),9.0,4.0,Green,Very Good,4.0 - 4.4 (High),284,22.61,426,1917.0
2533,3300107,1200.0,Indian Rupees(Rs.),14.4,4.4,Green,Very Good,4.0 - 4.4 (High),257,24.43,386,2779.2
2534,3300058,600.0,Indian Rupees(Rs.),7.2,4.5,Dark Green,Excellent,4.5 - 5.0 (Top Tier),520,28.15,520,1872.0
2535,3300057,1000.0,Indian Rupees(Rs.),12.0,4.0,Green,Very Good,4.0 - 4.4 (High),306,22.91,306,1836.0
2536,3300041,1300.0,Indian Rupees(Rs.),15.6,4.2,Green,Very Good,4.0 - 4.4 (High),275,23.61,412,3213.6
2537,3300958,1600.0,Indian Rupees(Rs.),19.2,4.9,Dark Green,Excellent,4.5 - 5.0 (Top Tier),226,26.58,226,2169.6
2538,3300707,550.0,Indian Rupees(Rs.),6.6,2.2,Red,Poor,< 3.0 (Low),147,10.99,220,726.0
2539,3300070,1000.0,Indian Rupees(Rs.),12.0,4.0,Green,Very Good,4.0 - 4.4 (High),100,18.46,100,600.0
2540,3301035,1000.0,Indian Rupees(Rs.),12.0,3.8,Yellow,Good,3.0 - 3.9 (Moderate),45,14.55,45,270.0
2541,1600227,400.0,Indian Rupees(Rs.),4.8,3.8,Yellow,Good,3.0 - 3.9 (Moderate),76,16.51,76,182.4
2542,1600280,1000.0,Indian Rupees(Rs.),12.0,3.6,Yellow,Good,3.0 - 3.9 (Moderate),91,16.28,91,546.0
2543,1600169,600.0,Indian Rupees(Rs.),7.2,3.6,Yellow,Good,3.0 - 3.9 (Moderate),125,17.41,125,450.0
2544,1600109,800.0,Indian Rupees(Rs.),9.6,3.5,Yellow,Good,3.0 - 3.9 (Moderate),140,17.32,140,672.0
2545,1600108,400.0,Indian Rupees(Rs.),4.8,3.6,Yellow,Good,3.0 - 3.9 (Moderate),86,16.08,86,206.4
2546,1600258,1500.0,Indian Rupees(Rs.),18.0,3.8,Yellow,Good,3.0 - 3.9 (Moderate),117,18.13,117,1053.0
2547,1600252,150.0,Indian Rupees(Rs.),1.8,3.4,Orange,Average,3.0 - 3.9 (Moderate),86,15.18,86,77.4
2548,1600007,600.0,Indian Rupees(Rs.),7.2,3.4,Orange,Average,3.0 - 3.9 (Moderate),162,17.32,162,583.2
2549,1600053,700.0,Indian Rupees(Rs.),8.4,3.4,Orange,Average,3.0 - 3.9 (Moderate),177,17.62,177,743.4
2550,1600326,600.0,Indian Rupees(Rs.),7.2,3.3,Orange,Average,3.0 - 3.9 (Moderate),15,9.15,15,54.0
2551,1600307,800.0,Indian Rupees(Rs.),9.6,3.4,Orange,Average,3.0 - 3.9 (Moderate),24,10.94,24,115.2
2552,1600219,400.0,Indian Rupees(Rs.),4.8,3.5,Yellow,Good,3.0 - 3.9 (Moderate),80,15.38,80,192.0
2553,1600067,500.0,Indian Rupees(Rs.),6.0,3.7,Yellow,Good,3.0 - 3.9 (Moderate),162,18.85,162,486.0
2554,1600039,500.0,Indian Rupees(Rs.),6.0,3.5,Yellow,Good,3.0 - 3.9 (Moderate),166,17.91,166,498.0
2555,1600029,1100.0,Indian Rupees(Rs.),13.2,3.8,Yellow,Good,3.0 - 3.9 (Moderate),164,19.4,164,1082.4
2556,1600292,800.0,Indian Rupees(Rs.),9.6,3.0,Orange,Average,3.0 - 3.9 (Moderate),25,9.77,25,120.0
2557,1600298,1000.0,Indian Rupees(Rs.),12.0,3.3,Orange,Average,3.0 - 3.9 (Moderate),33,11.64,33,198.0
2558,1600095,400.0,Indian Rupees(Rs.),4.8,3.5,Yellow,Good,3.0 - 3.9 (Moderate),77,15.25,77,184.8
2559,1600205,100.0,Indian Rupees(Rs.),1.2,3.9,Yellow,Good,3.0 - 3.9 (Moderate),218,21.02,218,130.8
2560,1600212,900.0,Indian Rupees(Rs.),10.8,3.4,Orange,Average,3.0 - 3.9 (Moderate),71,14.54,71,383.4
2561,18287358,500.0,Indian Rupees(Rs.),6.0,0.0,White,Not rated,Unrated,2,0.0,2,6.0
2562,18216944,350.0,Indian Rupees(Rs.),4.2,3.2,Orange,Average,3.0 - 3.9 (Moderate),46,12.32,69,144.9
2563,313333,1500.0,Indian Rupees(Rs.),18.0,3.4,Orange,Average,3.0 - 3.9 (Moderate),45,13.02,68,612.0
2564,18384127,500.0,Indian Rupees(Rs.),6.0,2.6,Orange,Average,< 3.0 (Low),11,6.46,11,33.0
2565,582,500.0,Indian Rupees(Rs.),6.0,3.4,Orange,Average,3.0 - 3.9 (Moderate),238,18.62,357,1071.0
2566,18414465,400.0,Indian Rupees(Rs.),4.8,3.1,Orange,Average,3.0 - 3.9 (Moderate),8,6.81,8,19.2
2567,304243,400.0,Indian Rupees(Rs.),4.8,2.7,Orange,Average,< 3.0 (Low),64,11.27,96,230.4
2568,3554,450.0,Indian Rupees(Rs.),5.4,2.6,Orange,Average,< 3.0 (Low),113,12.31,170,459.0
2569,18369872,300.0,Indian Rupees(Rs.),3.6,3.7,Yellow,Good,3.0 - 3.9 (Moderate),66,15.56,99,178.2
2570,948,1500.0,Indian Rupees(Rs.),18.0,3.5,Yellow,Good,3.0 - 3.9 (Moderate),141,17.35,212,1908.0
2571,2853,500.0,Indian Rupees(Rs.),6.0,2.2,Red,Poor,< 3.0 (Low),77,9.58,77,231.0
2572,18433900,1600.0,Indian Rupees(Rs.),19.2,4.0,Green,Very Good,4.0 - 4.4 (High),40,14.85,40,384.0
2573,18425159,1200.0,Indian Rupees(Rs.),14.4,4.2,Green,Very Good,4.0 - 4.4 (High),46,16.17,46,331.2
2574,310958,1500.0,Indian Rupees(Rs.),18.0,4.2,Green,Very Good,4.0 - 4.4 (High),665,27.31,998,8982.0
2575,18334443,600.0,Indian Rupees(Rs.),7.2,3.2,Orange,Average,3.0 - 3.9 (Moderate),31,11.09,31,111.6
2576,18255141,800.0,Indian Rupees(Rs.),9.6,3.4,Orange,Average,3.0 - 3.9 (Moderate),32,11.89,48,230.4
2577,197,700.0,Indian Rupees(Rs.),8.4,2.8,Orange,Average,< 3.0 (Low),83,12.41,83,348.6
2578,308235,1000.0,Indian Rupees(Rs.),12.0,3.7,Yellow,Good,3.0 - 3.9 (Moderate),288,20.97,432,2592.0
2579,18258757,550.0,Indian Rupees(Rs.),6.6,3.2,Orange,Average,3.0 - 3.9 (Moderate),33,11.28,33,108.9
2580,307383,900.0,Indian Rupees(Rs.),10.8,3.2,Orange,Average,3.0 - 3.9 (Moderate),26,10.55,26,140.4
2581,18386746,600.0,Indian Rupees(Rs.),7.2,0.0,White,Not rated,Unrated,2,0.0,2,7.2
2582,18337885,800.0,Indian Rupees(Rs.),9.6,0.0,White,Not rated,Unrated,0,0.0,0,0.0
2583,310491,1000.0,Indian Rupees(Rs.),12.0,2.6,Orange,Average,< 3.0 (Low),49,10.17,74,444.0
2584,18337789,200.0,Indian Rupees(Rs.),2.4,3.3,Orange,Average,3.0 - 3.9 (Moderate),13,8.71,13,15.6
2585,18222573,1500.0,Indian Rupees(Rs.),18.0,3.2,Orange,Average,3.0 - 3.9 (Moderate),64,13.36,96,864.0
2586,3370,400.0,Indian Rupees(Rs.),4.8,3.4,Orange,Average,3.0 - 3.9 (Moderate),167,17.42,167,400.8
2587,307439,900.0,Indian Rupees(Rs.),10.8,3.3,Orange,Average,3.0 - 3.9 (Moderate),99,15.2,148,799.2
2588,1078,1000.0,Indian Rupees(Rs.),12.0,2.6,Orange,Average,< 3.0 (Low),125,12.57,188,1128.0
2589,9340,300.0,Indian Rupees(Rs.),3.6,3.7,Yellow,Good,3.0 - 3.9 (Moderate),124,17.86,124,223.2
2590,306761,500.0,Indian Rupees(Rs.),6.0,2.2,Red,Poor,< 3.0 (Low),79,9.64,118,354.0
2591,7580,400.0,Indian Rupees(Rs.),4.8,2.9,Orange,Average,< 3.0 (Low),8,6.37,8,19.2
2592,7584,200.0,Indian Rupees(Rs.),2.4,3.3,Orange,Average,3.0 - 3.9 (Moderate),20,10.05,20,24.0
2593,7582,450.0,Indian Rupees(Rs.),5.4,3.2,Orange,Average,3.0 - 3.9 (Moderate),23,10.17,23,62.1
2594,18351495,400.0,Indian Rupees(Rs.),4.8,3.4,Orange,Average,3.0 - 3.9 (Moderate),19,10.19,19,45.6
2595,7594,400.0,Indian Rupees(Rs.),4.8,3.0,Orange,Average,3.0 - 3.9 (Moderate),7,6.24,7,16.8
2596,7583,150.0,Indian Rupees(Rs.),1.8,2.7,Orange,Average,< 3.0 (Low),11,6.71,11,9.9
2597,7610,350.0,Indian Rupees(Rs.),4.2,3.2,Orange,Average,3.0 - 3.9 (Moderate),35,11.47,35,73.5
2598,18412603,600.0,Indian Rupees(Rs.),7.2,3.0,Orange,Average,3.0 - 3.9 (Moderate),11,7.45,16,57.6
2599,7639,300.0,Indian Rupees(Rs.),3.6,2.5,Orange,Average,< 3.0 (Low),32,8.74,48,86.4
2600,18441545,800.0,Indian Rupees(Rs.),9.6,3.2,Orange,Average,3.0 - 3.9 (Moderate),10,7.67,15,72.0
2601,9971,600.0,Indian Rupees(Rs.),7.2,3.2,Orange,Average,3.0 - 3.9 (Moderate),23,10.17,23,82.8
2602,18451572,400.0,Indian Rupees(Rs.),4.8,3.1,Orange,Average,3.0 - 3.9 (Moderate),7,6.45,7,16.8
2603,7593,450.0,Indian Rupees(Rs.),5.4,2.9,Orange,Average,< 3.0 (Low),42,10.91,42,113.4
2604,301440,200.0,Indian Rupees(Rs.),2.4,3.2,Orange,Average,3.0 - 3.9 (Moderate),21,9.89,21,25.2
2605,7585,150.0,Indian Rupees(Rs.),1.8,3.3,Orange,Average,3.0 - 3.9 (Moderate),16,9.35,16,14.4
2606,306531,500.0,Indian Rupees(Rs.),6.0,2.5,Orange,Average,< 3.0 (Low),37,9.09,56,168.0
2607,18354658,250.0,Indian Rupees(Rs.),3.0,2.9,Orange,Average,< 3.0 (Low),4,4.67,4,6.0
2608,18337782,500.0,Indian Rupees(Rs.),6.0,2.8,Orange,Average,< 3.0 (Low),7,5.82,10,30.0
2609,18258759,450.0,Indian Rupees(Rs.),5.4,3.4,Orange,Average,3.0 - 3.9 (Moderate),22,10.66,22,59.4
2610,18057805,600.0,Indian Rupees(Rs.),7.2,3.9,Yellow,Good,3.0 - 3.9 (Moderate),97,17.88,146,525.6
2611,3428,800.0,Indian Rupees(Rs.),9.6,3.9,Yellow,Good,3.0 - 3.9 (Moderate),452,23.85,452,2169.6
2612,18425771,250.0,Indian Rupees(Rs.),3.0,3.6,Yellow,Good,3.0 - 3.9 (Moderate),14,9.75,14,21.0
2613,18304836,650.0,Indian Rupees(Rs.),7.8,3.6,Yellow,Good,3.0 - 3.9 (Moderate),82,15.91,123,479.7
2614,18311951,300.0,Indian Rupees(Rs.),3.6,0.0,White,Not rated,Unrated,2,0.0,2,3.6
2615,18401128,400.0,Indian Rupees(Rs.),4.8,0.0,White,Not rated,Unrated,0,0.0,0,0.0
2616,18354667,350.0,Indian Rupees(Rs.),4.2,0.0,White,Not rated,Unrated,0,0.0,0,0.0
2617,18431379,500.0,Indian Rupees(Rs.),6.0,0.0,White,Not rated,Unrated,1,0.0,1,3.0
2618,18311953,500.0,Indian Rupees(Rs.),6.0,0.0,White,Not rated,Unrated,2,0.0,3,9.0
2619,18361522,400.0,Indian Rupees(Rs.),4.8,0.0,White,Not rated,Unrated,0,0.0,0,0.0
2620,18425780,600.0,Indian Rupees(Rs.),7.2,0.0,White,Not rated,Unrated,1,0.0,1,3.6
2621,18489513,400.0,Indian Rupees(Rs.),4.8,0.0,White,Not rated,Unrated,0,0.0,0,0.0
2622,306795,800.0,Indian Rupees(Rs.),9.6,2.4,Red,Poor,< 3.0 (Low),31,8.32,46,220.8
2623,7249,600.0,Indian Rupees(Rs.),7.2,2.5,Orange,Average,< 3.0 (Low),100,11.54,150,540.0
2624,7246,800.0,Indian Rupees(Rs.),9.6,3.1,Orange,Average,3.0 - 3.9 (Moderate),230,16.87,345,1656.0
2625,310723,500.0,Indian Rupees(Rs.),6.0,3.2,Orange,Average,3.0 - 3.9 (Moderate),458,19.61,687,2061.0
2626,7253,700.0,Indian Rupees(Rs.),8.4,2.6,Orange,Average,< 3.0 (Low),176,13.46,176,739.2
2627,18180041,800.0,Indian Rupees(Rs.),9.6,3.5,Yellow,Good,3.0 - 3.9 (Moderate),232,19.08,348,1670.4
2628,18434414,2200.0,Indian Rupees(Rs.),26.4,3.6,Yellow,Good,3.0 - 3.9 (Moderate),27,12.0,27,356.4
2629,4905,2200.0,Indian Rupees(Rs.),26.4,3.6,Yellow,Good,3.0 - 3.9 (Moderate),210,19.27,210,2772.0
2630,18421232,500.0,Indian Rupees(Rs.),6.0,3.9,Yellow,Good,3.0 - 3.9 (Moderate),44,14.85,44,132.0
2631,7228,600.0,Indian Rupees(Rs.),7.2,3.5,Yellow,Good,3.0 - 3.9 (Moderate),206,18.66,206,741.6
2632,7068,700.0,Indian Rupees(Rs.),8.4,3.7,Yellow,Good,3.0 - 3.9 (Moderate),185,19.34,278,1167.6
2633,302152,700.0,Indian Rupees(Rs.),8.4,3.7,Yellow,Good,3.0 - 3.9 (Moderate),256,20.53,256,1075.2
2634,312300,1500.0,Indian Rupees(Rs.),18.0,4.2,Green,Very Good,4.0 - 4.4 (High),336,24.44,504,4536.0
2635,5565,450.0,Indian Rupees(Rs.),5.4,3.4,Orange,Average,3.0 - 3.9 (Moderate),280,19.17,280,756.0
2636,307113,1400.0,Indian Rupees(Rs.),16.8,4.2,Green,Very Good,4.0 - 4.4 (High),2131,32.19,3196,26846.4
2637,6258,200.0,Indian Rupees(Rs.),2.4,2.8,Orange,Average,< 3.0 (Low),13,7.39,13,15.6
2638,6094,400.0,Indian Rupees(Rs.),4.8,3.1,Orange,Average,3.0 - 3.9 (Moderate),38,11.36,38,91.2
2639,304592,150.0,Indian Rupees(Rs.),1.8,2.8,Orange,Average,< 3.0 (Low),69,11.9,69,62.1
2640,18421481,500.0,Indian Rupees(Rs.),6.0,3.3,Orange,Average,3.0 - 3.9 (Moderate),11,8.2,11,33.0
2641,310874,200.0,Indian Rupees(Rs.),2.4,3.1,Orange,Average,3.0 - 3.9 (Moderate),6,6.03,6,7.2
2642,18313972,400.0,Indian Rupees(Rs.),4.8,3.0,Orange,Average,3.0 - 3.9 (Moderate),4,4.83,4,9.6
2643,18128860,650.0,Indian Rupees(Rs.),7.8,3.4,Orange,Average,3.0 - 3.9 (Moderate),80,14.94,80,312.0
2644,310877,500.0,Indian Rupees(Rs.),6.0,3.4,Orange,Average,3.0 - 3.9 (Moderate),24,10.94,24,72.0
2645,304687,250.0,Indian Rupees(Rs.),3.0,3.1,Orange,Average,3.0 - 3.9 (Moderate),13,8.18,13,19.5
2646,312444,400.0,Indian Rupees(Rs.),4.8,3.3,Orange,Average,3.0 - 3.9 (Moderate),12,8.46,18,43.2
2647,18337975,600.0,Indian Rupees(Rs.),7.2,2.9,Orange,Average,< 3.0 (Low),4,4.67,4,14.4
2648,18124373,200.0,Indian Rupees(Rs.),2.4,2.8,Orange,Average,< 3.0 (Low),9,6.45,9,10.8
2649,305913,250.0,Indian Rupees(Rs.),3.0,3.3,Orange,Average,3.0 - 3.9 (Moderate),18,9.72,18,27.0
2650,310447,600.0,Indian Rupees(Rs.),7.2,2.8,Orange,Average,< 3.0 (Low),14,7.58,14,50.4
2651,310858,400.0,Indian Rupees(Rs.),4.8,2.8,Orange,Average,< 3.0 (Low),9,6.45,9,21.6
2652,18332083,200.0,Indian Rupees(Rs.),2.4,3.2,Orange,Average,3.0 - 3.9 (Moderate),16,9.07,16,19.2
2653,18361241,650.0,Indian Rupees(Rs.),7.8,3.0,Orange,Average,3.0 - 3.9 (Moderate),5,5.38,5,19.5
2654,305630,500.0,Indian Rupees(Rs.),6.0,3.6,Yellow,Good,3.0 - 3.9 (Moderate),251,19.91,376,1128.0
2655,18034049,350.0,Indian Rupees(Rs.),4.2,3.5,Yellow,Good,3.0 - 3.9 (Moderate),42,13.16,63,132.3
2656,6092,650.0,Indian Rupees(Rs.),7.8,3.5,Yellow,Good,3.0 - 3.9 (Moderate),220,18.89,330,1287.0
2657,18124361,400.0,Indian Rupees(Rs.),4.8,3.6,Yellow,Good,3.0 - 3.9 (Moderate),34,12.8,51,122.4
2658,6088,250.0,Indian Rupees(Rs.),3.0,3.7,Yellow,Good,3.0 - 3.9 (Moderate),103,17.18,103,154.5
2659,18394366,300.0,Indian Rupees(Rs.),3.6,3.7,Yellow,Good,3.0 - 3.9 (Moderate),46,14.25,46,82.8
2660,18354639,250.0,Indian Rupees(Rs.),3.0,3.8,Yellow,Good,3.0 - 3.9 (Moderate),62,15.74,62,93.0
2661,311657,300.0,Indian Rupees(Rs.),3.6,3.6,Yellow,Good,3.0 - 3.9 (Moderate),42,13.54,42,75.6
2662,18350112,350.0,Indian Rupees(Rs.),4.2,3.6,Yellow,Good,3.0 - 3.9 (Moderate),58,14.68,87,182.7
2663,18377924,1000.0,Indian Rupees(Rs.),12.0,3.9,Yellow,Good,3.0 - 3.9 (Moderate),106,18.22,159,954.0
2664,18428216,500.0,Indian Rupees(Rs.),6.0,0.0,White,Not rated,Unrated,0,0.0,0,0.0
2665,18421050,350.0,Indian Rupees(Rs.),4.2,0.0,White,Not rated,Unrated,1,0.0,1,2.1
2666,18377887,500.0,Indian Rupees(Rs.),6.0,0.0,White,Not rated,Unrated,1,0.0,1,3.0
2667,18421693,100.0,Indian Rupees(Rs.),1.2,0.0,White,Not rated,Unrated,0,0.0,0,0.0
2668,18418263,300.0,Indian Rupees(Rs.),3.6,0.0,White,Not rated,Unrated,0,0.0,0,0.0
2669,18421457,100.0,Indian Rupees(Rs.),1.2,0.0,White,Not rated,Unrated,0,0.0,0,0.0
2670,18421463,150.0,Indian Rupees(Rs.),1.8,0.0,White,Not rated,Unrated,0,0.0,0,0.0
2671,18268361,500.0,Indian Rupees(Rs.),6.0,0.0,White,Not rated,Unrated,1,0.0,1,3.0
2672,18445804,300.0,Indian Rupees(Rs.),3.6,0.0,White,Not rated,Unrated,0,0.0,0,0.0
2673,18347812,500.0,Indian Rupees(Rs.),6.0,0.0,White,Not rated,Unrated,0,0.0,0,0.0
2674,18377920,400.0,Indian Rupees(Rs.),4.8,0.0,White,Not rated,Unrated,2,0.0,2,4.8
2675,311544,500.0,Indian Rupees(Rs.),6.0,0.0,White,Not rated,Unrated,0,0.0,0,0.0
2676,18377915,200.0,Indian Rupees(Rs.),2.4,0.0,White,Not rated,Unrated,0,0.0,0,0.0
2677,18421058,600.0,Indian Rupees(Rs.),7.2,0.0,White,Not rated,Unrated,0,0.0,0,0.0
2678,18335692,250.0,Indian Rupees(Rs.),3.0,0.0,White,Not rated,Unrated,0,0.0,0,0.0
2679,18429396,1500.0,Indian Rupees(Rs.),18.0,3.0,Orange,Average,3.0 - 3.9 (Moderate),4,4.83,4,36.0
2680,179,500.0,Indian Rupees(Rs.),6.0,3.4,Orange,Average,3.0 - 3.9 (Moderate),48,13.23,72,216.0
2681,307843,800.0,Indian Rupees(Rs.),9.6,3.2,Orange,Average,3.0 - 3.9 (Moderate),51,12.64,76,364.8
2682,18421042,1600.0,Indian Rupees(Rs.),19.2,3.4,Orange,Average,3.0 - 3.9 (Moderate),19,10.19,19,182.4
2683,3295,2500.0,Indian Rupees(Rs.),30.0,3.6,Yellow,Good,3.0 - 3.9 (Moderate),59,14.74,59,885.0
2684,18414499,1500.0,Indian Rupees(Rs.),18.0,3.9,Yellow,Good,3.0 - 3.9 (Moderate),188,20.44,188,1692.0
2685,18441775,1800.0,Indian Rupees(Rs.),21.6,4.4,Green,Very Good,4.0 - 4.4 (High),77,19.17,77,831.6
2686,18427565,1500.0,Indian Rupees(Rs.),18.0,4.0,Green,Very Good,4.0 - 4.4 (High),46,15.4,69,621.0
2687,18395381,1400.0,Indian Rupees(Rs.),16.8,4.1,Green,Very Good,4.0 - 4.4 (High),387,24.44,387,3250.8
2688,310281,500.0,Indian Rupees(Rs.),6.0,3.1,Orange,Average,3.0 - 3.9 (Moderate),117,14.79,117,351.0
2689,18207831,350.0,Indian Rupees(Rs.),4.2,3.1,Orange,Average,3.0 - 3.9 (Moderate),7,6.45,7,14.7
2690,5452,500.0,Indian Rupees(Rs.),6.0,3.0,Orange,Average,3.0 - 3.9 (Moderate),10,7.19,10,30.0
2691,18374418,250.0,Indian Rupees(Rs.),3.0,0.0,White,Not rated,Unrated,1,0.0,1,1.5
2692,18258778,350.0,Indian Rupees(Rs.),4.2,2.8,Orange,Average,< 3.0 (Low),7,5.82,10,21.0
2693,6560,200.0,Indian Rupees(Rs.),2.4,2.8,Orange,Average,< 3.0 (Low),23,8.9,23,27.6
2694,3322,500.0,Indian Rupees(Rs.),6.0,2.8,Orange,Average,< 3.0 (Low),102,12.98,102,306.0
2695,18249102,600.0,Indian Rupees(Rs.),7.2,3.4,Orange,Average,3.0 - 3.9 (Moderate),19,10.19,19,68.4
2696,18241609,200.0,Indian Rupees(Rs.),2.4,3.2,Orange,Average,3.0 - 3.9 (Moderate),15,8.87,15,18.0
2697,8743,200.0,Indian Rupees(Rs.),2.4,3.0,Orange,Average,3.0 - 3.9 (Moderate),10,7.19,10,12.0
2698,5294,400.0,Indian Rupees(Rs.),4.8,2.7,Orange,Average,< 3.0 (Low),17,7.8,17,40.8
2699,4651,200.0,Indian Rupees(Rs.),2.4,3.4,Orange,Average,3.0 - 3.9 (Moderate),135,16.7,202,242.4
2700,5315,1000.0,Indian Rupees(Rs.),12.0,2.7,Orange,Average,< 3.0 (Low),35,9.68,35,210.0
2701,6577,450.0,Indian Rupees(Rs.),5.4,3.0,Orange,Average,3.0 - 3.9 (Moderate),5,5.38,5,13.5
2702,309395,150.0,Indian Rupees(Rs.),1.8,3.4,Orange,Average,3.0 - 3.9 (Moderate),22,10.66,22,19.8
2703,300784,300.0,Indian Rupees(Rs.),3.6,3.2,Orange,Average,3.0 - 3.9 (Moderate),74,13.82,74,133.2
2704,18430692,500.0,Indian Rupees(Rs.),6.0,3.0,Orange,Average,3.0 - 3.9 (Moderate),4,4.83,4,12.0
2705,309503,700.0,Indian Rupees(Rs.),8.4,3.0,Orange,Average,3.0 - 3.9 (Moderate),7,6.24,7,29.4
2706,3326,650.0,Indian Rupees(Rs.),7.8,3.2,Orange,Average,3.0 - 3.9 (Moderate),22,10.03,22,85.8
2707,309384,300.0,Indian Rupees(Rs.),3.6,3.1,Orange,Average,3.0 - 3.9 (Moderate),9,7.14,9,16.2
2708,3079,700.0,Indian Rupees(Rs.),8.4,3.5,Yellow,Good,3.0 - 3.9 (Moderate),191,18.4,286,1201.2
2709,303093,350.0,Indian Rupees(Rs.),4.2,3.7,Yellow,Good,3.0 - 3.9 (Moderate),199,19.6,298,625.8
2710,309375,400.0,Indian Rupees(Rs.),4.8,3.5,Yellow,Good,3.0 - 3.9 (Moderate),60,14.39,60,144.0
2711,18441672,300.0,Indian Rupees(Rs.),3.6,0.0,White,Not rated,Unrated,1,0.0,1,1.8
2712,18446423,500.0,Indian Rupees(Rs.),6.0,0.0,White,Not rated,Unrated,0,0.0,0,0.0
2713,18462588,700.0,Indian Rupees(Rs.),8.4,0.0,White,Not rated,Unrated,0,0.0,0,0.0
2714,18460330,500.0,Indian Rupees(Rs.),6.0,0.0,White,Not rated,Unrated,1,0.0,1,3.0
2715,18361739,100.0,Indian Rupees(Rs.),1.2,0.0,White,Not rated,Unrated,2,0.0,2,1.2
2716,312338,400.0,Indian Rupees(Rs.),4.8,0.0,White,Not rated,Unrated,0,0.0,0,0.0
2717,18057828,300.0,Indian Rupees(Rs.),3.6,0.0,White,Not rated,Unrated,1,0.0,1,1.8
2718,18361700,550.0,Indian Rupees(Rs.),6.6,0.0,White,Not rated,Unrated,3,0.0,3,9.9
2719,18383541,400.0,Indian Rupees(Rs.),4.8,0.0,White,Not rated,Unrated,3,0.0,3,7.2
2720,18248970,300.0,Indian Rupees(Rs.),3.6,0.0,White,Not rated,Unrated,1,0.0,1,1.8
2721,18395538,150.0,Indian Rupees(Rs.),1.8,0.0,White,Not rated,Unrated,0,0.0,0,0.0
2722,18446396,250.0,Indian Rupees(Rs.),3.0,0.0,White,Not rated,Unrated,0,0.0,0,0.0
2723,313193,400.0,Indian Rupees(Rs.),4.8,0.0,White,Not rated,Unrated,1,0.0,2,4.8
2724,18457050,200.0,Indian Rupees(Rs.),2.4,0.0,White,Not rated,Unrated,0,0.0,0,0.0
2725,18375413,650.0,Indian Rupees(Rs.),7.8,0.0,White,Not rated,Unrated,0,0.0,0,0.0
2726,18458325,100.0,Indian Rupees(Rs.),1.2,0.0,White,Not rated,Unrated,0,0.0,0,0.0
2727,5296,100.0,Indian Rupees(Rs.),1.2,2.4,Red,Poor,< 3.0 (Low),15,6.65,15,9.0
2728,310802,300.0,Indian Rupees(Rs.),3.6,2.9,Orange,Average,< 3.0 (Low),29,9.86,44,79.2
2729,310777,1000.0,Indian Rupees(Rs.),12.0,3.4,Orange,Average,3.0 - 3.9 (Moderate),35,12.18,52,312.0
2730,309,600.0,Indian Rupees(Rs.),7.2,2.7,Orange,Average,< 3.0 (Low),278,15.2,417,1501.2
2731,18390678,1200.0,Indian Rupees(Rs.),14.4,3.3,Orange,Average,3.0 - 3.9 (Moderate),53,13.16,53,381.6
2732,3329,350.0,Indian Rupees(Rs.),4.2,2.6,Orange,Average,< 3.0 (Low),142,12.9,213,447.3
2733,18216896,550.0,Indian Rupees(Rs.),6.6,2.5,Orange,Average,< 3.0 (Low),41,9.34,62,204.6
2734,307767,1300.0,Indian Rupees(Rs.),15.6,3.9,Yellow,Good,3.0 - 3.9 (Moderate),492,24.18,738,5756.4
2735,3332,250.0,Indian Rupees(Rs.),3.0,3.5,Yellow,Good,3.0 - 3.9 (Moderate),28,11.79,28,42.0
2736,980,1300.0,Indian Rupees(Rs.),15.6,3.6,Yellow,Good,3.0 - 3.9 (Moderate),457,22.06,457,3564.6
2737,18232098,1800.0,Indian Rupees(Rs.),21.6,3.9,Yellow,Good,3.0 - 3.9 (Moderate),173,20.12,173,1868.4
2738,6574,200.0,Indian Rupees(Rs.),2.4,3.7,Yellow,Good,3.0 - 3.9 (Moderate),131,18.07,131,157.2
2739,2379,200.0,Indian Rupees(Rs.),2.4,3.9,Yellow,Good,3.0 - 3.9 (Moderate),123,18.8,123,147.6
2740,309390,1200.0,Indian Rupees(Rs.),14.4,3.9,Yellow,Good,3.0 - 3.9 (Moderate),274,21.91,411,2959.2
2741,300809,500.0,Indian Rupees(Rs.),6.0,3.5,Yellow,Good,3.0 - 3.9 (Moderate),87,15.67,130,390.0
2742,1192,300.0,Indian Rupees(Rs.),3.6,3.0,Orange,Average,3.0 - 3.9 (Moderate),78,13.11,78,140.4
2743,310803,500.0,Indian Rupees(Rs.),6.0,3.1,Orange,Average,3.0 - 3.9 (Moderate),10,7.43,10,30.0
2744,18250797,300.0,Indian Rupees(Rs.),3.6,3.3,Orange,Average,3.0 - 3.9 (Moderate),26,10.88,26,46.8
2745,198,700.0,Indian Rupees(Rs.),8.4,3.2,Orange,Average,3.0 - 3.9 (Moderate),101,14.8,101,424.2
2746,18449782,500.0,Indian Rupees(Rs.),6.0,3.4,Orange,Average,3.0 - 3.9 (Moderate),17,9.83,17,51.0
2747,18057820,600.0,Indian Rupees(Rs.),7.2,3.3,Orange,Average,3.0 - 3.9 (Moderate),34,11.73,34,122.4
2748,310215,500.0,Indian Rupees(Rs.),6.0,3.3,Orange,Average,3.0 - 3.9 (Moderate),12,8.46,12,36.0
2749,306841,750.0,Indian Rupees(Rs.),9.0,3.6,Yellow,Good,3.0 - 3.9 (Moderate),34,12.8,34,153.0
2750,18412952,400.0,Indian Rupees(Rs.),4.8,3.6,Yellow,Good,3.0 - 3.9 (Moderate),46,13.86,69,165.6
2751,18432191,600.0,Indian Rupees(Rs.),7.2,3.5,Yellow,Good,3.0 - 3.9 (Moderate),31,12.13,31,111.6
2752,18375420,350.0,Indian Rupees(Rs.),4.2,4.0,Green,Very Good,4.0 - 4.4 (High),96,18.3,144,302.4
2753,6286,550.0,Indian Rupees(Rs.),6.6,3.2,Orange,Average,3.0 - 3.9 (Moderate),70,13.64,70,231.0
2754,1914,400.0,Indian Rupees(Rs.),4.8,3.4,Orange,Average,3.0 - 3.9 (Moderate),560,21.52,840,2016.0
2755,18163907,450.0,Indian Rupees(Rs.),5.4,2.9,Orange,Average,< 3.0 (Low),4,4.67,4,10.8
2756,18344490,600.0,Indian Rupees(Rs.),7.2,3.4,Orange,Average,3.0 - 3.9 (Moderate),38,12.46,57,205.2
2757,18412878,600.0,Indian Rupees(Rs.),7.2,2.8,Orange,Average,< 3.0 (Low),11,6.96,16,57.6
2758,18294263,200.0,Indian Rupees(Rs.),2.4,3.0,Orange,Average,3.0 - 3.9 (Moderate),4,4.83,4,4.8
2759,588,600.0,Indian Rupees(Rs.),7.2,3.3,Orange,Average,3.0 - 3.9 (Moderate),421,19.95,632,2275.2
2760,7150,550.0,Indian Rupees(Rs.),6.6,3.1,Orange,Average,3.0 - 3.9 (Moderate),68,13.13,102,336.6
2761,18264634,400.0,Indian Rupees(Rs.),4.8,3.6,Yellow,Good,3.0 - 3.9 (Moderate),85,16.04,85,204.0
2762,301534,800.0,Indian Rupees(Rs.),9.6,3.7,Yellow,Good,3.0 - 3.9 (Moderate),343,21.61,343,1646.4
2763,8340,300.0,Indian Rupees(Rs.),3.6,3.8,Yellow,Good,3.0 - 3.9 (Moderate),120,18.22,120,216.0
2764,18400739,200.0,Indian Rupees(Rs.),2.4,0.0,White,Not rated,Unrated,3,0.0,3,3.6
2765,304954,100.0,Indian Rupees(Rs.),1.2,0.0,White,Not rated,Unrated,2,0.0,2,1.2
2766,18400737,200.0,Indian Rupees(Rs.),2.4,0.0,White,Not rated,Unrated,2,0.0,2,2.4
2767,18382583,350.0,Indian Rupees(Rs.),4.2,0.0,White,Not rated,Unrated,0,0.0,0,0.0
2768,18249122,750.0,Indian Rupees(Rs.),9.0,2.3,Red,Poor,< 3.0 (Low),55,9.26,82,369.0
2769,7354,450.0,Indian Rupees(Rs.),5.4,3.2,Orange,Average,3.0 - 3.9 (Moderate),49,12.52,49,132.3
2770,9267,400.0,Indian Rupees(Rs.),4.8,2.9,Orange,Average,< 3.0 (Low),7,6.03,7,16.8
2771,7352,700.0,Indian Rupees(Rs.),8.4,3.3,Orange,Average,3.0 - 3.9 (Moderate),90,14.89,90,378.0
2772,304211,1200.0,Indian Rupees(Rs.),14.4,2.9,Orange,Average,< 3.0 (Low),11,7.21,11,79.2
2773,262,1000.0,Indian Rupees(Rs.),12.0,3.1,Orange,Average,3.0 - 3.9 (Moderate),161,15.77,242,1452.0
2774,4621,800.0,Indian Rupees(Rs.),9.6,3.0,Orange,Average,3.0 - 3.9 (Moderate),67,12.66,67,321.6
2775,2134,300.0,Indian Rupees(Rs.),3.6,2.8,Orange,Average,< 3.0 (Low),23,8.9,34,61.2
2776,303472,1700.0,Indian Rupees(Rs.),20.4,3.3,Orange,Average,3.0 - 3.9 (Moderate),60,13.57,90,918.0
2777,758,450.0,Indian Rupees(Rs.),5.4,3.5,Yellow,Good,3.0 - 3.9 (Moderate),239,19.18,358,966.6
2778,7217,1300.0,Indian Rupees(Rs.),15.6,3.7,Yellow,Good,3.0 - 3.9 (Moderate),137,18.23,206,1606.8
2779,307054,600.0,Indian Rupees(Rs.),7.2,3.7,Yellow,Good,3.0 - 3.9 (Moderate),212,19.84,318,1144.8
2780,771,1000.0,Indian Rupees(Rs.),12.0,3.5,Yellow,Good,3.0 - 3.9 (Moderate),193,18.44,290,1740.0
2781,171,500.0,Indian Rupees(Rs.),6.0,3.5,Yellow,Good,3.0 - 3.9 (Moderate),202,18.6,303,909.0
2782,304675,1300.0,Indian Rupees(Rs.),15.6,3.5,Yellow,Good,3.0 - 3.9 (Moderate),332,20.33,498,3884.4
2783,3269,1800.0,Indian Rupees(Rs.),21.6,2.4,Red,Poor,< 3.0 (Low),92,10.88,92,993.6
2784,3935,1000.0,Indian Rupees(Rs.),12.0,2.9,Orange,Average,< 3.0 (Low),120,13.91,180,1080.0
2785,4166,1500.0,Indian Rupees(Rs.),18.0,3.4,Orange,Average,3.0 - 3.9 (Moderate),137,16.75,206,1854.0
2786,3936,1100.0,Indian Rupees(Rs.),13.2,3.6,Yellow,Good,3.0 - 3.9 (Moderate),158,18.25,237,1564.2
2787,5227,1500.0,Indian Rupees(Rs.),18.0,2.7,Orange,Average,< 3.0 (Low),9,6.22,9,81.0
2788,1862,300.0,Indian Rupees(Rs.),3.6,2.6,Orange,Average,< 3.0 (Low),38,9.53,57,102.6
2789,819,2000.0,Indian Rupees(Rs.),24.0,3.2,Orange,Average,3.0 - 3.9 (Moderate),59,13.1,59,708.0
2790,2236,200.0,Indian Rupees(Rs.),2.4,2.8,Orange,Average,< 3.0 (Low),4,4.51,4,4.8
2791,4150,1100.0,Indian Rupees(Rs.),13.2,2.5,Orange,Average,< 3.0 (Low),98,11.49,147,970.2
2792,6394,250.0,Indian Rupees(Rs.),3.0,2.8,Orange,Average,< 3.0 (Low),11,6.96,11,16.5
2793,1867,250.0,Indian Rupees(Rs.),3.0,3.0,Orange,Average,3.0 - 3.9 (Moderate),11,7.45,11,16.5
2794,2608,150.0,Indian Rupees(Rs.),1.8,3.1,Orange,Average,3.0 - 3.9 (Moderate),14,8.39,14,12.6
2795,8388,700.0,Indian Rupees(Rs.),8.4,2.4,Red,Poor,< 3.0 (Low),71,10.26,71,298.2
2796,3465,400.0,Indian Rupees(Rs.),4.8,2.4,Red,Poor,< 3.0 (Low),33,8.46,50,120.0
2797,301581,1500.0,Indian Rupees(Rs.),18.0,0.0,White,Not rated,Unrated,2,0.0,2,18.0
2798,823,850.0,Indian Rupees(Rs.),10.2,3.3,Orange,Average,3.0 - 3.9 (Moderate),85,14.7,128,652.8
2799,18421499,600.0,Indian Rupees(Rs.),7.2,2.9,Orange,Average,< 3.0 (Low),10,6.95,10,36.0
2800,846,700.0,Indian Rupees(Rs.),8.4,2.7,Orange,Average,< 3.0 (Low),8,5.93,8,33.6
2801,816,700.0,Indian Rupees(Rs.),8.4,2.9,Orange,Average,< 3.0 (Low),16,8.22,16,67.2
2802,4055,450.0,Indian Rupees(Rs.),5.4,3.4,Orange,Average,3.0 - 3.9 (Moderate),113,16.1,113,305.1
2803,18312487,450.0,Indian Rupees(Rs.),5.4,3.0,Orange,Average,3.0 - 3.9 (Moderate),4,4.83,4,10.8
2804,1630,800.0,Indian Rupees(Rs.),9.6,3.2,Orange,Average,3.0 - 3.9 (Moderate),17,9.25,17,81.6
2805,308261,450.0,Indian Rupees(Rs.),5.4,2.7,Orange,Average,< 3.0 (Low),33,9.52,33,89.1
2806,2587,800.0,Indian Rupees(Rs.),9.6,2.9,Orange,Average,< 3.0 (Low),66,12.19,66,316.8
2807,849,800.0,Indian Rupees(Rs.),9.6,3.4,Orange,Average,3.0 - 3.9 (Moderate),34,12.09,34,163.2
2808,848,700.0,Indian Rupees(Rs.),8.4,2.8,Orange,Average,< 3.0 (Low),31,9.7,31,130.2
2809,852,900.0,Indian Rupees(Rs.),10.8,3.2,Orange,Average,3.0 - 3.9 (Moderate),17,9.25,17,91.8
2810,312194,600.0,Indian Rupees(Rs.),7.2,3.0,Orange,Average,3.0 - 3.9 (Moderate),4,4.83,4,14.4
2811,7643,200.0,Indian Rupees(Rs.),2.4,2.8,Orange,Average,< 3.0 (Low),5,5.02,5,6.0
2812,3238,1650.0,Indian Rupees(Rs.),19.8,2.9,Orange,Average,< 3.0 (Low),10,6.95,10,99.0
2813,18396184,500.0,Indian Rupees(Rs.),6.0,2.9,Orange,Average,< 3.0 (Low),4,4.67,4,12.0
2814,847,900.0,Indian Rupees(Rs.),10.8,3.4,Orange,Average,3.0 - 3.9 (Moderate),60,13.98,60,324.0
2815,7575,700.0,Indian Rupees(Rs.),8.4,3.2,Orange,Average,3.0 - 3.9 (Moderate),14,8.67,14,58.8
2816,850,700.0,Indian Rupees(Rs.),8.4,3.1,Orange,Average,3.0 - 3.9 (Moderate),10,7.43,10,42.0
2817,311856,700.0,Indian Rupees(Rs.),8.4,3.0,Orange,Average,3.0 - 3.9 (Moderate),7,6.24,7,29.4
2818,851,600.0,Indian Rupees(Rs.),7.2,3.4,Orange,Average,3.0 - 3.9 (Moderate),161,17.3,161,579.6
2819,18228885,300.0,Indian Rupees(Rs.),3.6,3.4,Orange,Average,3.0 - 3.9 (Moderate),28,11.45,28,50.4
2820,824,800.0,Indian Rupees(Rs.),9.6,3.7,Yellow,Good,3.0 - 3.9 (Moderate),137,18.23,206,988.8
2821,301102,400.0,Indian Rupees(Rs.),4.8,3.7,Yellow,Good,3.0 - 3.9 (Moderate),203,19.68,203,487.2
2822,18238246,450.0,Indian Rupees(Rs.),5.4,3.5,Yellow,Good,3.0 - 3.9 (Moderate),20,10.66,20,54.0
2823,6003,600.0,Indian Rupees(Rs.),7.2,3.5,Yellow,Good,3.0 - 3.9 (Moderate),218,18.86,218,784.8
2824,18469659,350.0,Indian Rupees(Rs.),4.2,0.0,White,Not rated,Unrated,0,0.0,0,0.0
2825,18288994,300.0,Indian Rupees(Rs.),3.6,0.0,White,Not rated,Unrated,1,0.0,1,1.8
2826,845,650.0,Indian Rupees(Rs.),7.8,0.0,White,Not rated,Unrated,2,0.0,2,7.8
2827,18466422,3000.0,Indian Rupees(Rs.),36.0,0.0,White,Not rated,Unrated,3,0.0,3,54.0
2828,815,1600.0,Indian Rupees(Rs.),19.2,2.4,Red,Poor,< 3.0 (Low),164,12.25,164,1574.4
2829,305296,500.0,Indian Rupees(Rs.),6.0,2.1,Red,Poor,< 3.0 (Low),138,10.36,138,414.0
2830,6079,200.0,Indian Rupees(Rs.),2.4,3.3,Orange,Average,3.0 - 3.9 (Moderate),21,10.2,21,25.2
2831,6117,150.0,Indian Rupees(Rs.),1.8,3.1,Orange,Average,3.0 - 3.9 (Moderate),6,6.03,6,5.4
2832,18082202,700.0,Indian Rupees(Rs.),8.4,3.0,Orange,Average,3.0 - 3.9 (Moderate),10,7.19,10,42.0
2833,308574,200.0,Indian Rupees(Rs.),2.4,3.2,Orange,Average,3.0 - 3.9 (Moderate),10,7.67,10,12.0
2834,6123,300.0,Indian Rupees(Rs.),3.6,2.9,Orange,Average,< 3.0 (Low),6,5.64,6,10.8
2835,312157,500.0,Indian Rupees(Rs.),6.0,3.1,Orange,Average,3.0 - 3.9 (Moderate),15,8.6,15,45.0
2836,302490,400.0,Indian Rupees(Rs.),4.8,3.0,Orange,Average,3.0 - 3.9 (Moderate),12,7.69,12,28.8
2837,304697,300.0,Indian Rupees(Rs.),3.6,3.4,Orange,Average,3.0 - 3.9 (Moderate),29,11.56,29,52.2
2838,307713,150.0,Indian Rupees(Rs.),1.8,3.0,Orange,Average,3.0 - 3.9 (Moderate),9,6.91,9,8.1
2839,18384137,300.0,Indian Rupees(Rs.),3.6,3.1,Orange,Average,3.0 - 3.9 (Moderate),4,4.99,4,7.2
2840,5459,150.0,Indian Rupees(Rs.),1.8,3.2,Orange,Average,3.0 - 3.9 (Moderate),225,17.35,225,202.5
2841,311703,100.0,Indian Rupees(Rs.),1.2,3.2,Orange,Average,3.0 - 3.9 (Moderate),8,7.03,8,4.8
2842,308006,300.0,Indian Rupees(Rs.),3.6,3.0,Orange,Average,3.0 - 3.9 (Moderate),5,5.38,5,9.0
2843,4053,550.0,Indian Rupees(Rs.),6.6,2.8,Orange,Average,< 3.0 (Low),42,10.53,42,138.6
2844,5468,200.0,Indian Rupees(Rs.),2.4,3.1,Orange,Average,3.0 - 3.9 (Moderate),16,8.78,16,19.2
2845,5453,400.0,Indian Rupees(Rs.),4.8,3.2,Orange,Average,3.0 - 3.9 (Moderate),39,11.8,39,93.6
2846,681,350.0,Indian Rupees(Rs.),4.2,2.5,Orange,Average,< 3.0 (Low),49,9.78,49,102.9
2847,308008,250.0,Indian Rupees(Rs.),3.0,3.0,Orange,Average,3.0 - 3.9 (Moderate),20,9.13,20,30.0
2848,18272386,300.0,Indian Rupees(Rs.),3.6,2.8,Orange,Average,< 3.0 (Low),4,4.51,4,7.2
2849,306380,450.0,Indian Rupees(Rs.),5.4,2.9,Orange,Average,< 3.0 (Low),5,5.2,5,13.5
2850,312936,100.0,Indian Rupees(Rs.),1.2,3.3,Orange,Average,3.0 - 3.9 (Moderate),16,9.35,16,9.6
2851,6698,500.0,Indian Rupees(Rs.),6.0,3.0,Orange,Average,3.0 - 3.9 (Moderate),57,12.18,57,171.0
2852,9961,500.0,Indian Rupees(Rs.),6.0,3.0,Orange,Average,3.0 - 3.9 (Moderate),42,11.28,42,126.0
2853,312925,300.0,Indian Rupees(Rs.),3.6,3.4,Orange,Average,3.0 - 3.9 (Moderate),21,10.51,21,37.8
2854,18342132,100.0,Indian Rupees(Rs.),1.2,3.0,Orange,Average,3.0 - 3.9 (Moderate),4,4.83,4,2.4
2855,18323461,50.0,Indian Rupees(Rs.),0.6,3.2,Orange,Average,3.0 - 3.9 (Moderate),11,7.95,11,3.3
2856,5466,150.0,Indian Rupees(Rs.),1.8,3.0,Orange,Average,3.0 - 3.9 (Moderate),53,11.97,53,47.7
2857,18232088,150.0,Indian Rupees(Rs.),1.8,3.2,Orange,Average,3.0 - 3.9 (Moderate),7,6.65,7,6.3
2858,304743,100.0,Indian Rupees(Rs.),1.2,3.4,Orange,Average,3.0 - 3.9 (Moderate),23,10.81,23,13.8
2859,18128897,150.0,Indian Rupees(Rs.),1.8,2.9,Orange,Average,< 3.0 (Low),4,4.67,4,3.6
2860,18211151,100.0,Indian Rupees(Rs.),1.2,3.0,Orange,Average,3.0 - 3.9 (Moderate),5,5.38,5,3.0
2861,5460,100.0,Indian Rupees(Rs.),1.2,3.0,Orange,Average,3.0 - 3.9 (Moderate),9,6.91,9,5.4
2862,311492,100.0,Indian Rupees(Rs.),1.2,3.2,Orange,Average,3.0 - 3.9 (Moderate),16,9.07,16,9.6
2863,303643,100.0,Indian Rupees(Rs.),1.2,3.4,Orange,Average,3.0 - 3.9 (Moderate),18,10.01,18,10.8
2864,9156,400.0,Indian Rupees(Rs.),4.8,3.1,Orange,Average,3.0 - 3.9 (Moderate),14,8.39,14,33.6
2865,9160,400.0,Indian Rupees(Rs.),4.8,2.9,Orange,Average,< 3.0 (Low),7,6.03,7,16.8
2866,18235302,300.0,Indian Rupees(Rs.),3.6,3.0,Orange,Average,3.0 - 3.9 (Moderate),4,4.83,4,7.2
2867,9157,250.0,Indian Rupees(Rs.),3.0,2.9,Orange,Average,< 3.0 (Low),5,5.2,5,7.5
2868,9159,100.0,Indian Rupees(Rs.),1.2,3.1,Orange,Average,3.0 - 3.9 (Moderate),5,5.55,5,3.0
2869,6706,450.0,Indian Rupees(Rs.),5.4,2.8,Orange,Average,< 3.0 (Low),59,11.46,59,159.3
2870,18082089,550.0,Indian Rupees(Rs.),6.6,3.3,Orange,Average,3.0 - 3.9 (Moderate),10,7.91,10,33.0
2871,312693,200.0,Indian Rupees(Rs.),2.4,3.7,Yellow,Good,3.0 - 3.9 (Moderate),30,12.71,30,36.0
2872,308209,100.0,Indian Rupees(Rs.),1.2,3.8,Yellow,Good,3.0 - 3.9 (Moderate),112,17.96,112,67.2
2873,306017,100.0,Indian Rupees(Rs.),1.2,3.8,Yellow,Good,3.0 - 3.9 (Moderate),59,15.56,59,35.4
2874,304737,150.0,Indian Rupees(Rs.),1.8,3.7,Yellow,Good,3.0 - 3.9 (Moderate),40,13.74,40,36.0
2875,308318,150.0,Indian Rupees(Rs.),1.8,3.8,Yellow,Good,3.0 - 3.9 (Moderate),116,18.1,116,104.4
2876,552,600.0,Indian Rupees(Rs.),7.2,3.9,Yellow,Good,3.0 - 3.9 (Moderate),444,23.78,444,1598.4
2877,6704,300.0,Indian Rupees(Rs.),3.6,3.9,Yellow,Good,3.0 - 3.9 (Moderate),163,19.89,163,293.4
2878,309722,100.0,Indian Rupees(Rs.),1.2,3.7,Yellow,Good,3.0 - 3.9 (Moderate),19,11.08,19,11.4
2879,18286206,400.0,Indian Rupees(Rs.),4.8,3.7,Yellow,Good,3.0 - 3.9 (Moderate),63,15.39,63,151.2
2880,308894,150.0,Indian Rupees(Rs.),1.8,3.6,Yellow,Good,3.0 - 3.9 (Moderate),43,13.62,43,38.7
2881,7545,100.0,Indian Rupees(Rs.),1.2,3.9,Yellow,Good,3.0 - 3.9 (Moderate),1487,28.49,1487,892.2
2882,9165,100.0,Indian Rupees(Rs.),1.2,3.9,Yellow,Good,3.0 - 3.9 (Moderate),752,25.83,752,451.2
2883,5458,150.0,Indian Rupees(Rs.),1.8,3.6,Yellow,Good,3.0 - 3.9 (Moderate),437,21.9,437,393.3
2884,5467,150.0,Indian Rupees(Rs.),1.8,3.6,Yellow,Good,3.0 - 3.9 (Moderate),297,20.51,297,267.3
2885,9161,100.0,Indian Rupees(Rs.),1.2,3.8,Yellow,Good,3.0 - 3.9 (Moderate),76,16.51,76,45.6
2886,302869,100.0,Indian Rupees(Rs.),1.2,3.5,Yellow,Good,3.0 - 3.9 (Moderate),21,10.82,21,12.6
2887,1889,200.0,Indian Rupees(Rs.),2.4,3.5,Yellow,Good,3.0 - 3.9 (Moderate),51,13.83,51,61.2
2888,18466395,100.0,Indian Rupees(Rs.),1.2,0.0,White,Not rated,Unrated,1,0.0,1,0.6
2889,18469682,300.0,Indian Rupees(Rs.),3.6,0.0,White,Not rated,Unrated,0,0.0,0,0.0
2890,18466396,100.0,Indian Rupees(Rs.),1.2,0.0,White,Not rated,Unrated,0,0.0,0,0.0
2891,18466402,300.0,Indian Rupees(Rs.),3.6,0.0,White,Not rated,Unrated,0,0.0,0,0.0
2892,302859,200.0,Indian Rupees(Rs.),2.4,0.0,White,Not rated,Unrated,1,0.0,1,1.2
2893,308533,300.0,Indian Rupees(Rs.),3.6,0.0,White,Not rated,Unrated,2,0.0,2,3.6
2894,18462596,200.0,Indian Rupees(Rs.),2.4,0.0,White,Not rated,Unrated,0,0.0,0,0.0
2895,18333489,200.0,Indian Rupees(Rs.),2.4,0.0,White,Not rated,Unrated,3,0.0,3,3.6
2896,18408052,100.0,Indian Rupees(Rs.),1.2,0.0,White,Not rated,Unrated,3,0.0,3,1.8
2897,302871,400.0,Indian Rupees(Rs.),4.8,0.0,White,Not rated,Unrated,0,0.0,0,0.0
2898,18425711,50.0,Indian Rupees(Rs.),0.6,0.0,White,Not rated,Unrated,0,0.0,0,0.0
2899,310678,100.0,Indian Rupees(Rs.),1.2,0.0,White,Not rated,Unrated,2,0.0,2,1.2
2900,300178,200.0,Indian Rupees(Rs.),2.4,4.2,Green,Very Good,4.0 - 4.4 (High),382,24.98,382,458.4
2901,1155,150.0,Indian Rupees(Rs.),1.8,4.3,Green,Very Good,4.0 - 4.4 (High),521,26.91,521,468.9
2902,9166,50.0,Indian Rupees(Rs.),0.6,4.1,Green,Very Good,4.0 - 4.4 (High),405,24.63,608,182.4
2903,18264992,3000.0,Indian Rupees(Rs.),36.0,4.4,Green,Very Good,4.0 - 4.4 (High),305,25.18,305,5490.0
2904,18282012,100.0,Indian Rupees(Rs.),1.2,3.1,Orange,Average,3.0 - 3.9 (Moderate),6,6.03,6,3.6
2905,303642,200.0,Indian Rupees(Rs.),2.4,4.5,Dark Green,Excellent,4.5 - 5.0 (Top Tier),545,28.36,545,654.0
2906,18281967,100.0,Indian Rupees(Rs.),1.2,3.6,Yellow,Good,3.0 - 3.9 (Moderate),18,10.6,18,10.8
2907,18082228,300.0,Indian Rupees(Rs.),3.6,3.9,Yellow,Good,3.0 - 3.9 (Moderate),36,14.08,36,64.8
2908,301287,300.0,Indian Rupees(Rs.),3.6,3.6,Yellow,Good,3.0 - 3.9 (Moderate),185,18.81,185,333.0
2909,308192,100.0,Indian Rupees(Rs.),1.2,3.6,Yellow,Good,3.0 - 3.9 (Moderate),27,12.0,27,16.2
2910,306015,200.0,Indian Rupees(Rs.),2.4,3.6,Yellow,Good,3.0 - 3.9 (Moderate),31,12.48,31,37.2
2911,311002,150.0,Indian Rupees(Rs.),1.8,3.7,Yellow,Good,3.0 - 3.9 (Moderate),54,14.83,54,48.6
2912,313511,100.0,Indian Rupees(Rs.),1.2,3.7,Yellow,Good,3.0 - 3.9 (Moderate),21,11.44,21,12.6
2913,311022,100.0,Indian Rupees(Rs.),1.2,4.1,Green,Very Good,4.0 - 4.4 (High),118,19.59,118,70.8
2914,303644,150.0,Indian Rupees(Rs.),1.8,4.1,Green,Very Good,4.0 - 4.4 (High),169,21.06,169,152.1
2915,307218,150.0,Indian Rupees(Rs.),1.8,4.1,Green,Very Good,4.0 - 4.4 (High),200,21.74,200,180.0
2916,304018,500.0,Indian Rupees(Rs.),6.0,2.7,Orange,Average,< 3.0 (Low),23,8.58,34,102.0
2917,18239781,300.0,Indian Rupees(Rs.),3.6,3.1,Orange,Average,3.0 - 3.9 (Moderate),7,6.45,7,12.6
2918,18364354,800.0,Indian Rupees(Rs.),9.6,3.0,Orange,Average,3.0 - 3.9 (Moderate),4,4.83,4,19.2
2919,18175256,500.0,Indian Rupees(Rs.),6.0,3.2,Orange,Average,3.0 - 3.9 (Moderate),26,10.55,26,78.0
2920,7623,300.0,Indian Rupees(Rs.),3.6,2.7,Orange,Average,< 3.0 (Low),22,8.47,22,39.6
2921,17953899,1000.0,Indian Rupees(Rs.),12.0,3.0,Orange,Average,3.0 - 3.9 (Moderate),70,12.79,105,630.0
2922,309756,250.0,Indian Rupees(Rs.),3.0,3.3,Orange,Average,3.0 - 3.9 (Moderate),26,10.88,26,39.0
2923,2595,500.0,Indian Rupees(Rs.),6.0,3.4,Orange,Average,3.0 - 3.9 (Moderate),404,20.41,606,1818.0
2924,7620,150.0,Indian Rupees(Rs.),1.8,3.2,Orange,Average,3.0 - 3.9 (Moderate),35,11.47,35,31.5
2925,309161,400.0,Indian Rupees(Rs.),4.8,2.7,Orange,Average,< 3.0 (Low),135,13.26,135,324.0
2926,18249081,600.0,Indian Rupees(Rs.),7.2,2.9,Orange,Average,< 3.0 (Low),16,8.22,24,86.4
2927,3632,500.0,Indian Rupees(Rs.),6.0,2.9,Orange,Average,< 3.0 (Low),39,10.7,58,174.0
2928,7602,300.0,Indian Rupees(Rs.),3.6,3.4,Orange,Average,3.0 - 3.9 (Moderate),18,10.01,18,32.4
2929,1712,400.0,Indian Rupees(Rs.),4.8,2.7,Orange,Average,< 3.0 (Low),29,9.18,29,69.6
2930,300984,250.0,Indian Rupees(Rs.),3.0,3.3,Orange,Average,3.0 - 3.9 (Moderate),27,11.0,27,40.5
2931,18429374,500.0,Indian Rupees(Rs.),6.0,3.2,Orange,Average,3.0 - 3.9 (Moderate),13,8.44,13,39.0
2932,18354627,300.0,Indian Rupees(Rs.),3.6,3.3,Orange,Average,3.0 - 3.9 (Moderate),18,9.72,27,48.6
2933,301522,500.0,Indian Rupees(Rs.),6.0,2.7,Orange,Average,< 3.0 (Low),14,7.31,14,42.0
2934,4973,600.0,Indian Rupees(Rs.),7.2,2.5,Orange,Average,< 3.0 (Low),59,10.24,88,316.8
2935,3504,550.0,Indian Rupees(Rs.),6.6,2.7,Orange,Average,< 3.0 (Low),70,11.51,70,231.0
2936,18459885,250.0,Indian Rupees(Rs.),3.0,3.1,Orange,Average,3.0 - 3.9 (Moderate),9,7.14,9,13.5
2937,301405,350.0,Indian Rupees(Rs.),4.2,2.6,Orange,Average,< 3.0 (Low),71,11.12,106,222.6
2938,18457499,1000.0,Indian Rupees(Rs.),12.0,3.1,Orange,Average,3.0 - 3.9 (Moderate),5,5.55,5,30.0
2939,18445801,500.0,Indian Rupees(Rs.),6.0,2.9,Orange,Average,< 3.0 (Low),7,6.03,10,30.0
2940,18355107,250.0,Indian Rupees(Rs.),3.0,3.2,Orange,Average,3.0 - 3.9 (Moderate),16,9.07,16,24.0
2941,18175328,1200.0,Indian Rupees(Rs.),14.4,3.2,Orange,Average,3.0 - 3.9 (Moderate),14,8.67,14,100.8
2942,7613,150.0,Indian Rupees(Rs.),1.8,3.2,Orange,Average,3.0 - 3.9 (Moderate),17,9.25,17,15.3
2943,7599,150.0,Indian Rupees(Rs.),1.8,3.7,Yellow,Good,3.0 - 3.9 (Moderate),55,14.89,55,49.5
2944,302936,100.0,Indian Rupees(Rs.),1.2,3.6,Yellow,Good,3.0 - 3.9 (Moderate),46,13.86,46,27.6
2945,4608,100.0,Indian Rupees(Rs.),1.2,3.8,Yellow,Good,3.0 - 3.9 (Moderate),112,17.96,168,100.8
2946,7636,100.0,Indian Rupees(Rs.),1.2,3.7,Yellow,Good,3.0 - 3.9 (Moderate),99,17.04,99,59.4
2947,18373691,600.0,Indian Rupees(Rs.),7.2,3.9,Yellow,Good,3.0 - 3.9 (Moderate),109,18.33,164,590.4
2948,7634,500.0,Indian Rupees(Rs.),6.0,3.6,Yellow,Good,3.0 - 3.9 (Moderate),458,22.06,687,2061.0
2949,306028,650.0,Indian Rupees(Rs.),7.8,3.5,Yellow,Good,3.0 - 3.9 (Moderate),443,21.34,664,2589.6
2950,311637,100.0,Indian Rupees(Rs.),1.2,3.7,Yellow,Good,3.0 - 3.9 (Moderate),33,13.05,33,19.8
2951,18396171,400.0,Indian Rupees(Rs.),4.8,0.0,White,Not rated,Unrated,0,0.0,0,0.0
2952,18282004,300.0,Indian Rupees(Rs.),3.6,0.0,White,Not rated,Unrated,2,0.0,2,3.6
2953,17989134,100.0,Indian Rupees(Rs.),1.2,0.0,White,Not rated,Unrated,2,0.0,2,1.2
2954,18371396,450.0,Indian Rupees(Rs.),5.4,0.0,White,Not rated,Unrated,1,0.0,1,2.7
2955,18396942,300.0,Indian Rupees(Rs.),3.6,0.0,White,Not rated,Unrated,2,0.0,2,3.6
2956,18311930,1500.0,Indian Rupees(Rs.),18.0,0.0,White,Not rated,Unrated,1,0.0,1,9.0
2957,18481320,400.0,Indian Rupees(Rs.),4.8,0.0,White,Not rated,Unrated,0,0.0,0,0.0
2958,7635,300.0,Indian Rupees(Rs.),3.6,0.0,White,Not rated,Unrated,2,0.0,2,3.6
2959,7601,150.0,Indian Rupees(Rs.),1.8,0.0,White,Not rated,Unrated,2,0.0,2,1.8
2960,18471314,500.0,Indian Rupees(Rs.),6.0,0.0,White,Not rated,Unrated,0,0.0,0,0.0
2961,309080,600.0,Indian Rupees(Rs.),7.2,2.4,Red,Poor,< 3.0 (Low),41,8.97,62,223.2
2962,1358,600.0,Indian Rupees(Rs.),7.2,2.3,Red,Poor,< 3.0 (Low),38,8.43,57,205.2
2963,5890,1200.0,Indian Rupees(Rs.),14.4,3.4,Orange,Average,3.0 - 3.9 (Moderate),134,16.68,134,964.8
2964,306513,1300.0,Indian Rupees(Rs.),15.6,2.8,Orange,Average,< 3.0 (Low),153,14.1,230,1794.0
2965,3089,2000.0,Indian Rupees(Rs.),24.0,3.2,Orange,Average,3.0 - 3.9 (Moderate),455,19.59,455,5460.0
2966,7061,1450.0,Indian Rupees(Rs.),17.4,3.5,Yellow,Good,3.0 - 3.9 (Moderate),609,22.45,609,5298.3
2967,18466981,600.0,Indian Rupees(Rs.),7.2,3.1,Orange,Average,3.0 - 3.9 (Moderate),6,6.03,9,32.4
2968,311093,300.0,Indian Rupees(Rs.),3.6,3.2,Orange,Average,3.0 - 3.9 (Moderate),17,9.25,17,30.6
2969,1055,1200.0,Indian Rupees(Rs.),14.4,3.0,Orange,Average,3.0 - 3.9 (Moderate),126,14.53,189,1360.8
2970,18144470,400.0,Indian Rupees(Rs.),4.8,3.0,Orange,Average,3.0 - 3.9 (Moderate),4,4.83,4,9.6
2971,4089,150.0,Indian Rupees(Rs.),1.8,3.0,Orange,Average,3.0 - 3.9 (Moderate),14,8.12,14,12.6
2972,311030,1200.0,Indian Rupees(Rs.),14.4,3.5,Yellow,Good,3.0 - 3.9 (Moderate),282,19.76,282,2030.4
2973,9927,300.0,Indian Rupees(Rs.),3.6,3.6,Yellow,Good,3.0 - 3.9 (Moderate),95,16.43,95,171.0
2974,18261146,150.0,Indian Rupees(Rs.),1.8,0.0,White,Not rated,Unrated,0,0.0,0,0.0
2975,18424867,150.0,Indian Rupees(Rs.),1.8,0.0,White,Not rated,Unrated,0,0.0,0,0.0
2976,18361206,100.0,Indian Rupees(Rs.),1.2,0.0,White,Not rated,Unrated,0,0.0,0,0.0
2977,18424863,300.0,Indian Rupees(Rs.),3.6,0.0,White,Not rated,Unrated,0,0.0,0,0.0
2978,18361208,300.0,Indian Rupees(Rs.),3.6,0.0,White,Not rated,Unrated,0,0.0,0,0.0
2979,18398580,450.0,Indian Rupees(Rs.),5.4,0.0,White,Not rated,Unrated,1,0.0,1,2.7
2980,18424871,150.0,Indian Rupees(Rs.),1.8,0.0,White,Not rated,Unrated,1,0.0,1,0.9
2981,18245298,1500.0,Indian Rupees(Rs.),18.0,4.0,Green,Very Good,4.0 - 4.4 (High),225,21.68,225,2025.0
2982,2578,400.0,Indian Rupees(Rs.),4.8,3.1,Orange,Average,3.0 - 3.9 (Moderate),28,10.44,28,67.2
2983,709,300.0,Indian Rupees(Rs.),3.6,3.3,Orange,Average,3.0 - 3.9 (Moderate),38,12.09,57,102.6
2984,1530,600.0,Indian Rupees(Rs.),7.2,2.8,Orange,Average,< 3.0 (Low),54,11.22,54,194.4
2985,1401,400.0,Indian Rupees(Rs.),4.8,2.8,Orange,Average,< 3.0 (Low),32,9.79,32,76.8
2986,602,750.0,Indian Rupees(Rs.),9.0,3.2,Orange,Average,3.0 - 3.9 (Moderate),42,12.04,42,189.0
2987,18175255,450.0,Indian Rupees(Rs.),5.4,2.9,Orange,Average,< 3.0 (Low),10,6.95,10,27.0
2988,2245,300.0,Indian Rupees(Rs.),3.6,2.8,Orange,Average,< 3.0 (Low),27,9.33,27,48.6
2989,2585,600.0,Indian Rupees(Rs.),7.2,3.2,Orange,Average,3.0 - 3.9 (Moderate),35,11.47,52,187.2
2990,908,1600.0,Indian Rupees(Rs.),19.2,2.5,Orange,Average,< 3.0 (Low),82,11.05,123,1180.8
2991,924,500.0,Indian Rupees(Rs.),6.0,3.2,Orange,Average,3.0 - 3.9 (Moderate),24,10.3,24,72.0
2992,7715,500.0,Indian Rupees(Rs.),6.0,2.9,Orange,Average,< 3.0 (Low),14,7.85,14,42.0
2993,9476,200.0,Indian Rupees(Rs.),2.4,2.8,Orange,Average,< 3.0 (Low),16,7.93,16,19.2
2994,7686,450.0,Indian Rupees(Rs.),5.4,3.0,Orange,Average,3.0 - 3.9 (Moderate),11,7.45,11,29.7
2995,305621,600.0,Indian Rupees(Rs.),7.2,3.1,Orange,Average,3.0 - 3.9 (Moderate),14,8.39,14,50.4
2996,1324,150.0,Indian Rupees(Rs.),1.8,3.5,Yellow,Good,3.0 - 3.9 (Moderate),91,15.83,91,81.9
2997,927,1400.0,Indian Rupees(Rs.),16.8,3.7,Yellow,Good,3.0 - 3.9 (Moderate),110,17.43,165,1386.0
2998,929,2400.0,Indian Rupees(Rs.),28.8,3.9,Yellow,Good,3.0 - 3.9 (Moderate),886,26.47,1329,19137.6
2999,18256780,400.0,Indian Rupees(Rs.),4.8,0.0,White,Not rated,Unrated,3,0.0,3,7.2
3000,53,1800.0,Indian Rupees(Rs.),21.6,2.6,Orange,Average,< 3.0 (Low),152,13.08,228,2462.4
3001,307271,1300.0,Indian Rupees(Rs.),15.6,2.9,Orange,Average,< 3.0 (Low),140,14.35,140,1092.0
3002,596,450.0,Indian Rupees(Rs.),5.4,3.4,Orange,Average,3.0 - 3.9 (Moderate),277,19.13,416,1123.2
3003,1127,1350.0,Indian Rupees(Rs.),16.2,3.1,Orange,Average,3.0 - 3.9 (Moderate),1099,21.71,1099,8901.9
3004,4237,600.0,Indian Rupees(Rs.),7.2,3.4,Orange,Average,3.0 - 3.9 (Moderate),76,14.77,76,273.6
3005,6357,400.0,Indian Rupees(Rs.),4.8,3.2,Orange,Average,3.0 - 3.9 (Moderate),89,14.4,134,321.6
3006,18124357,1300.0,Indian Rupees(Rs.),15.6,3.4,Orange,Average,3.0 - 3.9 (Moderate),1523,24.92,2284,17815.2
3007,2913,1600.0,Indian Rupees(Rs.),19.2,3.0,Orange,Average,3.0 - 3.9 (Moderate),671,19.53,1006,9657.6
3008,3506,200.0,Indian Rupees(Rs.),2.4,3.3,Orange,Average,3.0 - 3.9 (Moderate),1300,23.66,1300,1560.0
3009,6957,1000.0,Indian Rupees(Rs.),12.0,2.7,Orange,Average,< 3.0 (Low),2460,21.08,2460,14760.0
3010,304154,1000.0,Indian Rupees(Rs.),12.0,2.5,Orange,Average,< 3.0 (Low),1096,17.5,1096,6576.0
3011,320,600.0,Indian Rupees(Rs.),7.2,3.4,Orange,Average,3.0 - 3.9 (Moderate),499,21.13,748,2692.8
3012,310097,1100.0,Indian Rupees(Rs.),13.2,3.2,Orange,Average,3.0 - 3.9 (Moderate),563,20.27,563,3715.8
3013,18418277,1500.0,Indian Rupees(Rs.),18.0,4.7,Dark Green,Excellent,4.5 - 5.0 (Top Tier),52,18.66,52,468.0
3014,310143,150.0,Indian Rupees(Rs.),1.8,4.9,Dark Green,Excellent,4.5 - 5.0 (Top Tier),2620,38.57,3930,3537.0
3015,18357940,1800.0,Indian Rupees(Rs.),21.6,4.7,Dark Green,Excellent,4.5 - 5.0 (Top Tier),242,25.82,363,3920.4
3016,300595,550.0,Indian Rupees(Rs.),6.6,3.6,Yellow,Good,3.0 - 3.9 (Moderate),485,22.27,485,1600.5
3017,55,1100.0,Indian Rupees(Rs.),13.2,3.9,Yellow,Good,3.0 - 3.9 (Moderate),2639,30.73,3958,26122.8
3018,3168,1100.0,Indian Rupees(Rs.),13.2,3.7,Yellow,Good,3.0 - 3.9 (Moderate),706,24.28,706,4659.6
3019,310448,500.0,Indian Rupees(Rs.),6.0,3.8,Yellow,Good,3.0 - 3.9 (Moderate),2093,29.06,3140,9420.0
3020,18237356,500.0,Indian Rupees(Rs.),6.0,3.6,Yellow,Good,3.0 - 3.9 (Moderate),548,22.71,822,2466.0
3021,303034,700.0,Indian Rupees(Rs.),8.4,3.6,Yellow,Good,3.0 - 3.9 (Moderate),361,21.21,361,1516.2
3022,18070476,1500.0,Indian Rupees(Rs.),18.0,3.7,Yellow,Good,3.0 - 3.9 (Moderate),873,25.06,1310,11790.0
3023,18208892,1200.0,Indian Rupees(Rs.),14.4,3.7,Yellow,Good,3.0 - 3.9 (Moderate),673,24.1,673,4845.6
3024,18157403,1200.0,Indian Rupees(Rs.),14.4,3.7,Yellow,Good,3.0 - 3.9 (Moderate),834,24.89,834,6004.8
3025,18306523,800.0,Indian Rupees(Rs.),9.6,3.6,Yellow,Good,3.0 - 3.9 (Moderate),877,24.4,877,4209.6
3026,309664,1400.0,Indian Rupees(Rs.),16.8,3.9,Yellow,Good,3.0 - 3.9 (Moderate),1503,28.53,2254,18933.6
3027,302878,500.0,Indian Rupees(Rs.),6.0,3.9,Yellow,Good,3.0 - 3.9 (Moderate),3206,31.49,3206,9618.0
3028,18237315,400.0,Indian Rupees(Rs.),4.8,3.9,Yellow,Good,3.0 - 3.9 (Moderate),487,24.14,730,1752.0
3029,305453,1700.0,Indian Rupees(Rs.),20.4,3.9,Yellow,Good,3.0 - 3.9 (Moderate),2003,29.65,3004,30640.8
3030,308804,1800.0,Indian Rupees(Rs.),21.6,3.9,Yellow,Good,3.0 - 3.9 (Moderate),496,24.21,496,5356.8
3031,311373,1400.0,Indian Rupees(Rs.),16.8,3.9,Yellow,Good,3.0 - 3.9 (Moderate),841,26.27,1262,10600.8
3032,143,700.0,Indian Rupees(Rs.),8.4,3.7,Yellow,Good,3.0 - 3.9 (Moderate),336,21.53,336,1411.2
3033,308772,600.0,Indian Rupees(Rs.),7.2,3.8,Yellow,Good,3.0 - 3.9 (Moderate),271,21.3,406,1461.6
3034,7855,600.0,Indian Rupees(Rs.),7.2,3.9,Yellow,Good,3.0 - 3.9 (Moderate),1607,28.79,1607,5785.2
3035,66,2000.0,Indian Rupees(Rs.),24.0,3.5,Yellow,Good,3.0 - 3.9 (Moderate),706,22.96,1059,12708.0
3036,18235515,1200.0,Indian Rupees(Rs.),14.4,3.9,Yellow,Good,3.0 - 3.9 (Moderate),1379,28.2,1379,9928.8
3037,18247029,600.0,Indian Rupees(Rs.),7.2,3.7,Yellow,Good,3.0 - 3.9 (Moderate),55,14.89,82,295.2
3038,2298,550.0,Indian Rupees(Rs.),6.6,3.9,Yellow,Good,3.0 - 3.9 (Moderate),1151,27.49,1151,3798.3
3039,310490,1300.0,Indian Rupees(Rs.),15.6,3.7,Yellow,Good,3.0 - 3.9 (Moderate),626,23.83,939,7324.2
3040,1896,250.0,Indian Rupees(Rs.),3.0,3.8,Yellow,Good,3.0 - 3.9 (Moderate),301,21.7,452,678.0
3041,18157384,1200.0,Indian Rupees(Rs.),14.4,3.8,Yellow,Good,3.0 - 3.9 (Moderate),1174,26.86,1174,8452.8
3042,2903,600.0,Indian Rupees(Rs.),7.2,3.5,Yellow,Good,3.0 - 3.9 (Moderate),2185,26.91,2185,7866.0
3043,301653,600.0,Indian Rupees(Rs.),7.2,3.5,Yellow,Good,3.0 - 3.9 (Moderate),321,20.21,482,1735.2
3044,2195,500.0,Indian Rupees(Rs.),6.0,3.7,Yellow,Good,3.0 - 3.9 (Moderate),427,22.42,640,1920.0
3045,7367,650.0,Indian Rupees(Rs.),7.8,3.7,Yellow,Good,3.0 - 3.9 (Moderate),1189,26.2,1784,6957.6
3046,309586,1600.0,Indian Rupees(Rs.),19.2,3.9,Yellow,Good,3.0 - 3.9 (Moderate),1286,27.92,1286,12345.6
3047,18398577,450.0,Indian Rupees(Rs.),5.4,3.7,Yellow,Good,3.0 - 3.9 (Moderate),41,13.83,62,167.4
3048,18435302,1200.0,Indian Rupees(Rs.),14.4,3.7,Yellow,Good,3.0 - 3.9 (Moderate),277,20.82,416,2995.2
3049,9747,1500.0,Indian Rupees(Rs.),18.0,3.6,Yellow,Good,3.0 - 3.9 (Moderate),391,21.5,391,3519.0
3050,312603,2200.0,Indian Rupees(Rs.),26.4,3.9,Yellow,Good,3.0 - 3.9 (Moderate),2589,30.65,2589,34174.8
3051,177,500.0,Indian Rupees(Rs.),6.0,3.8,Yellow,Good,3.0 - 3.9 (Moderate),388,22.66,388,1164.0
3052,9959,500.0,Indian Rupees(Rs.),6.0,3.7,Yellow,Good,3.0 - 3.9 (Moderate),108,17.36,108,324.0
3053,17953940,400.0,Indian Rupees(Rs.),4.8,3.5,Yellow,Good,3.0 - 3.9 (Moderate),95,15.98,95,228.0
3054,18441674,1400.0,Indian Rupees(Rs.),16.8,3.9,Yellow,Good,3.0 - 3.9 (Moderate),66,16.4,66,554.4
3055,307485,650.0,Indian Rupees(Rs.),7.8,3.9,Yellow,Good,3.0 - 3.9 (Moderate),310,22.39,465,1813.5
3056,311057,1000.0,Indian Rupees(Rs.),12.0,3.7,Yellow,Good,3.0 - 3.9 (Moderate),3010,29.64,3010,18060.0
3057,309955,1200.0,Indian Rupees(Rs.),14.4,3.7,Yellow,Good,3.0 - 3.9 (Moderate),1891,27.92,2836,20419.2
3058,870,900.0,Indian Rupees(Rs.),10.8,3.8,Yellow,Good,3.0 - 3.9 (Moderate),1761,28.4,1761,9509.4
3059,18265711,1400.0,Indian Rupees(Rs.),16.8,3.8,Yellow,Good,3.0 - 3.9 (Moderate),367,22.45,367,3082.8
3060,312601,1700.0,Indian Rupees(Rs.),20.4,3.8,Yellow,Good,3.0 - 3.9 (Moderate),1158,26.81,1158,11811.6
3061,3393,2400.0,Indian Rupees(Rs.),28.8,3.8,Yellow,Good,3.0 - 3.9 (Moderate),2689,30.01,2689,38721.6
3062,2504,1000.0,Indian Rupees(Rs.),12.0,3.6,Yellow,Good,3.0 - 3.9 (Moderate),1434,26.17,2151,12906.0
3063,249,1000.0,Indian Rupees(Rs.),12.0,3.5,Yellow,Good,3.0 - 3.9 (Moderate),541,22.03,812,4872.0
3064,18423119,1100.0,Indian Rupees(Rs.),13.2,3.7,Yellow,Good,3.0 - 3.9 (Moderate),140,18.31,140,924.0
3065,18255131,5000.0,Indian Rupees(Rs.),60.0,3.6,Yellow,Good,3.0 - 3.9 (Moderate),61,14.86,61,1830.0
3066,306497,1100.0,Indian Rupees(Rs.),13.2,3.7,Yellow,Good,3.0 - 3.9 (Moderate),1256,26.4,1884,12434.4
3067,308244,1700.0,Indian Rupees(Rs.),20.4,3.5,Yellow,Good,3.0 - 3.9 (Moderate),422,21.17,422,4304.4
3068,1286,950.0,Indian Rupees(Rs.),11.4,3.6,Yellow,Good,3.0 - 3.9 (Moderate),1134,25.32,1701,9695.7
3069,4815,1350.0,Indian Rupees(Rs.),16.2,3.5,Yellow,Good,3.0 - 3.9 (Moderate),1863,26.36,2794,22631.4
3070,310463,600.0,Indian Rupees(Rs.),7.2,3.5,Yellow,Good,3.0 - 3.9 (Moderate),1311,25.13,1966,7077.6
3071,5738,400.0,Indian Rupees(Rs.),4.8,3.7,Yellow,Good,3.0 - 3.9 (Moderate),1333,26.62,1333,3199.2
3072,302310,300.0,Indian Rupees(Rs.),3.6,3.6,Yellow,Good,3.0 - 3.9 (Moderate),50,14.15,50,90.0
3073,5608,2800.0,Indian Rupees(Rs.),33.6,3.5,Yellow,Good,3.0 - 3.9 (Moderate),92,15.86,92,1545.6
3074,307535,700.0,Indian Rupees(Rs.),8.4,3.8,Yellow,Good,3.0 - 3.9 (Moderate),552,24.0,552,2318.4
3075,302156,500.0,Indian Rupees(Rs.),6.0,3.5,Yellow,Good,3.0 - 3.9 (Moderate),276,19.68,414,1242.0
3076,18238278,1600.0,Indian Rupees(Rs.),19.2,3.7,Yellow,Good,3.0 - 3.9 (Moderate),1801,27.74,1801,17289.6
3077,905,1200.0,Indian Rupees(Rs.),14.4,3.5,Yellow,Good,3.0 - 3.9 (Moderate),327,20.28,490,3528.0
3078,18281985,1200.0,Indian Rupees(Rs.),14.4,3.9,Yellow,Good,3.0 - 3.9 (Moderate),1020,27.02,1020,7344.0
3079,307060,1250.0,Indian Rupees(Rs.),15.0,3.8,Yellow,Good,3.0 - 3.9 (Moderate),645,24.59,645,4837.5
3080,18425735,1500.0,Indian Rupees(Rs.),18.0,3.9,Yellow,Good,3.0 - 3.9 (Moderate),143,19.38,143,1287.0
3081,313256,1500.0,Indian Rupees(Rs.),18.0,3.9,Yellow,Good,3.0 - 3.9 (Moderate),1545,28.64,1545,13905.0
3082,18337893,1400.0,Indian Rupees(Rs.),16.8,3.5,Yellow,Good,3.0 - 3.9 (Moderate),63,14.56,63,529.2
3083,307190,450.0,Indian Rupees(Rs.),5.4,3.9,Yellow,Good,3.0 - 3.9 (Moderate),783,25.99,1174,3169.8
3084,309790,1600.0,Indian Rupees(Rs.),19.2,3.9,Yellow,Good,3.0 - 3.9 (Moderate),3413,31.73,3413,32764.8
3085,1800,1600.0,Indian Rupees(Rs.),19.2,3.9,Yellow,Good,3.0 - 3.9 (Moderate),1087,27.27,1630,15648.0
3086,301605,1500.0,Indian Rupees(Rs.),18.0,3.7,Yellow,Good,3.0 - 3.9 (Moderate),4914,31.45,4914,44226.0
3087,3394,1800.0,Indian Rupees(Rs.),21.6,3.9,Yellow,Good,3.0 - 3.9 (Moderate),908,26.57,908,9806.4
3088,930,1500.0,Indian Rupees(Rs.),18.0,3.5,Yellow,Good,3.0 - 3.9 (Moderate),1027,24.27,1540,13860.0
3089,309073,1600.0,Indian Rupees(Rs.),19.2,3.9,Yellow,Good,3.0 - 3.9 (Moderate),1071,27.21,1606,15417.6
3090,18414481,200.0,Indian Rupees(Rs.),2.4,0.0,White,Not rated,Unrated,0,0.0,0,0.0
3091,18469940,500.0,Indian Rupees(Rs.),6.0,0.0,White,Not rated,Unrated,0,0.0,0,0.0
3092,18380361,200.0,Indian Rupees(Rs.),2.4,0.0,White,Not rated,Unrated,2,0.0,2,2.4
3093,18241537,1600.0,Indian Rupees(Rs.),19.2,4.4,Green,Very Good,4.0 - 4.4 (High),840,29.63,840,8064.0
3094,309478,1800.0,Indian Rupees(Rs.),21.6,4.0,Green,Very Good,4.0 - 4.4 (High),2333,31.02,2333,25196.4
3095,7713,2000.0,Indian Rupees(Rs.),24.0,4.1,Green,Very Good,4.0 - 4.4 (High),1821,30.78,2732,32784.0
3096,301489,1600.0,Indian Rupees(Rs.),19.2,4.1,Green,Very Good,4.0 - 4.4 (High),3164,33.05,3164,30374.4
3097,18219558,800.0,Indian Rupees(Rs.),9.6,4.1,Green,Very Good,4.0 - 4.4 (High),740,27.09,1110,5328.0
3098,18216915,1000.0,Indian Rupees(Rs.),12.0,4.0,Green,Very Good,4.0 - 4.4 (High),510,24.95,765,4590.0
3099,306913,2000.0,Indian Rupees(Rs.),24.0,4.2,Green,Very Good,4.0 - 4.4 (High),961,28.85,1442,17304.0
3100,307036,1800.0,Indian Rupees(Rs.),21.6,4.1,Green,Very Good,4.0 - 4.4 (High),799,27.41,799,8629.2
3101,67,1200.0,Indian Rupees(Rs.),14.4,4.0,Green,Very Good,4.0 - 4.4 (High),412,24.09,412,2966.4
3102,18233593,2200.0,Indian Rupees(Rs.),26.4,4.4,Green,Very Good,4.0 - 4.4 (High),1942,33.32,1942,25634.4
3103,310123,2000.0,Indian Rupees(Rs.),24.0,4.0,Green,Very Good,4.0 - 4.4 (High),312,22.98,468,5616.0
3104,18198427,800.0,Indian Rupees(Rs.),9.6,4.0,Green,Very Good,4.0 - 4.4 (High),361,23.57,542,2601.6
3105,18279449,1900.0,Indian Rupees(Rs.),22.8,4.3,Green,Very Good,4.0 - 4.4 (High),1129,30.23,1694,19311.6
3106,18237357,1400.0,Indian Rupees(Rs.),16.8,4.0,Green,Very Good,4.0 - 4.4 (High),510,24.95,510,4284.0
3107,18254558,1000.0,Indian Rupees(Rs.),12.0,4.0,Green,Very Good,4.0 - 4.4 (High),608,25.65,608,3648.0
3108,18246991,1600.0,Indian Rupees(Rs.),19.2,4.1,Green,Very Good,4.0 - 4.4 (High),1959,31.08,1959,18806.4
3109,309859,1800.0,Indian Rupees(Rs.),21.6,4.0,Green,Very Good,4.0 - 4.4 (High),817,26.83,1226,13240.8
3110,18294220,1200.0,Indian Rupees(Rs.),14.4,4.1,Green,Very Good,4.0 - 4.4 (High),400,24.58,600,4320.0
3111,900,500.0,Indian Rupees(Rs.),6.0,4.3,Green,Very Good,4.0 - 4.4 (High),5172,36.77,7758,23274.0
3112,18294269,1300.0,Indian Rupees(Rs.),15.6,4.1,Green,Very Good,4.0 - 4.4 (High),467,25.21,467,3642.6
3113,301011,700.0,Indian Rupees(Rs.),8.4,4.1,Green,Very Good,4.0 - 4.4 (High),2417,31.94,2417,10151.4
3114,18423151,1500.0,Indian Rupees(Rs.),18.0,4.1,Green,Very Good,4.0 - 4.4 (High),90,18.49,90,810.0
3115,18454488,1500.0,Indian Rupees(Rs.),18.0,4.3,Green,Very Good,4.0 - 4.4 (High),104,20.01,104,936.0
3116,308579,2100.0,Indian Rupees(Rs.),25.2,4.0,Green,Very Good,4.0 - 4.4 (High),2252,30.88,2252,28375.2
3117,910,2200.0,Indian Rupees(Rs.),26.4,4.1,Green,Very Good,4.0 - 4.4 (High),1838,30.82,1838,24261.6
3118,18216901,1600.0,Indian Rupees(Rs.),19.2,4.0,Green,Very Good,4.0 - 4.4 (High),1758,29.89,1758,16876.8
3119,301114,400.0,Indian Rupees(Rs.),4.8,4.3,Green,Very Good,4.0 - 4.4 (High),1457,31.32,1457,3496.8
3120,4249,400.0,Indian Rupees(Rs.),4.8,4.3,Green,Very Good,4.0 - 4.4 (High),3591,35.2,3591,8618.4
3121,18222559,1500.0,Indian Rupees(Rs.),18.0,4.1,Green,Very Good,4.0 - 4.4 (High),492,25.42,492,4428.0
3122,303204,550.0,Indian Rupees(Rs.),6.6,2.6,Orange,Average,< 3.0 (Low),77,11.33,116,382.8
3123,8881,1900.0,Indian Rupees(Rs.),22.8,3.2,Orange,Average,3.0 - 3.9 (Moderate),113,15.16,113,1288.2
3124,310435,1000.0,Indian Rupees(Rs.),12.0,3.3,Orange,Average,3.0 - 3.9 (Moderate),140,16.33,210,1260.0
3125,309051,300.0,Indian Rupees(Rs.),3.6,3.5,Yellow,Good,3.0 - 3.9 (Moderate),164,17.87,246,442.8
3126,1258,800.0,Indian Rupees(Rs.),9.6,3.1,Orange,Average,3.0 - 3.9 (Moderate),106,14.49,159,763.2
3127,2308,800.0,Indian Rupees(Rs.),9.6,3.3,Orange,Average,3.0 - 3.9 (Moderate),134,16.19,201,964.8
3128,195,500.0,Indian Rupees(Rs.),6.0,3.4,Orange,Average,3.0 - 3.9 (Moderate),77,14.81,116,348.0
3129,307940,950.0,Indian Rupees(Rs.),11.4,3.3,Orange,Average,3.0 - 3.9 (Moderate),102,15.29,153,872.1
3130,2299,600.0,Indian Rupees(Rs.),7.2,3.5,Yellow,Good,3.0 - 3.9 (Moderate),217,18.85,217,781.2
3131,5997,2500.0,Indian Rupees(Rs.),30.0,3.5,Yellow,Good,3.0 - 3.9 (Moderate),59,14.33,59,885.0
3132,6030,1000.0,Indian Rupees(Rs.),12.0,3.7,Yellow,Good,3.0 - 3.9 (Moderate),60,15.21,60,360.0
3133,307362,2000.0,Indian Rupees(Rs.),24.0,3.2,Orange,Average,3.0 - 3.9 (Moderate),12,8.21,12,144.0
3134,307361,3000.0,Indian Rupees(Rs.),36.0,3.5,Yellow,Good,3.0 - 3.9 (Moderate),115,16.64,115,2070.0
3135,3105,1000.0,Indian Rupees(Rs.),12.0,3.3,Orange,Average,3.0 - 3.9 (Moderate),165,16.87,165,990.0
3136,9960,500.0,Indian Rupees(Rs.),6.0,3.4,Orange,Average,3.0 - 3.9 (Moderate),41,12.71,62,186.0
3137,18014114,1000.0,Indian Rupees(Rs.),12.0,3.5,Yellow,Good,3.0 - 3.9 (Moderate),116,16.67,174,1044.0
3138,3894,550.0,Indian Rupees(Rs.),6.6,3.7,Yellow,Good,3.0 - 3.9 (Moderate),262,20.62,262,864.6
3139,306479,400.0,Indian Rupees(Rs.),4.8,3.5,Yellow,Good,3.0 - 3.9 (Moderate),364,20.65,364,873.6
3140,3183,600.0,Indian Rupees(Rs.),7.2,2.8,Orange,Average,< 3.0 (Low),28,9.43,28,100.8
3141,5451,400.0,Indian Rupees(Rs.),4.8,3.2,Orange,Average,3.0 - 3.9 (Moderate),12,8.21,12,28.8
3142,5464,450.0,Indian Rupees(Rs.),5.4,2.8,Orange,Average,< 3.0 (Low),22,8.78,22,59.4
3143,3182,400.0,Indian Rupees(Rs.),4.8,2.9,Orange,Average,< 3.0 (Low),6,5.64,6,14.4
3144,18057826,400.0,Indian Rupees(Rs.),4.8,3.4,Orange,Average,3.0 - 3.9 (Moderate),45,13.02,45,108.0
3145,18275791,150.0,Indian Rupees(Rs.),1.8,3.0,Orange,Average,3.0 - 3.9 (Moderate),6,5.84,6,5.4
3146,18261700,400.0,Indian Rupees(Rs.),4.8,2.9,Orange,Average,< 3.0 (Low),6,5.64,6,14.4
3147,18228864,200.0,Indian Rupees(Rs.),2.4,3.1,Orange,Average,3.0 - 3.9 (Moderate),8,6.81,8,9.6
3148,310792,500.0,Indian Rupees(Rs.),6.0,2.8,Orange,Average,< 3.0 (Low),23,8.9,34,102.0
3149,18222587,150.0,Indian Rupees(Rs.),1.8,3.2,Orange,Average,3.0 - 3.9 (Moderate),6,6.23,6,5.4
3150,309530,500.0,Indian Rupees(Rs.),6.0,3.0,Orange,Average,3.0 - 3.9 (Moderate),33,10.58,50,150.0
3151,5462,200.0,Indian Rupees(Rs.),2.4,3.0,Orange,Average,3.0 - 3.9 (Moderate),5,5.38,5,6.0
3152,3181,600.0,Indian Rupees(Rs.),7.2,3.4,Orange,Average,3.0 - 3.9 (Moderate),159,17.26,159,572.4
3153,9912,500.0,Indian Rupees(Rs.),6.0,3.7,Yellow,Good,3.0 - 3.9 (Moderate),85,16.48,85,255.0
3154,3180,700.0,Indian Rupees(Rs.),8.4,3.8,Yellow,Good,3.0 - 3.9 (Moderate),189,19.94,189,793.8
3155,4092,500.0,Indian Rupees(Rs.),6.0,3.7,Yellow,Good,3.0 - 3.9 (Moderate),519,23.14,778,2334.0
3156,18261683,500.0,Indian Rupees(Rs.),6.0,3.5,Yellow,Good,3.0 - 3.9 (Moderate),26,11.54,26,78.0
3157,4715,600.0,Indian Rupees(Rs.),7.2,3.8,Yellow,Good,3.0 - 3.9 (Moderate),124,18.35,124,446.4
3158,481,1100.0,Indian Rupees(Rs.),13.2,3.6,Yellow,Good,3.0 - 3.9 (Moderate),711,23.65,711,4692.6
3159,302232,500.0,Indian Rupees(Rs.),6.0,3.6,Yellow,Good,3.0 - 3.9 (Moderate),109,16.92,109,327.0
3160,1044,400.0,Indian Rupees(Rs.),4.8,3.7,Yellow,Good,3.0 - 3.9 (Moderate),57,15.02,57,136.8
3161,3185,350.0,Indian Rupees(Rs.),4.2,3.6,Yellow,Good,3.0 - 3.9 (Moderate),88,16.16,88,184.8
3162,18292467,200.0,Indian Rupees(Rs.),2.4,0.0,White,Not rated,Unrated,0,0.0,0,0.0
3163,18390082,100.0,Indian Rupees(Rs.),1.2,0.0,White,Not rated,Unrated,0,0.0,0,0.0
3164,18466971,450.0,Indian Rupees(Rs.),5.4,0.0,White,Not rated,Unrated,0,0.0,0,0.0
3165,18449652,300.0,Indian Rupees(Rs.),3.6,0.0,White,Not rated,Unrated,0,0.0,0,0.0
3166,18288623,200.0,Indian Rupees(Rs.),2.4,0.0,White,Not rated,Unrated,0,0.0,0,0.0
3167,18345506,400.0,Indian Rupees(Rs.),4.8,0.0,White,Not rated,Unrated,0,0.0,0,0.0
3168,18397709,500.0,Indian Rupees(Rs.),6.0,0.0,White,Not rated,Unrated,0,0.0,0,0.0
3169,18294896,200.0,Indian Rupees(Rs.),2.4,0.0,White,Not rated,Unrated,1,0.0,1,1.2
3170,6678,150.0,Indian Rupees(Rs.),1.8,0.0,White,Not rated,Unrated,0,0.0,0,0.0
3171,18351471,400.0,Indian Rupees(Rs.),4.8,0.0,White,Not rated,Unrated,0,0.0,0,0.0
3172,18206818,150.0,Indian Rupees(Rs.),1.8,0.0,White,Not rated,Unrated,1,0.0,1,0.9
3173,5463,150.0,Indian Rupees(Rs.),1.8,0.0,White,Not rated,Unrated,0,0.0,0,0.0
3174,18345380,500.0,Indian Rupees(Rs.),6.0,0.0,White,Not rated,Unrated,3,0.0,3,9.0
3175,5450,100.0,Indian Rupees(Rs.),1.2,0.0,White,Not rated,Unrated,1,0.0,1,0.6
3176,18292465,300.0,Indian Rupees(Rs.),3.6,0.0,White,Not rated,Unrated,3,0.0,3,5.4
3177,18292472,400.0,Indian Rupees(Rs.),4.8,0.0,White,Not rated,Unrated,0,0.0,0,0.0
3178,18449638,200.0,Indian Rupees(Rs.),2.4,0.0,White,Not rated,Unrated,0,0.0,0,0.0
3179,18449640,100.0,Indian Rupees(Rs.),1.2,0.0,White,Not rated,Unrated,0,0.0,0,0.0
3180,18492527,400.0,Indian Rupees(Rs.),4.8,0.0,White,Not rated,Unrated,0,0.0,0,0.0
3181,303637,700.0,Indian Rupees(Rs.),8.4,2.3,Red,Poor,< 3.0 (Low),32,8.04,32,134.4
3182,304181,500.0,Indian Rupees(Rs.),6.0,4.1,Green,Very Good,4.0 - 4.4 (High),271,22.98,271,813.0
3183,308183,150.0,Indian Rupees(Rs.),1.8,3.0,Orange,Average,3.0 - 3.9 (Moderate),4,4.83,4,3.6
3184,313059,250.0,Indian Rupees(Rs.),3.0,0.0,White,Not rated,Unrated,1,0.0,1,1.5
3185,763,1200.0,Indian Rupees(Rs.),14.4,3.3,Orange,Average,3.0 - 3.9 (Moderate),176,17.08,176,1267.2
3186,7557,100.0,Indian Rupees(Rs.),1.2,3.1,Orange,Average,3.0 - 3.9 (Moderate),10,7.43,10,6.0
3187,525,650.0,Indian Rupees(Rs.),7.8,3.3,Orange,Average,3.0 - 3.9 (Moderate),73,14.2,110,429.0
3188,7561,200.0,Indian Rupees(Rs.),2.4,3.0,Orange,Average,3.0 - 3.9 (Moderate),12,7.69,12,14.4
3189,18387105,300.0,Indian Rupees(Rs.),3.6,3.4,Orange,Average,3.0 - 3.9 (Moderate),13,8.97,13,23.4
3190,18451576,600.0,Indian Rupees(Rs.),7.2,3.3,Orange,Average,3.0 - 3.9 (Moderate),33,11.64,33,118.8
3191,580,700.0,Indian Rupees(Rs.),8.4,3.4,Orange,Average,3.0 - 3.9 (Moderate),104,15.82,156,655.2
3192,308703,300.0,Indian Rupees(Rs.),3.6,3.2,Orange,Average,3.0 - 3.9 (Moderate),12,8.21,18,32.4
3193,60,900.0,Indian Rupees(Rs.),10.8,3.2,Orange,Average,3.0 - 3.9 (Moderate),600,20.48,600,3240.0
3194,305123,600.0,Indian Rupees(Rs.),7.2,3.2,Orange,Average,3.0 - 3.9 (Moderate),13,8.44,13,46.8
3195,18265689,700.0,Indian Rupees(Rs.),8.4,2.7,Orange,Average,< 3.0 (Low),8,5.93,12,50.4
3196,199,700.0,Indian Rupees(Rs.),8.4,2.5,Orange,Average,< 3.0 (Low),78,10.92,78,327.6
3197,756,600.0,Indian Rupees(Rs.),7.2,3.4,Orange,Average,3.0 - 3.9 (Moderate),35,12.18,35,126.0
3198,309801,500.0,Indian Rupees(Rs.),6.0,3.4,Orange,Average,3.0 - 3.9 (Moderate),16,9.63,16,48.0
3199,18433907,300.0,Indian Rupees(Rs.),3.6,2.5,Orange,Average,< 3.0 (Low),7,5.2,10,18.0
3200,311511,400.0,Indian Rupees(Rs.),4.8,2.8,Orange,Average,< 3.0 (Low),26,9.23,39,93.6
3201,308279,400.0,Indian Rupees(Rs.),4.8,3.3,Orange,Average,3.0 - 3.9 (Moderate),29,11.22,44,105.6
3202,7621,350.0,Indian Rupees(Rs.),4.2,2.7,Orange,Average,< 3.0 (Low),16,7.65,16,33.6
3203,306779,450.0,Indian Rupees(Rs.),5.4,3.2,Orange,Average,3.0 - 3.9 (Moderate),14,8.67,14,37.8
3204,312980,500.0,Indian Rupees(Rs.),6.0,3.1,Orange,Average,3.0 - 3.9 (Moderate),9,7.14,9,27.0
3205,18222580,250.0,Indian Rupees(Rs.),3.0,2.9,Orange,Average,< 3.0 (Low),7,6.03,7,10.5
3206,2878,300.0,Indian Rupees(Rs.),3.6,2.9,Orange,Average,< 3.0 (Low),102,13.44,102,183.6
3207,8902,150.0,Indian Rupees(Rs.),1.8,3.2,Orange,Average,3.0 - 3.9 (Moderate),22,10.03,22,19.8
3208,18374707,600.0,Indian Rupees(Rs.),7.2,3.1,Orange,Average,3.0 - 3.9 (Moderate),9,7.14,14,50.4
3209,678,1600.0,Indian Rupees(Rs.),19.2,3.1,Orange,Average,3.0 - 3.9 (Moderate),128,15.07,128,1228.8
3210,3568,1600.0,Indian Rupees(Rs.),19.2,3.0,Orange,Average,3.0 - 3.9 (Moderate),496,18.63,496,4761.6
3211,18354969,450.0,Indian Rupees(Rs.),5.4,3.2,Orange,Average,3.0 - 3.9 (Moderate),8,7.03,8,21.6
3212,313242,550.0,Indian Rupees(Rs.),6.6,3.3,Orange,Average,3.0 - 3.9 (Moderate),19,9.89,28,92.4
3213,309838,600.0,Indian Rupees(Rs.),7.2,3.4,Orange,Average,3.0 - 3.9 (Moderate),35,12.18,35,126.0
3214,437,600.0,Indian Rupees(Rs.),7.2,3.2,Orange,Average,3.0 - 3.9 (Moderate),53,12.76,80,288.0
3215,18303851,600.0,Indian Rupees(Rs.),7.2,3.0,Orange,Average,3.0 - 3.9 (Moderate),39,11.07,58,208.8
3216,307500,300.0,Indian Rupees(Rs.),3.6,3.3,Orange,Average,3.0 - 3.9 (Moderate),25,10.75,25,45.0
3217,736,300.0,Indian Rupees(Rs.),3.6,3.2,Orange,Average,3.0 - 3.9 (Moderate),28,10.78,28,50.4
3218,18294230,500.0,Indian Rupees(Rs.),6.0,3.4,Orange,Average,3.0 - 3.9 (Moderate),44,12.94,66,198.0
3219,7851,500.0,Indian Rupees(Rs.),6.0,2.6,Orange,Average,< 3.0 (Low),56,10.51,84,252.0
3220,2437,1500.0,Indian Rupees(Rs.),18.0,3.9,Yellow,Good,3.0 - 3.9 (Moderate),245,21.47,368,3312.0
3221,573,700.0,Indian Rupees(Rs.),8.4,3.5,Yellow,Good,3.0 - 3.9 (Moderate),215,18.81,215,903.0
3222,9706,1200.0,Indian Rupees(Rs.),14.4,3.6,Yellow,Good,3.0 - 3.9 (Moderate),386,21.45,579,4168.8
3223,1507,350.0,Indian Rupees(Rs.),4.2,3.8,Yellow,Good,3.0 - 3.9 (Moderate),460,23.31,690,1449.0
3224,302655,600.0,Indian Rupees(Rs.),7.2,3.6,Yellow,Good,3.0 - 3.9 (Moderate),146,17.97,219,788.4
3225,705,300.0,Indian Rupees(Rs.),3.6,3.7,Yellow,Good,3.0 - 3.9 (Moderate),55,14.89,55,99.0
3226,1395,1000.0,Indian Rupees(Rs.),12.0,3.7,Yellow,Good,3.0 - 3.9 (Moderate),390,22.08,585,3510.0
3227,18418273,400.0,Indian Rupees(Rs.),4.8,3.5,Yellow,Good,3.0 - 3.9 (Moderate),15,9.7,22,52.8
3228,2067,300.0,Indian Rupees(Rs.),3.6,3.6,Yellow,Good,3.0 - 3.9 (Moderate),130,17.55,195,351.0
3229,3492,600.0,Indian Rupees(Rs.),7.2,3.9,Yellow,Good,3.0 - 3.9 (Moderate),301,22.27,301,1083.6
3230,576,800.0,Indian Rupees(Rs.),9.6,3.7,Yellow,Good,3.0 - 3.9 (Moderate),338,21.56,507,2433.6
3231,311211,1600.0,Indian Rupees(Rs.),19.2,3.9,Yellow,Good,3.0 - 3.9 (Moderate),798,26.07,1197,11491.2
3232,311661,900.0,Indian Rupees(Rs.),10.8,3.8,Yellow,Good,3.0 - 3.9 (Moderate),192,20.0,288,1555.2
3233,566,700.0,Indian Rupees(Rs.),8.4,3.8,Yellow,Good,3.0 - 3.9 (Moderate),196,20.08,294,1234.8
3234,556,500.0,Indian Rupees(Rs.),6.0,3.7,Yellow,Good,3.0 - 3.9 (Moderate),766,24.58,1149,3447.0
3235,18322644,700.0,Indian Rupees(Rs.),8.4,3.6,Yellow,Good,3.0 - 3.9 (Moderate),42,13.54,63,264.6
3236,17953931,1400.0,Indian Rupees(Rs.),16.8,3.6,Yellow,Good,3.0 - 3.9 (Moderate),139,17.79,208,1747.2
3237,18396187,300.0,Indian Rupees(Rs.),3.6,3.8,Yellow,Good,3.0 - 3.9 (Moderate),24,12.23,36,64.8
3238,730,1500.0,Indian Rupees(Rs.),18.0,3.5,Yellow,Good,3.0 - 3.9 (Moderate),208,18.7,312,2808.0
3239,18247032,1200.0,Indian Rupees(Rs.),14.4,3.6,Yellow,Good,3.0 - 3.9 (Moderate),99,16.58,148,1065.6
3240,570,1800.0,Indian Rupees(Rs.),21.6,3.7,Yellow,Good,3.0 - 3.9 (Moderate),601,23.68,902,9741.6
3241,760,2000.0,Indian Rupees(Rs.),24.0,3.8,Yellow,Good,3.0 - 3.9 (Moderate),354,22.31,531,6372.0
3242,134,1000.0,Indian Rupees(Rs.),12.0,3.8,Yellow,Good,3.0 - 3.9 (Moderate),130,18.53,195,1170.0
3243,3039,900.0,Indian Rupees(Rs.),10.8,3.8,Yellow,Good,3.0 - 3.9 (Moderate),303,21.72,454,2451.6
3244,310816,900.0,Indian Rupees(Rs.),10.8,3.8,Yellow,Good,3.0 - 3.9 (Moderate),306,21.76,459,2478.6
3245,304735,800.0,Indian Rupees(Rs.),9.6,3.7,Yellow,Good,3.0 - 3.9 (Moderate),304,21.17,304,1459.2
3246,306,600.0,Indian Rupees(Rs.),7.2,3.7,Yellow,Good,3.0 - 3.9 (Moderate),308,21.21,462,1663.2
3247,312586,500.0,Indian Rupees(Rs.),6.0,3.6,Yellow,Good,3.0 - 3.9 (Moderate),84,15.99,126,378.0
3248,451,1500.0,Indian Rupees(Rs.),18.0,3.9,Yellow,Good,3.0 - 3.9 (Moderate),749,25.82,749,6741.0
3249,18254518,1800.0,Indian Rupees(Rs.),21.6,3.8,Yellow,Good,3.0 - 3.9 (Moderate),238,20.81,238,2570.4
3250,18419886,200.0,Indian Rupees(Rs.),2.4,0.0,White,Not rated,Unrated,2,0.0,2,2.4
3251,8987,200.0,Indian Rupees(Rs.),2.4,0.0,White,Not rated,Unrated,2,0.0,2,2.4
3252,18472678,300.0,Indian Rupees(Rs.),3.6,0.0,White,Not rated,Unrated,0,0.0,0,0.0
3253,9879,150.0,Indian Rupees(Rs.),1.8,0.0,White,Not rated,Unrated,2,0.0,2,1.8
3254,18472675,150.0,Indian Rupees(Rs.),1.8,0.0,White,Not rated,Unrated,0,0.0,0,0.0
3255,18355127,400.0,Indian Rupees(Rs.),4.8,0.0,White,Not rated,Unrated,0,0.0,0,0.0
3256,18357956,500.0,Indian Rupees(Rs.),6.0,0.0,White,Not rated,Unrated,0,0.0,0,0.0
3257,9569,600.0,Indian Rupees(Rs.),7.2,2.4,Red,Poor,< 3.0 (Low),35,8.6,35,126.0
3258,305269,1750.0,Indian Rupees(Rs.),21.0,4.1,Green,Very Good,4.0 - 4.4 (High),711,26.93,1066,11193.0
3259,18415346,1000.0,Indian Rupees(Rs.),12.0,4.4,Green,Very Good,4.0 - 4.4 (High),50,17.3,50,300.0
3260,4268,400.0,Indian Rupees(Rs.),4.8,4.1,Green,Very Good,4.0 - 4.4 (High),561,25.96,842,2020.8
3261,18350143,1500.0,Indian Rupees(Rs.),18.0,4.0,Green,Very Good,4.0 - 4.4 (High),183,20.86,274,2466.0
3262,18161723,1700.0,Indian Rupees(Rs.),20.4,4.1,Green,Very Good,4.0 - 4.4 (High),242,22.52,363,3702.6
3263,18232097,800.0,Indian Rupees(Rs.),9.6,4.1,Green,Very Good,4.0 - 4.4 (High),223,22.19,334,1603.2
3264,309882,900.0,Indian Rupees(Rs.),10.8,4.1,Green,Very Good,4.0 - 4.4 (High),769,27.25,1154,6231.6
3265,303215,200.0,Indian Rupees(Rs.),2.4,4.0,Green,Very Good,4.0 - 4.4 (High),169,20.54,254,304.8
3266,18400744,1600.0,Indian Rupees(Rs.),19.2,4.2,Green,Very Good,4.0 - 4.4 (High),63,17.47,94,902.4
3267,312567,1650.0,Indian Rupees(Rs.),19.8,4.0,Green,Very Good,4.0 - 4.4 (High),460,24.53,690,6831.0
3268,305,600.0,Indian Rupees(Rs.),7.2,4.0,Green,Very Good,4.0 - 4.4 (High),782,26.65,1173,4222.8
3269,18363787,900.0,Indian Rupees(Rs.),10.8,4.2,Green,Very Good,4.0 - 4.4 (High),95,19.17,142,766.8
3270,305646,550.0,Indian Rupees(Rs.),6.6,4.2,Green,Very Good,4.0 - 4.4 (High),372,24.87,558,1841.4
3271,18419649,200.0,Indian Rupees(Rs.),2.4,0.0,White,Not rated,Unrated,2,0.0,2,2.4
3272,18313109,200.0,Indian Rupees(Rs.),2.4,0.0,White,Not rated,Unrated,0,0.0,0,0.0
3273,18478723,300.0,Indian Rupees(Rs.),3.6,0.0,White,Not rated,Unrated,0,0.0,0,0.0
3274,18348614,600.0,Indian Rupees(Rs.),7.2,0.0,White,Not rated,Unrated,1,0.0,1,3.6
3275,6953,100.0,Indian Rupees(Rs.),1.2,3.1,Orange,Average,3.0 - 3.9 (Moderate),29,10.54,29,17.4
3276,7691,400.0,Indian Rupees(Rs.),4.8,3.4,Orange,Average,3.0 - 3.9 (Moderate),69,14.44,69,165.6
3277,3252,400.0,Indian Rupees(Rs.),4.8,2.8,Orange,Average,< 3.0 (Low),109,13.16,164,393.6
3278,18400732,800.0,Indian Rupees(Rs.),9.6,2.8,Orange,Average,< 3.0 (Low),15,7.76,15,72.0
3279,18337757,600.0,Indian Rupees(Rs.),7.2,3.4,Orange,Average,3.0 - 3.9 (Moderate),76,14.77,76,273.6
3280,9014,450.0,Indian Rupees(Rs.),5.4,3.4,Orange,Average,3.0 - 3.9 (Moderate),46,13.09,46,124.2
3281,9453,450.0,Indian Rupees(Rs.),5.4,3.2,Orange,Average,3.0 - 3.9 (Moderate),87,14.33,87,234.9
3282,18273614,300.0,Indian Rupees(Rs.),3.6,2.6,Orange,Average,< 3.0 (Low),45,9.95,45,81.0
3283,6625,700.0,Indian Rupees(Rs.),8.4,2.5,Orange,Average,< 3.0 (Low),109,11.75,109,457.8
3284,300869,200.0,Indian Rupees(Rs.),2.4,3.0,Orange,Average,3.0 - 3.9 (Moderate),8,6.59,8,9.6
3285,18256980,300.0,Indian Rupees(Rs.),3.6,3.3,Orange,Average,3.0 - 3.9 (Moderate),35,11.83,35,63.0
3286,2279,450.0,Indian Rupees(Rs.),5.4,2.8,Orange,Average,< 3.0 (Low),81,12.34,122,329.4
3287,307894,350.0,Indian Rupees(Rs.),4.2,3.1,Orange,Average,3.0 - 3.9 (Moderate),72,13.3,108,226.8
3288,6949,100.0,Indian Rupees(Rs.),1.2,3.0,Orange,Average,3.0 - 3.9 (Moderate),18,8.83,18,10.8
3289,311962,850.0,Indian Rupees(Rs.),10.2,3.3,Orange,Average,3.0 - 3.9 (Moderate),113,15.63,113,576.3
3290,9433,100.0,Indian Rupees(Rs.),1.2,2.8,Orange,Average,< 3.0 (Low),5,5.02,5,3.0
3291,4065,300.0,Indian Rupees(Rs.),3.6,3.3,Orange,Average,3.0 - 3.9 (Moderate),51,13.04,51,91.8
3292,5767,150.0,Indian Rupees(Rs.),1.8,2.9,Orange,Average,< 3.0 (Low),5,5.2,5,4.5
3293,7681,900.0,Indian Rupees(Rs.),10.8,3.0,Orange,Average,3.0 - 3.9 (Moderate),82,13.26,82,442.8
3294,18395106,600.0,Indian Rupees(Rs.),7.2,3.0,Orange,Average,3.0 - 3.9 (Moderate),12,7.69,18,64.8
3295,5436,350.0,Indian Rupees(Rs.),4.2,2.6,Orange,Average,< 3.0 (Low),26,8.57,39,81.9
3296,18370586,300.0,Indian Rupees(Rs.),3.6,3.2,Orange,Average,3.0 - 3.9 (Moderate),17,9.25,26,46.8
3297,306847,600.0,Indian Rupees(Rs.),7.2,3.3,Orange,Average,3.0 - 3.9 (Moderate),85,14.7,128,460.8
3298,4857,1000.0,Indian Rupees(Rs.),12.0,3.4,Orange,Average,3.0 - 3.9 (Moderate),143,16.9,214,1284.0
3299,4088,300.0,Indian Rupees(Rs.),3.6,3.4,Orange,Average,3.0 - 3.9 (Moderate),39,12.54,39,70.2
3300,9969,2000.0,Indian Rupees(Rs.),24.0,2.7,Orange,Average,< 3.0 (Low),81,11.9,81,972.0
3301,307106,250.0,Indian Rupees(Rs.),3.0,3.3,Orange,Average,3.0 - 3.9 (Moderate),69,14.02,69,103.5
3302,5909,200.0,Indian Rupees(Rs.),2.4,2.6,Orange,Average,< 3.0 (Low),16,7.37,16,19.2
3303,2287,700.0,Indian Rupees(Rs.),8.4,3.4,Orange,Average,3.0 - 3.9 (Moderate),173,17.54,173,726.6
3304,2288,400.0,Indian Rupees(Rs.),4.8,3.2,Orange,Average,3.0 - 3.9 (Moderate),45,12.25,45,108.0
3305,312391,1100.0,Indian Rupees(Rs.),13.2,2.7,Orange,Average,< 3.0 (Low),50,10.62,50,330.0
3306,302370,600.0,Indian Rupees(Rs.),7.2,3.4,Orange,Average,3.0 - 3.9 (Moderate),427,20.6,640,2304.0
3307,9779,450.0,Indian Rupees(Rs.),5.4,2.6,Orange,Average,< 3.0 (Low),138,12.83,207,558.9
3308,307387,100.0,Indian Rupees(Rs.),1.2,3.0,Orange,Average,3.0 - 3.9 (Moderate),14,8.12,14,8.4
3309,18350499,450.0,Indian Rupees(Rs.),5.4,2.8,Orange,Average,< 3.0 (Low),51,11.06,76,205.2
3310,2290,700.0,Indian Rupees(Rs.),8.4,3.1,Orange,Average,3.0 - 3.9 (Moderate),130,15.11,195,819.0
3311,18161577,900.0,Indian Rupees(Rs.),10.8,4.6,Dark Green,Excellent,4.5 - 5.0 (Top Tier),1071,32.1,1606,8672.4
3312,6647,250.0,Indian Rupees(Rs.),3.0,3.6,Yellow,Good,3.0 - 3.9 (Moderate),258,20.0,387,580.5
3313,313267,250.0,Indian Rupees(Rs.),3.0,3.9,Yellow,Good,3.0 - 3.9 (Moderate),533,24.49,800,1200.0
3314,5455,150.0,Indian Rupees(Rs.),1.8,3.7,Yellow,Good,3.0 - 3.9 (Moderate),93,16.81,93,83.7
3315,3401,550.0,Indian Rupees(Rs.),6.6,3.7,Yellow,Good,3.0 - 3.9 (Moderate),484,22.88,726,2395.8
3316,18456762,1000.0,Indian Rupees(Rs.),12.0,3.7,Yellow,Good,3.0 - 3.9 (Moderate),49,14.47,49,294.0
3317,4825,800.0,Indian Rupees(Rs.),9.6,3.9,Yellow,Good,3.0 - 3.9 (Moderate),2724,30.85,4086,19612.8
3318,311674,550.0,Indian Rupees(Rs.),6.6,3.8,Yellow,Good,3.0 - 3.9 (Moderate),541,23.92,812,2679.6
3319,6646,250.0,Indian Rupees(Rs.),3.0,3.7,Yellow,Good,3.0 - 3.9 (Moderate),91,16.73,91,136.5
3320,304307,650.0,Indian Rupees(Rs.),7.8,3.8,Yellow,Good,3.0 - 3.9 (Moderate),1970,28.83,2955,11524.5
3321,18421487,400.0,Indian Rupees(Rs.),4.8,0.0,White,Not rated,Unrated,0,0.0,0,0.0
3322,18277324,100.0,Indian Rupees(Rs.),1.2,0.0,White,Not rated,Unrated,1,0.0,1,0.6
3323,18455950,300.0,Indian Rupees(Rs.),3.6,0.0,White,Not rated,Unrated,1,0.0,1,1.8
3324,18463988,300.0,Indian Rupees(Rs.),3.6,0.0,White,Not rated,Unrated,0,0.0,0,0.0
3325,18463995,250.0,Indian Rupees(Rs.),3.0,0.0,White,Not rated,Unrated,1,0.0,1,1.5
3326,18426904,50.0,Indian Rupees(Rs.),0.6,0.0,White,Not rated,Unrated,0,0.0,0,0.0
3327,18124356,350.0,Indian Rupees(Rs.),4.2,0.0,White,Not rated,Unrated,2,0.0,2,4.2
3328,18420653,350.0,Indian Rupees(Rs.),4.2,0.0,White,Not rated,Unrated,0,0.0,0,0.0
3329,18432553,400.0,Indian Rupees(Rs.),4.8,0.0,White,Not rated,Unrated,3,0.0,4,9.6
3330,18388132,200.0,Indian Rupees(Rs.),2.4,0.0,White,Not rated,Unrated,0,0.0,0,0.0
3331,6608,350.0,Indian Rupees(Rs.),4.2,0.0,White,Not rated,Unrated,3,0.0,3,6.3
3332,300883,600.0,Indian Rupees(Rs.),7.2,2.4,Red,Poor,< 3.0 (Low),147,11.99,220,792.0
3333,3036,700.0,Indian Rupees(Rs.),8.4,2.4,Red,Poor,< 3.0 (Low),148,12.01,222,932.4
3334,18342940,400.0,Indian Rupees(Rs.),4.8,4.1,Green,Very Good,4.0 - 4.4 (High),111,19.35,111,266.4
3335,6144,700.0,Indian Rupees(Rs.),8.4,4.1,Green,Very Good,4.0 - 4.4 (High),1384,29.66,2076,8719.2
3336,18365861,250.0,Indian Rupees(Rs.),3.0,4.3,Green,Very Good,4.0 - 4.4 (High),156,21.74,234,351.0
3337,304262,900.0,Indian Rupees(Rs.),10.8,4.3,Green,Very Good,4.0 - 4.4 (High),4085,35.76,4085,22059.0
3338,312345,850.0,Indian Rupees(Rs.),10.2,4.4,Green,Very Good,4.0 - 4.4 (High),1537,32.29,2306,11760.6
3339,306407,700.0,Indian Rupees(Rs.),8.4,4.2,Green,Very Good,4.0 - 4.4 (High),1526,30.79,1526,6409.2
3340,7777,400.0,Indian Rupees(Rs.),4.8,2.8,Orange,Average,< 3.0 (Low),45,10.72,45,108.0
3341,3167,750.0,Indian Rupees(Rs.),9.0,3.2,Orange,Average,3.0 - 3.9 (Moderate),26,10.55,26,117.0
3342,302555,350.0,Indian Rupees(Rs.),4.2,3.1,Orange,Average,3.0 - 3.9 (Moderate),13,8.18,13,27.3
3343,309841,700.0,Indian Rupees(Rs.),8.4,2.5,Orange,Average,< 3.0 (Low),29,8.5,44,184.8
3344,3158,200.0,Indian Rupees(Rs.),2.4,2.8,Orange,Average,< 3.0 (Low),11,6.96,11,13.2
3345,7814,450.0,Indian Rupees(Rs.),5.4,3.1,Orange,Average,3.0 - 3.9 (Moderate),52,12.31,52,140.4
3346,7770,400.0,Indian Rupees(Rs.),4.8,3.4,Orange,Average,3.0 - 3.9 (Moderate),69,14.44,69,165.6
3347,7789,350.0,Indian Rupees(Rs.),4.2,3.0,Orange,Average,3.0 - 3.9 (Moderate),36,10.83,36,75.6
3348,302537,700.0,Indian Rupees(Rs.),8.4,3.1,Orange,Average,3.0 - 3.9 (Moderate),44,11.8,44,184.8
3349,7790,450.0,Indian Rupees(Rs.),5.4,2.8,Orange,Average,< 3.0 (Low),8,6.15,8,21.6
3350,18025092,500.0,Indian Rupees(Rs.),6.0,3.5,Yellow,Good,3.0 - 3.9 (Moderate),28,11.79,28,84.0
3351,7768,800.0,Indian Rupees(Rs.),9.6,3.7,Yellow,Good,3.0 - 3.9 (Moderate),182,19.28,182,873.6
3352,302264,350.0,Indian Rupees(Rs.),4.2,3.6,Yellow,Good,3.0 - 3.9 (Moderate),93,16.36,93,195.3
3353,300975,450.0,Indian Rupees(Rs.),5.4,3.6,Yellow,Good,3.0 - 3.9 (Moderate),72,15.45,72,194.4
3354,7772,400.0,Indian Rupees(Rs.),4.8,3.8,Yellow,Good,3.0 - 3.9 (Moderate),152,19.12,152,364.8
3355,7834,250.0,Indian Rupees(Rs.),3.0,3.5,Yellow,Good,3.0 - 3.9 (Moderate),19,10.49,19,28.5
3356,302542,800.0,Indian Rupees(Rs.),9.6,3.7,Yellow,Good,3.0 - 3.9 (Moderate),143,18.39,143,686.4
3357,7774,450.0,Indian Rupees(Rs.),5.4,3.5,Yellow,Good,3.0 - 3.9 (Moderate),24,11.27,24,64.8
3358,7769,400.0,Indian Rupees(Rs.),4.8,3.5,Yellow,Good,3.0 - 3.9 (Moderate),30,12.02,30,72.0
3359,7788,700.0,Indian Rupees(Rs.),8.4,2.3,Red,Poor,< 3.0 (Low),30,7.9,30,126.0
3360,309037,350.0,Indian Rupees(Rs.),4.2,3.0,Orange,Average,3.0 - 3.9 (Moderate),9,6.91,9,18.9
3361,18454058,500.0,Indian Rupees(Rs.),6.0,3.2,Orange,Average,3.0 - 3.9 (Moderate),10,7.67,10,30.0
3362,312579,500.0,Indian Rupees(Rs.),6.0,3.2,Orange,Average,3.0 - 3.9 (Moderate),15,8.87,15,45.0
3363,18398753,300.0,Indian Rupees(Rs.),3.6,3.0,Orange,Average,3.0 - 3.9 (Moderate),7,6.24,7,12.6
3364,301313,600.0,Indian Rupees(Rs.),7.2,2.8,Orange,Average,< 3.0 (Low),9,6.45,9,32.4
3365,301305,350.0,Indian Rupees(Rs.),4.2,3.3,Orange,Average,3.0 - 3.9 (Moderate),32,11.54,32,67.2
3366,18124346,400.0,Indian Rupees(Rs.),4.8,2.9,Orange,Average,< 3.0 (Low),4,4.67,4,9.6
3367,310664,1200.0,Indian Rupees(Rs.),14.4,3.3,Orange,Average,3.0 - 3.9 (Moderate),56,13.34,84,604.8
3368,6266,600.0,Indian Rupees(Rs.),7.2,3.0,Orange,Average,3.0 - 3.9 (Moderate),16,8.5,16,57.6
3369,5060,700.0,Indian Rupees(Rs.),8.4,3.3,Orange,Average,3.0 - 3.9 (Moderate),87,14.78,87,365.4
3370,312566,200.0,Indian Rupees(Rs.),2.4,3.4,Orange,Average,3.0 - 3.9 (Moderate),39,12.54,39,46.8
3371,18368621,250.0,Indian Rupees(Rs.),3.0,3.4,Orange,Average,3.0 - 3.9 (Moderate),23,10.81,23,34.5
3372,310319,400.0,Indian Rupees(Rs.),4.8,3.2,Orange,Average,3.0 - 3.9 (Moderate),11,7.95,11,26.4
3373,302497,450.0,Indian Rupees(Rs.),5.4,2.6,Orange,Average,< 3.0 (Low),15,7.21,22,59.4
3374,302528,500.0,Indian Rupees(Rs.),6.0,3.3,Orange,Average,3.0 - 3.9 (Moderate),65,13.83,98,294.0
3375,305209,300.0,Indian Rupees(Rs.),3.6,3.1,Orange,Average,3.0 - 3.9 (Moderate),7,6.45,7,12.6
3376,313046,500.0,Indian Rupees(Rs.),6.0,2.6,Orange,Average,< 3.0 (Low),14,7.04,14,42.0
3377,313473,300.0,Indian Rupees(Rs.),3.6,3.0,Orange,Average,3.0 - 3.9 (Moderate),7,6.24,7,12.6
3378,9817,500.0,Indian Rupees(Rs.),6.0,2.7,Orange,Average,< 3.0 (Low),14,7.31,14,42.0
3379,18255138,400.0,Indian Rupees(Rs.),4.8,3.0,Orange,Average,3.0 - 3.9 (Moderate),4,4.83,4,9.6
3380,309727,500.0,Indian Rupees(Rs.),6.0,2.7,Orange,Average,< 3.0 (Low),177,13.99,266,798.0
3381,18204499,800.0,Indian Rupees(Rs.),9.6,3.0,Orange,Average,3.0 - 3.9 (Moderate),6,5.84,6,28.8
3382,311187,350.0,Indian Rupees(Rs.),4.2,2.7,Orange,Average,< 3.0 (Low),39,9.96,39,81.9
3383,301498,200.0,Indian Rupees(Rs.),2.4,3.3,Orange,Average,3.0 - 3.9 (Moderate),27,11.0,27,32.4
3384,18378033,300.0,Indian Rupees(Rs.),3.6,3.1,Orange,Average,3.0 - 3.9 (Moderate),14,8.39,21,37.8
3385,309043,100.0,Indian Rupees(Rs.),1.2,3.1,Orange,Average,3.0 - 3.9 (Moderate),15,8.6,15,9.0
3386,308509,400.0,Indian Rupees(Rs.),4.8,2.6,Orange,Average,< 3.0 (Low),50,10.22,75,180.0
3387,6242,600.0,Indian Rupees(Rs.),7.2,3.1,Orange,Average,3.0 - 3.9 (Moderate),97,14.21,146,525.6
3388,303994,600.0,Indian Rupees(Rs.),7.2,3.2,Orange,Average,3.0 - 3.9 (Moderate),103,14.86,103,370.8
3389,9002,600.0,Indian Rupees(Rs.),7.2,3.5,Yellow,Good,3.0 - 3.9 (Moderate),88,15.71,88,316.8
3390,307364,800.0,Indian Rupees(Rs.),9.6,3.6,Yellow,Good,3.0 - 3.9 (Moderate),107,16.86,160,768.0
3391,18265385,150.0,Indian Rupees(Rs.),1.8,0.0,White,Not rated,Unrated,0,0.0,0,0.0
3392,18424632,200.0,Indian Rupees(Rs.),2.4,0.0,White,Not rated,Unrated,1,0.0,1,1.2
3393,301316,200.0,Indian Rupees(Rs.),2.4,0.0,White,Not rated,Unrated,2,0.0,2,2.4
3394,18378032,500.0,Indian Rupees(Rs.),6.0,0.0,White,Not rated,Unrated,0,0.0,0,0.0
3395,18128881,200.0,Indian Rupees(Rs.),2.4,0.0,White,Not rated,Unrated,0,0.0,0,0.0
3396,18378035,400.0,Indian Rupees(Rs.),4.8,0.0,White,Not rated,Unrated,1,0.0,1,2.4
3397,18435806,400.0,Indian Rupees(Rs.),4.8,0.0,White,Not rated,Unrated,0,0.0,0,0.0
3398,18471239,400.0,Indian Rupees(Rs.),4.8,0.0,White,Not rated,Unrated,1,0.0,1,2.4
3399,18435819,250.0,Indian Rupees(Rs.),3.0,0.0,White,Not rated,Unrated,0,0.0,0,0.0
3400,18376475,300.0,Indian Rupees(Rs.),3.6,0.0,White,Not rated,Unrated,0,0.0,0,0.0
3401,18378043,400.0,Indian Rupees(Rs.),4.8,0.0,White,Not rated,Unrated,0,0.0,0,0.0
3402,18424636,400.0,Indian Rupees(Rs.),4.8,0.0,White,Not rated,Unrated,2,0.0,2,4.8
3403,18424625,250.0,Indian Rupees(Rs.),3.0,0.0,White,Not rated,Unrated,0,0.0,0,0.0
3404,18377889,300.0,Indian Rupees(Rs.),3.6,0.0,White,Not rated,Unrated,1,0.0,1,1.8
3405,18435822,300.0,Indian Rupees(Rs.),3.6,0.0,White,Not rated,Unrated,0,0.0,0,0.0
3406,18429577,200.0,Indian Rupees(Rs.),2.4,0.0,White,Not rated,Unrated,0,0.0,0,0.0
3407,18424642,500.0,Indian Rupees(Rs.),6.0,0.0,White,Not rated,Unrated,0,0.0,0,0.0
3408,18378039,350.0,Indian Rupees(Rs.),4.2,0.0,White,Not rated,Unrated,2,0.0,2,4.2
3409,18378037,400.0,Indian Rupees(Rs.),4.8,0.0,White,Not rated,Unrated,0,0.0,0,0.0
3410,311037,350.0,Indian Rupees(Rs.),4.2,0.0,White,Not rated,Unrated,2,0.0,2,4.2
3411,18435816,300.0,Indian Rupees(Rs.),3.6,0.0,White,Not rated,Unrated,0,0.0,0,0.0
3412,18128868,350.0,Indian Rupees(Rs.),4.2,0.0,White,Not rated,Unrated,1,0.0,1,2.1
3413,18350160,250.0,Indian Rupees(Rs.),3.0,0.0,White,Not rated,Unrated,2,0.0,2,3.0
3414,18378030,300.0,Indian Rupees(Rs.),3.6,0.0,White,Not rated,Unrated,1,0.0,1,1.8
3415,18209806,250.0,Indian Rupees(Rs.),3.0,0.0,White,Not rated,Unrated,0,0.0,0,0.0
3416,18153563,700.0,Indian Rupees(Rs.),8.4,2.3,Red,Poor,< 3.0 (Low),57,9.34,86,361.2
3417,357,800.0,Indian Rupees(Rs.),9.6,3.4,Orange,Average,3.0 - 3.9 (Moderate),122,16.36,183,878.4
3418,8453,500.0,Indian Rupees(Rs.),6.0,2.5,Orange,Average,< 3.0 (Low),85,11.14,128,384.0
3419,306856,400.0,Indian Rupees(Rs.),4.8,2.6,Orange,Average,< 3.0 (Low),55,10.47,55,132.0
3420,18332009,1200.0,Indian Rupees(Rs.),14.4,3.4,Orange,Average,3.0 - 3.9 (Moderate),35,12.18,52,374.4
3421,6875,300.0,Indian Rupees(Rs.),3.6,3.5,Yellow,Good,3.0 - 3.9 (Moderate),56,14.15,56,100.8
3422,2530,1200.0,Indian Rupees(Rs.),14.4,2.3,Red,Poor,< 3.0 (Low),118,10.99,118,849.6
3423,5260,450.0,Indian Rupees(Rs.),5.4,3.0,Orange,Average,3.0 - 3.9 (Moderate),29,10.2,29,78.3
3424,3224,700.0,Indian Rupees(Rs.),8.4,3.0,Orange,Average,3.0 - 3.9 (Moderate),63,12.48,63,264.6
3425,5293,150.0,Indian Rupees(Rs.),1.8,3.3,Orange,Average,3.0 - 3.9 (Moderate),14,8.94,14,12.6
3426,307578,500.0,Indian Rupees(Rs.),6.0,3.6,Yellow,Good,3.0 - 3.9 (Moderate),62,14.92,62,186.0
3427,18445798,350.0,Indian Rupees(Rs.),4.2,0.0,White,Not rated,Unrated,2,0.0,2,4.2
3428,4919,1600.0,Indian Rupees(Rs.),19.2,3.5,Yellow,Good,3.0 - 3.9 (Moderate),83,15.51,83,796.8
3429,4921,1500.0,Indian Rupees(Rs.),18.0,3.8,Yellow,Good,3.0 - 3.9 (Moderate),118,18.16,118,1062.0
3430,307321,1800.0,Indian Rupees(Rs.),21.6,3.1,Orange,Average,3.0 - 3.9 (Moderate),134,15.21,201,2170.8
3431,2616,550.0,Indian Rupees(Rs.),6.6,2.8,Orange,Average,< 3.0 (Low),138,13.82,138,455.4
3432,302212,400.0,Indian Rupees(Rs.),4.8,3.8,Yellow,Good,3.0 - 3.9 (Moderate),152,19.12,228,547.2
3433,3814,850.0,Indian Rupees(Rs.),10.2,3.5,Yellow,Good,3.0 - 3.9 (Moderate),246,19.28,369,1881.9
3434,8201,600.0,Indian Rupees(Rs.),7.2,3.8,Yellow,Good,3.0 - 3.9 (Moderate),426,23.02,426,1533.6
3435,306571,700.0,Indian Rupees(Rs.),8.4,3.9,Yellow,Good,3.0 - 3.9 (Moderate),71,16.68,71,298.2
3436,2300,350.0,Indian Rupees(Rs.),4.2,3.7,Yellow,Good,3.0 - 3.9 (Moderate),229,20.12,229,480.9
3437,3719,2500.0,Indian Rupees(Rs.),30.0,3.7,Yellow,Good,3.0 - 3.9 (Moderate),984,25.5,1476,22140.0
3438,9720,1200.0,Indian Rupees(Rs.),14.4,3.5,Yellow,Good,3.0 - 3.9 (Moderate),295,19.92,295,2124.0
3439,3192,1500.0,Indian Rupees(Rs.),18.0,4.4,Green,Very Good,4.0 - 4.4 (High),2777,34.89,2777,24993.0
3440,305781,400.0,Indian Rupees(Rs.),4.8,4.1,Green,Very Good,4.0 - 4.4 (High),397,24.54,596,1430.4
3441,18337927,400.0,Indian Rupees(Rs.),4.8,4.1,Green,Very Good,4.0 - 4.4 (High),71,17.53,71,170.4
3442,2615,550.0,Indian Rupees(Rs.),6.6,3.2,Orange,Average,3.0 - 3.9 (Moderate),118,15.29,118,389.4
3443,2893,750.0,Indian Rupees(Rs.),9.0,3.6,Yellow,Good,3.0 - 3.9 (Moderate),161,18.32,242,1089.0
3444,18237314,400.0,Indian Rupees(Rs.),4.8,3.9,Yellow,Good,3.0 - 3.9 (Moderate),91,17.63,91,218.4
3445,2436,400.0,Indian Rupees(Rs.),4.8,3.9,Yellow,Good,3.0 - 3.9 (Moderate),360,22.97,540,1296.0
3446,306572,700.0,Indian Rupees(Rs.),8.4,3.7,Yellow,Good,3.0 - 3.9 (Moderate),69,15.72,69,289.8
3447,2301,600.0,Indian Rupees(Rs.),7.2,3.7,Yellow,Good,3.0 - 3.9 (Moderate),134,18.15,134,482.4
3448,312542,400.0,Indian Rupees(Rs.),4.8,3.8,Yellow,Good,3.0 - 3.9 (Moderate),154,19.17,154,369.6
3449,310887,350.0,Indian Rupees(Rs.),4.2,3.9,Yellow,Good,3.0 - 3.9 (Moderate),98,17.92,147,308.7
3450,7256,400.0,Indian Rupees(Rs.),4.8,3.8,Yellow,Good,3.0 - 3.9 (Moderate),159,19.29,238,571.2
3451,8593,450.0,Indian Rupees(Rs.),5.4,3.7,Yellow,Good,3.0 - 3.9 (Moderate),169,19.0,254,685.8
3452,311353,700.0,Indian Rupees(Rs.),8.4,3.9,Yellow,Good,3.0 - 3.9 (Moderate),109,18.33,109,457.8
3453,311423,1250.0,Indian Rupees(Rs.),15.0,3.8,Yellow,Good,3.0 - 3.9 (Moderate),170,19.54,170,1275.0
3454,7247,500.0,Indian Rupees(Rs.),6.0,4.0,Green,Very Good,4.0 - 4.4 (High),154,20.17,154,462.0
3455,8396,700.0,Indian Rupees(Rs.),8.4,2.7,Orange,Average,< 3.0 (Low),59,11.05,59,247.8
3456,308544,1500.0,Indian Rupees(Rs.),18.0,2.7,Orange,Average,< 3.0 (Low),112,12.76,168,1512.0
3457,301237,200.0,Indian Rupees(Rs.),2.4,3.0,Orange,Average,3.0 - 3.9 (Moderate),11,7.45,11,13.2
3458,300408,300.0,Indian Rupees(Rs.),3.6,3.6,Yellow,Good,3.0 - 3.9 (Moderate),195,19.0,195,351.0
3459,9657,500.0,Indian Rupees(Rs.),6.0,3.5,Yellow,Good,3.0 - 3.9 (Moderate),100,16.15,150,450.0
3460,18370535,300.0,Indian Rupees(Rs.),3.6,0.0,White,Not rated,Unrated,0,0.0,0,0.0
3461,307167,500.0,Indian Rupees(Rs.),6.0,2.4,Red,Poor,< 3.0 (Low),65,10.06,98,294.0
3462,303264,300.0,Indian Rupees(Rs.),3.6,2.9,Orange,Average,< 3.0 (Low),7,6.03,7,12.6
3463,311712,350.0,Indian Rupees(Rs.),4.2,2.9,Orange,Average,< 3.0 (Low),8,6.37,8,16.8
3464,9886,100.0,Indian Rupees(Rs.),1.2,2.7,Orange,Average,< 3.0 (Low),10,6.47,10,6.0
3465,9891,600.0,Indian Rupees(Rs.),7.2,3.2,Orange,Average,3.0 - 3.9 (Moderate),21,9.89,21,75.6
3466,9887,200.0,Indian Rupees(Rs.),2.4,2.8,Orange,Average,< 3.0 (Low),13,7.39,13,15.6
3467,7893,450.0,Indian Rupees(Rs.),5.4,2.7,Orange,Average,< 3.0 (Low),24,8.69,24,64.8
3468,18266888,500.0,Indian Rupees(Rs.),6.0,3.3,Orange,Average,3.0 - 3.9 (Moderate),19,9.89,19,57.0
3469,7884,300.0,Indian Rupees(Rs.),3.6,3.2,Orange,Average,3.0 - 3.9 (Moderate),16,9.07,24,43.2
3470,18377458,100.0,Indian Rupees(Rs.),1.2,3.0,Orange,Average,3.0 - 3.9 (Moderate),7,6.24,7,4.2
3471,7897,150.0,Indian Rupees(Rs.),1.8,3.1,Orange,Average,3.0 - 3.9 (Moderate),12,7.95,12,10.8
3472,18391937,400.0,Indian Rupees(Rs.),4.8,3.1,Orange,Average,3.0 - 3.9 (Moderate),11,7.7,16,38.4
3473,7888,300.0,Indian Rupees(Rs.),3.6,2.8,Orange,Average,< 3.0 (Low),12,7.18,12,21.6
3474,18037834,400.0,Indian Rupees(Rs.),4.8,3.1,Orange,Average,3.0 - 3.9 (Moderate),9,7.14,9,21.6
3475,312605,500.0,Indian Rupees(Rs.),6.0,3.0,Orange,Average,3.0 - 3.9 (Moderate),19,8.99,19,57.0
3476,7876,250.0,Indian Rupees(Rs.),3.0,2.7,Orange,Average,< 3.0 (Low),21,8.35,21,31.5
3477,18358157,400.0,Indian Rupees(Rs.),4.8,3.4,Orange,Average,3.0 - 3.9 (Moderate),17,9.83,26,62.4
3478,18272344,500.0,Indian Rupees(Rs.),6.0,3.2,Orange,Average,3.0 - 3.9 (Moderate),14,8.67,14,42.0
3479,18458308,300.0,Indian Rupees(Rs.),3.6,2.8,Orange,Average,< 3.0 (Low),4,4.51,6,10.8
3480,4302,700.0,Indian Rupees(Rs.),8.4,3.2,Orange,Average,3.0 - 3.9 (Moderate),38,11.72,57,239.4
3481,7886,200.0,Indian Rupees(Rs.),2.4,3.1,Orange,Average,3.0 - 3.9 (Moderate),17,8.96,17,20.4
3482,7873,650.0,Indian Rupees(Rs.),7.8,3.3,Orange,Average,3.0 - 3.9 (Moderate),61,13.62,92,358.8
3483,303625,350.0,Indian Rupees(Rs.),4.2,3.2,Orange,Average,3.0 - 3.9 (Moderate),19,9.59,19,39.9
3484,310794,400.0,Indian Rupees(Rs.),4.8,2.9,Orange,Average,< 3.0 (Low),4,4.67,4,9.6
3485,920,500.0,Indian Rupees(Rs.),6.0,3.1,Orange,Average,3.0 - 3.9 (Moderate),22,9.72,22,66.0
3486,18381237,400.0,Indian Rupees(Rs.),4.8,2.7,Orange,Average,< 3.0 (Low),12,6.93,18,43.2
3487,18371426,350.0,Indian Rupees(Rs.),4.2,3.2,Orange,Average,3.0 - 3.9 (Moderate),14,8.67,21,44.1
3488,312173,500.0,Indian Rupees(Rs.),6.0,3.1,Orange,Average,3.0 - 3.9 (Moderate),25,10.1,38,114.0
3489,18361752,260.0,Indian Rupees(Rs.),3.12,0.0,White,Not rated,Unrated,1,0.0,1,1.56
3490,9883,150.0,Indian Rupees(Rs.),1.8,0.0,White,Not rated,Unrated,2,0.0,2,1.8
3491,18355117,500.0,Indian Rupees(Rs.),6.0,0.0,White,Not rated,Unrated,0,0.0,0,0.0
3492,18355119,500.0,Indian Rupees(Rs.),6.0,0.0,White,Not rated,Unrated,2,0.0,2,6.0
3493,18414496,400.0,Indian Rupees(Rs.),4.8,0.0,White,Not rated,Unrated,2,0.0,2,4.8
3494,18380379,500.0,Indian Rupees(Rs.),6.0,0.0,White,Not rated,Unrated,1,0.0,1,3.0
3495,18409218,600.0,Indian Rupees(Rs.),7.2,0.0,White,Not rated,Unrated,2,0.0,3,10.8
3496,18432652,400.0,Indian Rupees(Rs.),4.8,0.0,White,Not rated,Unrated,0,0.0,0,0.0
3497,18388133,500.0,Indian Rupees(Rs.),6.0,0.0,White,Not rated,Unrated,2,0.0,3,9.0
3498,18423121,100.0,Indian Rupees(Rs.),1.2,0.0,White,Not rated,Unrated,2,0.0,2,1.2
3499,305402,500.0,Indian Rupees(Rs.),6.0,0.0,White,Not rated,Unrated,0,0.0,0,0.0
3500,18415664,250.0,Indian Rupees(Rs.),3.0,0.0,White,Not rated,Unrated,0,0.0,0,0.0
3501,18356776,100.0,Indian Rupees(Rs.),1.2,0.0,White,Not rated,Unrated,0,0.0,0,0.0
3502,18427222,300.0,Indian Rupees(Rs.),3.6,0.0,White,Not rated,Unrated,0,0.0,0,0.0
3503,9884,150.0,Indian Rupees(Rs.),1.8,0.0,White,Not rated,Unrated,2,0.0,2,1.8
3504,18425767,600.0,Indian Rupees(Rs.),7.2,0.0,White,Not rated,Unrated,1,0.0,1,3.6
3505,3479,200.0,Indian Rupees(Rs.),2.4,0.0,White,Not rated,Unrated,3,0.0,4,4.8
3506,18414469,500.0,Indian Rupees(Rs.),6.0,0.0,White,Not rated,Unrated,0,0.0,0,0.0
3507,313419,450.0,Indian Rupees(Rs.),5.4,0.0,White,Not rated,Unrated,2,0.0,2,5.4
3508,18358162,300.0,Indian Rupees(Rs.),3.6,0.0,White,Not rated,Unrated,0,0.0,0,0.0
3509,18355111,400.0,Indian Rupees(Rs.),4.8,0.0,White,Not rated,Unrated,3,0.0,3,7.2
3510,18355115,300.0,Indian Rupees(Rs.),3.6,0.0,White,Not rated,Unrated,0,0.0,0,0.0
3511,18273617,300.0,Indian Rupees(Rs.),3.6,0.0,White,Not rated,Unrated,3,0.0,4,7.2
3512,18357958,200.0,Indian Rupees(Rs.),2.4,0.0,White,Not rated,Unrated,2,0.0,2,2.4
3513,18331598,450.0,Indian Rupees(Rs.),5.4,0.0,White,Not rated,Unrated,0,0.0,0,0.0
3514,18419884,800.0,Indian Rupees(Rs.),9.6,0.0,White,Not rated,Unrated,1,0.0,1,4.8
3515,18362795,200.0,Indian Rupees(Rs.),2.4,0.0,White,Not rated,Unrated,0,0.0,0,0.0
3516,9876,200.0,Indian Rupees(Rs.),2.4,0.0,White,Not rated,Unrated,1,0.0,1,1.2
3517,18312598,500.0,Indian Rupees(Rs.),6.0,0.0,White,Not rated,Unrated,0,0.0,0,0.0
3518,18454461,200.0,Indian Rupees(Rs.),2.4,0.0,White,Not rated,Unrated,0,0.0,0,0.0
3519,8959,1500.0,Indian Rupees(Rs.),18.0,4.1,Green,Very Good,4.0 - 4.4 (High),686,26.78,1029,9261.0
3520,304176,250.0,Indian Rupees(Rs.),3.0,3.2,Orange,Average,3.0 - 3.9 (Moderate),44,12.18,44,66.0
3521,8822,1000.0,Indian Rupees(Rs.),12.0,2.9,Orange,Average,< 3.0 (Low),11,7.21,11,66.0
3522,511,650.0,Indian Rupees(Rs.),7.8,3.2,Orange,Average,3.0 - 3.9 (Moderate),44,12.18,44,171.6
3523,309166,300.0,Indian Rupees(Rs.),3.6,2.6,Orange,Average,< 3.0 (Low),11,6.46,16,28.8
3524,18268708,350.0,Indian Rupees(Rs.),4.2,3.3,Orange,Average,3.0 - 3.9 (Moderate),24,10.62,36,75.6
3525,18265722,700.0,Indian Rupees(Rs.),8.4,2.6,Orange,Average,< 3.0 (Low),27,8.66,40,168.0
3526,18453878,500.0,Indian Rupees(Rs.),6.0,3.0,Orange,Average,3.0 - 3.9 (Moderate),5,5.38,5,15.0
3527,309013,700.0,Indian Rupees(Rs.),8.4,3.2,Orange,Average,3.0 - 3.9 (Moderate),39,11.8,39,163.8
3528,305077,100.0,Indian Rupees(Rs.),1.2,2.9,Orange,Average,< 3.0 (Low),5,5.2,5,3.0
3529,5262,450.0,Indian Rupees(Rs.),5.4,2.9,Orange,Average,< 3.0 (Low),38,10.62,38,102.6
3530,7375,300.0,Indian Rupees(Rs.),3.6,3.1,Orange,Average,3.0 - 3.9 (Moderate),13,8.18,13,23.4
3531,18337880,400.0,Indian Rupees(Rs.),4.8,2.5,Orange,Average,< 3.0 (Low),6,4.86,9,21.6
3532,306978,300.0,Indian Rupees(Rs.),3.6,3.3,Orange,Average,3.0 - 3.9 (Moderate),28,11.11,42,75.6
3533,18312478,200.0,Indian Rupees(Rs.),2.4,3.1,Orange,Average,3.0 - 3.9 (Moderate),5,5.55,5,6.0
3534,3979,400.0,Indian Rupees(Rs.),4.8,3.3,Orange,Average,3.0 - 3.9 (Moderate),31,11.44,31,74.4
3535,18336207,500.0,Indian Rupees(Rs.),6.0,3.0,Orange,Average,3.0 - 3.9 (Moderate),4,4.83,4,12.0
3536,7377,1100.0,Indian Rupees(Rs.),13.2,3.2,Orange,Average,3.0 - 3.9 (Moderate),38,11.72,38,250.8
3537,307506,350.0,Indian Rupees(Rs.),4.2,3.3,Orange,Average,3.0 - 3.9 (Moderate),31,11.44,31,65.1
3538,3125,550.0,Indian Rupees(Rs.),6.6,3.4,Orange,Average,3.0 - 3.9 (Moderate),93,15.45,140,462.0
3539,305674,1400.0,Indian Rupees(Rs.),16.8,3.3,Orange,Average,3.0 - 3.9 (Moderate),46,12.71,46,386.4
3540,18391167,400.0,Indian Rupees(Rs.),4.8,3.0,Orange,Average,3.0 - 3.9 (Moderate),6,5.84,6,14.4
3541,8727,400.0,Indian Rupees(Rs.),4.8,3.2,Orange,Average,3.0 - 3.9 (Moderate),17,9.25,17,40.8
3542,3980,350.0,Indian Rupees(Rs.),4.2,2.6,Orange,Average,< 3.0 (Low),43,9.84,43,90.3
3543,312183,700.0,Indian Rupees(Rs.),8.4,3.2,Orange,Average,3.0 - 3.9 (Moderate),32,11.19,32,134.4
3544,311945,250.0,Indian Rupees(Rs.),3.0,3.4,Orange,Average,3.0 - 3.9 (Moderate),21,10.51,32,48.0
3545,3126,1000.0,Indian Rupees(Rs.),12.0,3.2,Orange,Average,3.0 - 3.9 (Moderate),87,14.33,130,780.0
3546,18475269,400.0,Indian Rupees(Rs.),4.8,3.2,Orange,Average,3.0 - 3.9 (Moderate),12,8.21,12,28.8
3547,303124,300.0,Indian Rupees(Rs.),3.6,3.0,Orange,Average,3.0 - 3.9 (Moderate),23,9.53,23,41.4
3548,18034042,350.0,Indian Rupees(Rs.),4.2,3.1,Orange,Average,3.0 - 3.9 (Moderate),50,12.19,75,157.5
3549,201,700.0,Indian Rupees(Rs.),8.4,3.5,Yellow,Good,3.0 - 3.9 (Moderate),119,16.76,119,499.8
3550,303575,600.0,Indian Rupees(Rs.),7.2,3.6,Yellow,Good,3.0 - 3.9 (Moderate),177,18.65,266,957.6
3551,410,500.0,Indian Rupees(Rs.),6.0,3.6,Yellow,Good,3.0 - 3.9 (Moderate),359,21.19,538,1614.0
3552,308107,300.0,Indian Rupees(Rs.),3.6,3.5,Yellow,Good,3.0 - 3.9 (Moderate),53,13.96,80,144.0
3553,4885,1100.0,Indian Rupees(Rs.),13.2,3.7,Yellow,Good,3.0 - 3.9 (Moderate),241,20.31,362,2389.2
3554,18273627,700.0,Indian Rupees(Rs.),8.4,3.9,Yellow,Good,3.0 - 3.9 (Moderate),178,20.23,267,1121.4
3555,311539,350.0,Indian Rupees(Rs.),4.2,3.7,Yellow,Good,3.0 - 3.9 (Moderate),146,18.46,146,306.6
3556,2635,800.0,Indian Rupees(Rs.),9.6,3.8,Yellow,Good,3.0 - 3.9 (Moderate),145,18.94,218,1046.4
3557,18237962,500.0,Indian Rupees(Rs.),6.0,3.5,Yellow,Good,3.0 - 3.9 (Moderate),26,11.54,26,78.0
3558,18261486,350.0,Indian Rupees(Rs.),4.2,3.9,Yellow,Good,3.0 - 3.9 (Moderate),54,15.63,81,170.1
3559,18423116,300.0,Indian Rupees(Rs.),3.6,0.0,White,Not rated,Unrated,3,0.0,3,5.4
3560,18423112,150.0,Indian Rupees(Rs.),1.8,0.0,White,Not rated,Unrated,3,0.0,3,2.7
3561,18258777,600.0,Indian Rupees(Rs.),7.2,0.0,White,Not rated,Unrated,3,0.0,3,10.8
3562,18491227,900.0,Indian Rupees(Rs.),10.8,0.0,White,Not rated,Unrated,1,0.0,1,5.4
3563,304531,200.0,Indian Rupees(Rs.),2.4,0.0,White,Not rated,Unrated,2,0.0,2,2.4
3564,18420433,400.0,Indian Rupees(Rs.),4.8,0.0,White,Not rated,Unrated,0,0.0,0,0.0
3565,17977786,250.0,Indian Rupees(Rs.),3.0,0.0,White,Not rated,Unrated,3,0.0,3,4.5
3566,18412868,700.0,Indian Rupees(Rs.),8.4,0.0,White,Not rated,Unrated,3,0.0,3,12.6
3567,311216,400.0,Indian Rupees(Rs.),4.8,0.0,White,Not rated,Unrated,2,0.0,2,4.8
3568,311327,400.0,Indian Rupees(Rs.),4.8,2.4,Red,Poor,< 3.0 (Low),101,11.1,152,364.8
3569,7372,200.0,Indian Rupees(Rs.),2.4,4.1,Green,Very Good,4.0 - 4.4 (High),150,20.57,150,180.0
3570,306016,450.0,Indian Rupees(Rs.),5.4,3.1,Orange,Average,3.0 - 3.9 (Moderate),44,11.8,44,118.8
3571,304906,600.0,Indian Rupees(Rs.),7.2,2.5,Orange,Average,< 3.0 (Low),93,11.36,140,504.0
3572,18447890,500.0,Indian Rupees(Rs.),6.0,3.1,Orange,Average,3.0 - 3.9 (Moderate),9,7.14,9,27.0
3573,18375391,250.0,Indian Rupees(Rs.),3.0,3.3,Orange,Average,3.0 - 3.9 (Moderate),9,7.6,14,21.0
3574,18355123,300.0,Indian Rupees(Rs.),3.6,3.2,Orange,Average,3.0 - 3.9 (Moderate),9,7.37,9,16.2
3575,304915,700.0,Indian Rupees(Rs.),8.4,3.1,Orange,Average,3.0 - 3.9 (Moderate),185,16.2,278,1167.6
3576,304913,800.0,Indian Rupees(Rs.),9.6,3.1,Orange,Average,3.0 - 3.9 (Moderate),100,14.31,150,720.0
3577,304923,600.0,Indian Rupees(Rs.),7.2,3.3,Orange,Average,3.0 - 3.9 (Moderate),70,14.07,70,252.0
3578,309738,1300.0,Indian Rupees(Rs.),15.6,2.6,Orange,Average,< 3.0 (Low),110,12.24,165,1287.0
3579,18261188,400.0,Indian Rupees(Rs.),4.8,3.6,Yellow,Good,3.0 - 3.9 (Moderate),106,16.82,159,381.6
3580,18336192,1500.0,Indian Rupees(Rs.),18.0,3.9,Yellow,Good,3.0 - 3.9 (Moderate),145,19.44,145,1305.0
3581,18277187,400.0,Indian Rupees(Rs.),4.8,3.9,Yellow,Good,3.0 - 3.9 (Moderate),57,15.84,57,136.8
3582,18381663,650.0,Indian Rupees(Rs.),7.8,3.6,Yellow,Good,3.0 - 3.9 (Moderate),23,11.44,34,132.6
3583,304917,500.0,Indian Rupees(Rs.),6.0,3.8,Yellow,Good,3.0 - 3.9 (Moderate),158,19.26,158,474.0
3584,306031,500.0,Indian Rupees(Rs.),6.0,3.8,Yellow,Good,3.0 - 3.9 (Moderate),97,17.42,97,291.0
3585,18180083,300.0,Indian Rupees(Rs.),3.6,3.7,Yellow,Good,3.0 - 3.9 (Moderate),21,11.44,32,57.6
3586,18336213,1200.0,Indian Rupees(Rs.),14.4,0.0,White,Not rated,Unrated,3,0.0,4,28.8
3587,304239,3500.0,Indian Rupees(Rs.),42.0,4.0,Green,Very Good,4.0 - 4.4 (High),752,26.5,752,15792.0
3588,18294261,2500.0,Indian Rupees(Rs.),30.0,4.2,Green,Very Good,4.0 - 4.4 (High),756,27.84,756,11340.0
3589,305240,1800.0,Indian Rupees(Rs.),21.6,4.0,Green,Very Good,4.0 - 4.4 (High),1700,29.76,2550,27540.0
3590,304299,1600.0,Indian Rupees(Rs.),19.2,4.3,Green,Very Good,4.0 - 4.4 (High),3002,34.43,3002,28819.2
3591,305547,1800.0,Indian Rupees(Rs.),21.6,3.3,Orange,Average,3.0 - 3.9 (Moderate),21,10.2,21,226.8
3592,305545,4000.0,Indian Rupees(Rs.),48.0,3.9,Yellow,Good,3.0 - 3.9 (Moderate),150,19.57,150,3600.0
3593,305549,3650.0,Indian Rupees(Rs.),43.8,3.5,Yellow,Good,3.0 - 3.9 (Moderate),18,10.31,18,394.2
3594,305546,700.0,Indian Rupees(Rs.),8.4,3.7,Yellow,Good,3.0 - 3.9 (Moderate),44,14.08,44,184.8
3595,305548,4800.0,Indian Rupees(Rs.),57.6,4.2,Green,Very Good,4.0 - 4.4 (High),119,20.11,119,3427.2
3596,9640,300.0,Indian Rupees(Rs.),3.6,3.4,Orange,Average,3.0 - 3.9 (Moderate),50,13.37,50,90.0
3597,6200,1500.0,Indian Rupees(Rs.),18.0,3.4,Orange,Average,3.0 - 3.9 (Moderate),218,18.32,218,1962.0
3598,18128883,1800.0,Indian Rupees(Rs.),21.6,3.7,Yellow,Good,3.0 - 3.9 (Moderate),234,20.2,234,2527.2
3599,305810,100.0,Indian Rupees(Rs.),1.2,0.0,White,Not rated,Unrated,1,0.0,1,0.6
3600,4631,200.0,Indian Rupees(Rs.),2.4,4.2,Green,Very Good,4.0 - 4.4 (High),3010,33.64,3010,3612.0
3601,302682,650.0,Indian Rupees(Rs.),7.8,3.2,Orange,Average,3.0 - 3.9 (Moderate),15,8.87,15,58.5
3602,2004,4000.0,Indian Rupees(Rs.),48.0,4.9,Dark Green,Excellent,4.5 - 5.0 (Top Tier),1934,37.08,1934,46416.0
3603,18359294,600.0,Indian Rupees(Rs.),7.2,0.0,White,Not rated,Unrated,2,0.0,3,10.8
3604,18359292,300.0,Indian Rupees(Rs.),3.6,0.0,White,Not rated,Unrated,0,0.0,0,0.0
3605,18441790,400.0,Indian Rupees(Rs.),4.8,0.0,White,Not rated,Unrated,1,0.0,1,2.4
3606,4283,3300.0,Indian Rupees(Rs.),39.6,4.2,Green,Very Good,4.0 - 4.4 (High),1561,30.89,1561,30907.8
3607,18335816,200.0,Indian Rupees(Rs.),2.4,3.0,Orange,Average,3.0 - 3.9 (Moderate),4,4.83,4,4.8
3608,17977792,500.0,Indian Rupees(Rs.),6.0,2.8,Orange,Average,< 3.0 (Low),8,6.15,8,24.0
3609,301214,800.0,Indian Rupees(Rs.),9.6,3.3,Orange,Average,3.0 - 3.9 (Moderate),50,12.98,50,240.0
3610,312227,150.0,Indian Rupees(Rs.),1.8,3.0,Orange,Average,3.0 - 3.9 (Moderate),8,6.59,8,7.2
3611,303860,500.0,Indian Rupees(Rs.),6.0,2.8,Orange,Average,< 3.0 (Low),28,9.43,28,84.0
3612,18244236,350.0,Indian Rupees(Rs.),4.2,3.4,Orange,Average,3.0 - 3.9 (Moderate),31,11.78,31,65.1
3613,305577,200.0,Indian Rupees(Rs.),2.4,3.0,Orange,Average,3.0 - 3.9 (Moderate),4,4.83,4,4.8
3614,18014118,300.0,Indian Rupees(Rs.),3.6,3.3,Orange,Average,3.0 - 3.9 (Moderate),17,9.54,17,30.6
3615,5996,550.0,Indian Rupees(Rs.),6.6,2.8,Orange,Average,< 3.0 (Low),8,6.15,8,26.4
3616,313487,350.0,Indian Rupees(Rs.),4.2,3.2,Orange,Average,3.0 - 3.9 (Moderate),8,7.03,8,16.8
3617,313004,300.0,Indian Rupees(Rs.),3.6,3.1,Orange,Average,3.0 - 3.9 (Moderate),6,6.03,6,10.8
3618,312942,500.0,Indian Rupees(Rs.),6.0,2.7,Orange,Average,< 3.0 (Low),17,7.8,17,51.0
3619,309168,300.0,Indian Rupees(Rs.),3.6,2.8,Orange,Average,< 3.0 (Low),50,11.01,50,90.0
3620,308994,200.0,Indian Rupees(Rs.),2.4,3.5,Yellow,Good,3.0 - 3.9 (Moderate),29,11.9,29,34.8
3621,312943,500.0,Indian Rupees(Rs.),6.0,3.5,Yellow,Good,3.0 - 3.9 (Moderate),31,12.13,31,93.0
3622,18455553,600.0,Indian Rupees(Rs.),7.2,0.0,White,Not rated,Unrated,0,0.0,0,0.0
3623,18377929,200.0,Indian Rupees(Rs.),2.4,0.0,White,Not rated,Unrated,3,0.0,3,3.6
3624,18472628,350.0,Indian Rupees(Rs.),4.2,0.0,White,Not rated,Unrated,0,0.0,0,0.0
3625,18435335,200.0,Indian Rupees(Rs.),2.4,0.0,White,Not rated,Unrated,1,0.0,1,1.2
3626,18435787,200.0,Indian Rupees(Rs.),2.4,0.0,White,Not rated,Unrated,0,0.0,0,0.0
3627,18435331,200.0,Indian Rupees(Rs.),2.4,0.0,White,Not rated,Unrated,0,0.0,0,0.0
3628,18364846,100.0,Indian Rupees(Rs.),1.2,0.0,White,Not rated,Unrated,1,0.0,1,0.6
3629,18438446,250.0,Indian Rupees(Rs.),3.0,0.0,White,Not rated,Unrated,0,0.0,0,0.0
3630,18446496,100.0,Indian Rupees(Rs.),1.2,0.0,White,Not rated,Unrated,0,0.0,0,0.0
3631,18454568,300.0,Indian Rupees(Rs.),3.6,0.0,White,Not rated,Unrated,1,0.0,1,1.8
3632,18421462,250.0,Indian Rupees(Rs.),3.0,0.0,White,Not rated,Unrated,0,0.0,0,0.0
3633,18435303,250.0,Indian Rupees(Rs.),3.0,0.0,White,Not rated,Unrated,0,0.0,0,0.0
3634,18435314,300.0,Indian Rupees(Rs.),3.6,0.0,White,Not rated,Unrated,0,0.0,0,0.0
3635,18435315,400.0,Indian Rupees(Rs.),4.8,0.0,White,Not rated,Unrated,3,0.0,3,7.2
3636,18418234,300.0,Indian Rupees(Rs.),3.6,0.0,White,Not rated,Unrated,0,0.0,0,0.0
3637,18421470,350.0,Indian Rupees(Rs.),4.2,0.0,White,Not rated,Unrated,0,0.0,0,0.0
3638,18472613,400.0,Indian Rupees(Rs.),4.8,0.0,White,Not rated,Unrated,0,0.0,0,0.0
3639,18435307,300.0,Indian Rupees(Rs.),3.6,0.0,White,Not rated,Unrated,1,0.0,1,1.8
3640,18378015,200.0,Indian Rupees(Rs.),2.4,0.0,White,Not rated,Unrated,0,0.0,0,0.0
3641,18460925,800.0,Indian Rupees(Rs.),9.6,0.0,White,Not rated,Unrated,1,0.0,1,4.8
3642,9909,1600.0,Indian Rupees(Rs.),19.2,4.0,Green,Very Good,4.0 - 4.4 (High),756,26.52,756,7257.6
3643,18423111,500.0,Indian Rupees(Rs.),6.0,3.4,Orange,Average,3.0 - 3.9 (Moderate),33,11.99,50,150.0
3644,18469938,2700.0,Indian Rupees(Rs.),32.4,3.0,Orange,Average,3.0 - 3.9 (Moderate),9,6.91,9,145.8
3645,651,750.0,Indian Rupees(Rs.),9.0,2.6,Orange,Average,< 3.0 (Low),70,11.08,70,315.0
3646,17953916,300.0,Indian Rupees(Rs.),3.6,3.3,Orange,Average,3.0 - 3.9 (Moderate),70,14.07,105,189.0
3647,18168168,1000.0,Indian Rupees(Rs.),12.0,3.3,Orange,Average,3.0 - 3.9 (Moderate),75,14.29,112,672.0
3648,7589,200.0,Indian Rupees(Rs.),2.4,3.4,Orange,Average,3.0 - 3.9 (Moderate),36,12.28,36,43.2
3649,1934,250.0,Indian Rupees(Rs.),3.0,3.1,Orange,Average,3.0 - 3.9 (Moderate),26,10.22,26,39.0
3650,4385,800.0,Indian Rupees(Rs.),9.6,3.3,Orange,Average,3.0 - 3.9 (Moderate),146,16.47,219,1051.2
3651,309477,1000.0,Indian Rupees(Rs.),12.0,3.4,Orange,Average,3.0 - 3.9 (Moderate),246,18.73,246,1476.0
3652,9835,800.0,Indian Rupees(Rs.),9.6,3.3,Orange,Average,3.0 - 3.9 (Moderate),89,14.85,134,643.2
3653,147,500.0,Indian Rupees(Rs.),6.0,2.5,Orange,Average,< 3.0 (Low),115,11.88,172,516.0
3654,18237320,2000.0,Indian Rupees(Rs.),24.0,3.4,Orange,Average,3.0 - 3.9 (Moderate),58,13.86,58,696.0
3655,9980,350.0,Indian Rupees(Rs.),4.2,2.8,Orange,Average,< 3.0 (Low),78,12.23,117,245.7
3656,732,300.0,Indian Rupees(Rs.),3.6,3.0,Orange,Average,3.0 - 3.9 (Moderate),67,12.66,100,180.0
3657,311515,850.0,Indian Rupees(Rs.),10.2,3.4,Orange,Average,3.0 - 3.9 (Moderate),199,18.01,298,1519.8
3658,309520,400.0,Indian Rupees(Rs.),4.8,3.3,Orange,Average,3.0 - 3.9 (Moderate),19,9.89,19,45.6
3659,18400736,1000.0,Indian Rupees(Rs.),12.0,4.5,Dark Green,Excellent,4.5 - 5.0 (Top Tier),162,22.92,243,1458.0
3660,18255193,600.0,Indian Rupees(Rs.),7.2,3.6,Yellow,Good,3.0 - 3.9 (Moderate),38,13.19,38,136.8
3661,311584,1000.0,Indian Rupees(Rs.),12.0,3.8,Yellow,Good,3.0 - 3.9 (Moderate),697,24.88,1046,6276.0
3662,702,300.0,Indian Rupees(Rs.),3.6,3.6,Yellow,Good,3.0 - 3.9 (Moderate),56,14.55,84,151.2
3663,18313122,500.0,Indian Rupees(Rs.),6.0,3.8,Yellow,Good,3.0 - 3.9 (Moderate),51,15.01,76,228.0
3664,309156,500.0,Indian Rupees(Rs.),6.0,3.7,Yellow,Good,3.0 - 3.9 (Moderate),130,18.04,195,585.0
3665,18268706,850.0,Indian Rupees(Rs.),10.2,3.9,Yellow,Good,3.0 - 3.9 (Moderate),349,22.85,524,2672.4
3666,18415352,1000.0,Indian Rupees(Rs.),12.0,3.8,Yellow,Good,3.0 - 3.9 (Moderate),50,14.94,50,300.0
3667,3620,2200.0,Indian Rupees(Rs.),26.4,3.9,Yellow,Good,3.0 - 3.9 (Moderate),347,22.82,520,6864.0
3668,1902,1000.0,Indian Rupees(Rs.),12.0,3.5,Yellow,Good,3.0 - 3.9 (Moderate),251,19.35,251,1506.0
3669,18434596,400.0,Indian Rupees(Rs.),4.8,3.5,Yellow,Good,3.0 - 3.9 (Moderate),24,11.27,36,86.4
3670,311671,1000.0,Indian Rupees(Rs.),12.0,3.7,Yellow,Good,3.0 - 3.9 (Moderate),263,20.63,394,2364.0
3671,2653,300.0,Indian Rupees(Rs.),3.6,3.9,Yellow,Good,3.0 - 3.9 (Moderate),155,19.69,232,417.6
3672,18377926,600.0,Indian Rupees(Rs.),7.2,3.9,Yellow,Good,3.0 - 3.9 (Moderate),93,17.72,140,504.0
3673,309820,900.0,Indian Rupees(Rs.),10.8,3.7,Yellow,Good,3.0 - 3.9 (Moderate),323,21.39,484,2613.6
3674,18034050,1500.0,Indian Rupees(Rs.),18.0,3.8,Yellow,Good,3.0 - 3.9 (Moderate),227,20.63,340,3060.0
3675,18382372,300.0,Indian Rupees(Rs.),3.6,3.5,Yellow,Good,3.0 - 3.9 (Moderate),27,11.66,40,72.0
3676,302478,400.0,Indian Rupees(Rs.),4.8,3.8,Yellow,Good,3.0 - 3.9 (Moderate),116,18.1,116,278.4
3677,18466978,2100.0,Indian Rupees(Rs.),25.2,3.5,Yellow,Good,3.0 - 3.9 (Moderate),22,10.97,22,277.2
3678,9840,1600.0,Indian Rupees(Rs.),19.2,3.5,Yellow,Good,3.0 - 3.9 (Moderate),150,17.56,150,1440.0
3679,18279463,700.0,Indian Rupees(Rs.),8.4,3.7,Yellow,Good,3.0 - 3.9 (Moderate),108,17.36,162,680.4
3680,18317517,1100.0,Indian Rupees(Rs.),13.2,3.9,Yellow,Good,3.0 - 3.9 (Moderate),105,18.19,158,1042.8
3681,1215,600.0,Indian Rupees(Rs.),7.2,3.7,Yellow,Good,3.0 - 3.9 (Moderate),227,20.09,340,1224.0
3682,18241531,1700.0,Indian Rupees(Rs.),20.4,3.8,Yellow,Good,3.0 - 3.9 (Moderate),244,20.9,366,3733.2
3683,3589,450.0,Indian Rupees(Rs.),5.4,3.8,Yellow,Good,3.0 - 3.9 (Moderate),187,19.9,280,756.0
3684,1056,1250.0,Indian Rupees(Rs.),15.0,3.6,Yellow,Good,3.0 - 3.9 (Moderate),229,19.58,229,1717.5
3685,5797,250.0,Indian Rupees(Rs.),3.0,3.7,Yellow,Good,3.0 - 3.9 (Moderate),84,16.44,84,126.0
3686,300007,2000.0,Indian Rupees(Rs.),24.0,3.8,Yellow,Good,3.0 - 3.9 (Moderate),223,20.56,334,4008.0
3687,303288,700.0,Indian Rupees(Rs.),8.4,3.5,Yellow,Good,3.0 - 3.9 (Moderate),187,18.33,187,785.4
3688,18371438,1800.0,Indian Rupees(Rs.),21.6,3.8,Yellow,Good,3.0 - 3.9 (Moderate),54,15.23,81,874.8
3689,308766,250.0,Indian Rupees(Rs.),3.0,3.6,Yellow,Good,3.0 - 3.9 (Moderate),76,15.64,76,114.0
3690,18203180,2000.0,Indian Rupees(Rs.),24.0,3.8,Yellow,Good,3.0 - 3.9 (Moderate),85,16.93,85,1020.0
3691,305166,200.0,Indian Rupees(Rs.),2.4,3.6,Yellow,Good,3.0 - 3.9 (Moderate),66,15.14,66,79.2
3692,18291475,500.0,Indian Rupees(Rs.),6.0,3.7,Yellow,Good,3.0 - 3.9 (Moderate),53,14.76,53,159.0
3693,311737,400.0,Indian Rupees(Rs.),4.8,3.7,Yellow,Good,3.0 - 3.9 (Moderate),48,14.4,48,115.2
3694,18363391,1800.0,Indian Rupees(Rs.),21.6,4.2,Green,Very Good,4.0 - 4.4 (High),107,19.66,160,1728.0
3695,18271497,550.0,Indian Rupees(Rs.),6.6,4.1,Green,Very Good,4.0 - 4.4 (High),160,20.83,240,792.0
3696,18456728,1000.0,Indian Rupees(Rs.),12.0,4.1,Green,Very Good,4.0 - 4.4 (High),22,12.86,22,132.0
3697,310776,1400.0,Indian Rupees(Rs.),16.8,4.1,Green,Very Good,4.0 - 4.4 (High),826,27.54,1239,10407.6
3698,18456764,950.0,Indian Rupees(Rs.),11.4,4.4,Green,Very Good,4.0 - 4.4 (High),42,16.55,63,359.1
3699,18418209,750.0,Indian Rupees(Rs.),9.0,4.0,Green,Very Good,4.0 - 4.4 (High),62,16.57,93,418.5
3700,18382342,1000.0,Indian Rupees(Rs.),12.0,4.2,Green,Very Good,4.0 - 4.4 (High),111,19.82,166,996.0
3701,312302,600.0,Indian Rupees(Rs.),7.2,4.0,Green,Very Good,4.0 - 4.4 (High),158,20.28,158,568.8
3702,18312632,850.0,Indian Rupees(Rs.),10.2,4.1,Green,Very Good,4.0 - 4.4 (High),253,22.7,380,1938.0
3703,18386761,1400.0,Indian Rupees(Rs.),16.8,4.1,Green,Very Good,4.0 - 4.4 (High),68,17.36,102,856.8
3704,307065,1900.0,Indian Rupees(Rs.),22.8,4.3,Green,Very Good,4.0 - 4.4 (High),1327,30.92,1327,15127.8
3705,9834,800.0,Indian Rupees(Rs.),9.6,4.2,Green,Very Good,4.0 - 4.4 (High),237,22.98,356,1708.8
3706,18025105,500.0,Indian Rupees(Rs.),6.0,4.0,Green,Very Good,4.0 - 4.4 (High),51,15.8,76,228.0
3707,18396409,450.0,Indian Rupees(Rs.),5.4,4.3,Green,Very Good,4.0 - 4.4 (High),83,19.05,124,334.8
3708,18365895,800.0,Indian Rupees(Rs.),9.6,4.1,Green,Very Good,4.0 - 4.4 (High),81,18.07,122,585.6
3709,308865,500.0,Indian Rupees(Rs.),6.0,4.1,Green,Very Good,4.0 - 4.4 (High),173,21.15,173,519.0
3710,18278203,350.0,Indian Rupees(Rs.),4.2,3.1,Orange,Average,3.0 - 3.9 (Moderate),7,6.45,7,14.7
3711,305652,500.0,Indian Rupees(Rs.),6.0,3.4,Orange,Average,3.0 - 3.9 (Moderate),44,12.94,44,132.0
3712,4299,350.0,Indian Rupees(Rs.),4.2,2.9,Orange,Average,< 3.0 (Low),77,12.63,116,243.6
3713,18423108,1000.0,Indian Rupees(Rs.),12.0,3.2,Orange,Average,3.0 - 3.9 (Moderate),12,8.21,18,108.0
3714,17953926,300.0,Indian Rupees(Rs.),3.6,3.2,Orange,Average,3.0 - 3.9 (Moderate),9,7.37,9,16.2
3715,310321,1800.0,Indian Rupees(Rs.),21.6,3.4,Orange,Average,3.0 - 3.9 (Moderate),35,12.18,35,378.0
3716,69,1100.0,Indian Rupees(Rs.),13.2,3.3,Orange,Average,3.0 - 3.9 (Moderate),489,20.44,734,4844.4
3717,202,700.0,Indian Rupees(Rs.),8.4,3.2,Orange,Average,3.0 - 3.9 (Moderate),138,15.79,138,579.6
3718,309902,400.0,Indian Rupees(Rs.),4.8,3.0,Orange,Average,3.0 - 3.9 (Moderate),17,8.67,17,40.8
3719,1916,250.0,Indian Rupees(Rs.),3.0,3.2,Orange,Average,3.0 - 3.9 (Moderate),12,8.21,12,18.0
3720,5735,300.0,Indian Rupees(Rs.),3.6,3.4,Orange,Average,3.0 - 3.9 (Moderate),66,14.3,99,178.2
3721,2591,300.0,Indian Rupees(Rs.),3.6,2.8,Orange,Average,< 3.0 (Low),14,7.58,14,25.2
3722,306264,1900.0,Indian Rupees(Rs.),22.8,3.3,Orange,Average,3.0 - 3.9 (Moderate),148,16.51,222,2530.8
3723,305817,650.0,Indian Rupees(Rs.),7.8,3.1,Orange,Average,3.0 - 3.9 (Moderate),99,14.28,148,577.2
3724,18432940,500.0,Indian Rupees(Rs.),6.0,3.4,Orange,Average,3.0 - 3.9 (Moderate),17,9.83,17,51.0
3725,311690,700.0,Indian Rupees(Rs.),8.4,3.3,Orange,Average,3.0 - 3.9 (Moderate),148,16.51,222,932.4
3726,309072,950.0,Indian Rupees(Rs.),11.4,3.4,Orange,Average,3.0 - 3.9 (Moderate),77,14.81,116,661.2
3727,18277002,650.0,Indian Rupees(Rs.),7.8,3.2,Orange,Average,3.0 - 3.9 (Moderate),25,10.43,38,148.2
3728,18433883,300.0,Indian Rupees(Rs.),3.6,2.9,Orange,Average,< 3.0 (Low),7,6.03,10,18.0
3729,301435,700.0,Indian Rupees(Rs.),8.4,2.7,Orange,Average,< 3.0 (Low),134,13.24,201,844.2
3730,18352256,200.0,Indian Rupees(Rs.),2.4,3.1,Orange,Average,3.0 - 3.9 (Moderate),10,7.43,10,12.0
3731,308367,500.0,Indian Rupees(Rs.),6.0,3.3,Orange,Average,3.0 - 3.9 (Moderate),96,15.1,96,288.0
3732,309741,1250.0,Indian Rupees(Rs.),15.0,3.4,Orange,Average,3.0 - 3.9 (Moderate),90,15.34,90,675.0
3733,18241869,2000.0,Indian Rupees(Rs.),24.0,4.6,Dark Green,Excellent,4.5 - 5.0 (Top Tier),304,26.31,304,3648.0
3734,305125,1800.0,Indian Rupees(Rs.),21.6,3.9,Yellow,Good,3.0 - 3.9 (Moderate),484,24.12,484,5227.2
3735,312270,400.0,Indian Rupees(Rs.),4.8,3.6,Yellow,Good,3.0 - 3.9 (Moderate),67,15.19,67,160.8
3736,18249082,700.0,Indian Rupees(Rs.),8.4,3.8,Yellow,Good,3.0 - 3.9 (Moderate),136,18.7,204,856.8
3737,18279452,650.0,Indian Rupees(Rs.),7.8,3.6,Yellow,Good,3.0 - 3.9 (Moderate),120,17.26,180,702.0
3738,305303,550.0,Indian Rupees(Rs.),6.6,3.5,Yellow,Good,3.0 - 3.9 (Moderate),272,19.63,408,1346.4
3739,18354645,400.0,Indian Rupees(Rs.),4.8,3.8,Yellow,Good,3.0 - 3.9 (Moderate),68,16.09,102,244.8
3740,1218,1800.0,Indian Rupees(Rs.),21.6,3.8,Yellow,Good,3.0 - 3.9 (Moderate),663,24.69,663,7160.4
3741,8429,1000.0,Indian Rupees(Rs.),12.0,3.8,Yellow,Good,3.0 - 3.9 (Moderate),594,24.28,891,5346.0
3742,7819,300.0,Indian Rupees(Rs.),3.6,3.5,Yellow,Good,3.0 - 3.9 (Moderate),66,14.72,99,178.2
3743,785,600.0,Indian Rupees(Rs.),7.2,3.5,Yellow,Good,3.0 - 3.9 (Moderate),103,16.26,103,370.8
3744,312486,800.0,Indian Rupees(Rs.),9.6,3.5,Yellow,Good,3.0 - 3.9 (Moderate),139,17.3,208,998.4
3745,1922,1000.0,Indian Rupees(Rs.),12.0,3.8,Yellow,Good,3.0 - 3.9 (Moderate),843,25.6,1264,7584.0
3746,7642,400.0,Indian Rupees(Rs.),4.8,3.6,Yellow,Good,3.0 - 3.9 (Moderate),113,17.05,170,408.0
3747,64,2500.0,Indian Rupees(Rs.),30.0,3.8,Yellow,Good,3.0 - 3.9 (Moderate),372,22.5,558,8370.0
3748,18413250,1650.0,Indian Rupees(Rs.),19.8,3.8,Yellow,Good,3.0 - 3.9 (Moderate),42,14.29,42,415.8
3749,312787,1350.0,Indian Rupees(Rs.),16.2,3.5,Yellow,Good,3.0 - 3.9 (Moderate),140,17.32,140,1134.0
3750,3611,400.0,Indian Rupees(Rs.),4.8,3.6,Yellow,Good,3.0 - 3.9 (Moderate),173,18.57,260,624.0
3751,309815,650.0,Indian Rupees(Rs.),7.8,3.8,Yellow,Good,3.0 - 3.9 (Moderate),312,21.84,468,1825.2
3752,1018,1800.0,Indian Rupees(Rs.),21.6,3.7,Yellow,Good,3.0 - 3.9 (Moderate),780,24.64,1170,12636.0
3753,8689,1200.0,Indian Rupees(Rs.),14.4,3.5,Yellow,Good,3.0 - 3.9 (Moderate),256,19.42,256,1843.2
3754,18383512,650.0,Indian Rupees(Rs.),7.8,3.9,Yellow,Good,3.0 - 3.9 (Moderate),27,13.0,40,156.0
3755,308238,800.0,Indian Rupees(Rs.),9.6,3.6,Yellow,Good,3.0 - 3.9 (Moderate),160,18.29,240,1152.0
3756,5944,250.0,Indian Rupees(Rs.),3.0,3.6,Yellow,Good,3.0 - 3.9 (Moderate),36,13.0,54,81.0
3757,285,1100.0,Indian Rupees(Rs.),13.2,3.7,Yellow,Good,3.0 - 3.9 (Moderate),487,22.9,730,4818.0
3758,304635,900.0,Indian Rupees(Rs.),10.8,3.5,Yellow,Good,3.0 - 3.9 (Moderate),352,20.53,528,2851.2
3759,1021,250.0,Indian Rupees(Rs.),3.0,3.7,Yellow,Good,3.0 - 3.9 (Moderate),290,20.99,435,652.5
3760,307532,700.0,Indian Rupees(Rs.),8.4,3.5,Yellow,Good,3.0 - 3.9 (Moderate),132,17.12,132,554.4
3761,1913,1500.0,Indian Rupees(Rs.),18.0,3.5,Yellow,Good,3.0 - 3.9 (Moderate),198,18.53,198,1782.0
3762,311601,600.0,Indian Rupees(Rs.),7.2,3.5,Yellow,Good,3.0 - 3.9 (Moderate),124,16.9,186,669.6
3763,18254553,650.0,Indian Rupees(Rs.),7.8,3.8,Yellow,Good,3.0 - 3.9 (Moderate),173,19.6,260,1014.0
3764,4821,2200.0,Indian Rupees(Rs.),26.4,3.6,Yellow,Good,3.0 - 3.9 (Moderate),430,21.84,645,8514.0
3765,308018,1300.0,Indian Rupees(Rs.),15.6,3.7,Yellow,Good,3.0 - 3.9 (Moderate),807,24.77,807,6294.6
3766,310342,1550.0,Indian Rupees(Rs.),18.6,3.8,Yellow,Good,3.0 - 3.9 (Moderate),302,21.71,453,4212.9
3767,307344,300.0,Indian Rupees(Rs.),3.6,2.4,Red,Poor,< 3.0 (Low),30,8.24,30,54.0
3768,307801,3000.0,Indian Rupees(Rs.),36.0,4.1,Green,Very Good,4.0 - 4.4 (High),496,25.46,496,8928.0
3769,18462002,2000.0,Indian Rupees(Rs.),24.0,4.3,Green,Very Good,4.0 - 4.4 (High),43,16.27,43,516.0
3770,18208886,550.0,Indian Rupees(Rs.),6.6,4.4,Green,Very Good,4.0 - 4.4 (High),400,26.37,400,1320.0
3771,18435305,1200.0,Indian Rupees(Rs.),14.4,4.4,Green,Very Good,4.0 - 4.4 (High),80,19.34,80,576.0
3772,18260641,700.0,Indian Rupees(Rs.),8.4,4.1,Green,Very Good,4.0 - 4.4 (High),267,22.92,400,1680.0
3773,18349921,1000.0,Indian Rupees(Rs.),12.0,4.0,Green,Very Good,4.0 - 4.4 (High),70,17.05,105,630.0
3774,18380149,900.0,Indian Rupees(Rs.),10.8,4.0,Green,Very Good,4.0 - 4.4 (High),47,15.48,47,253.8
3775,2649,550.0,Indian Rupees(Rs.),6.6,4.2,Green,Very Good,4.0 - 4.4 (High),1125,29.51,1688,5570.4
3776,601,450.0,Indian Rupees(Rs.),5.4,3.2,Orange,Average,3.0 - 3.9 (Moderate),33,11.28,33,89.1
3777,18462572,1900.0,Indian Rupees(Rs.),22.8,3.2,Orange,Average,3.0 - 3.9 (Moderate),7,6.65,7,79.8
3778,309105,700.0,Indian Rupees(Rs.),8.4,3.5,Yellow,Good,3.0 - 3.9 (Moderate),159,17.76,238,999.6
3779,18089222,1200.0,Indian Rupees(Rs.),14.4,3.6,Yellow,Good,3.0 - 3.9 (Moderate),131,17.58,196,1411.2
3780,309688,300.0,Indian Rupees(Rs.),3.6,3.6,Yellow,Good,3.0 - 3.9 (Moderate),46,13.86,46,82.8
3781,18334422,300.0,Indian Rupees(Rs.),3.6,2.9,Orange,Average,< 3.0 (Low),9,6.68,14,25.2
3782,18365388,600.0,Indian Rupees(Rs.),7.2,3.2,Orange,Average,3.0 - 3.9 (Moderate),51,12.64,76,273.6
3783,18312607,450.0,Indian Rupees(Rs.),5.4,3.0,Orange,Average,3.0 - 3.9 (Moderate),4,4.83,4,10.8
3784,309322,800.0,Indian Rupees(Rs.),9.6,3.3,Orange,Average,3.0 - 3.9 (Moderate),15,9.15,15,72.0
3785,18429154,800.0,Indian Rupees(Rs.),9.6,3.1,Orange,Average,3.0 - 3.9 (Moderate),7,6.45,10,48.0
3786,18336220,600.0,Indian Rupees(Rs.),7.2,2.9,Orange,Average,< 3.0 (Low),4,4.67,4,14.4
3787,203,700.0,Indian Rupees(Rs.),8.4,2.5,Orange,Average,< 3.0 (Low),238,13.69,238,999.6
3788,18414479,600.0,Indian Rupees(Rs.),7.2,2.8,Orange,Average,< 3.0 (Low),13,7.39,20,72.0
3789,1625,300.0,Indian Rupees(Rs.),3.6,2.6,Orange,Average,< 3.0 (Low),49,10.17,74,133.2
3790,2899,750.0,Indian Rupees(Rs.),9.0,3.3,Orange,Average,3.0 - 3.9 (Moderate),235,18.03,352,1584.0
3791,18180081,400.0,Indian Rupees(Rs.),4.8,3.0,Orange,Average,3.0 - 3.9 (Moderate),5,5.38,5,12.0
3792,473,300.0,Indian Rupees(Rs.),3.6,2.5,Orange,Average,< 3.0 (Low),191,13.14,191,343.8
3793,18355419,700.0,Indian Rupees(Rs.),8.4,3.4,Orange,Average,3.0 - 3.9 (Moderate),14,9.21,14,58.8
3794,18432237,500.0,Indian Rupees(Rs.),6.0,3.3,Orange,Average,3.0 - 3.9 (Moderate),6,6.42,9,27.0
3795,259,1000.0,Indian Rupees(Rs.),12.0,3.3,Orange,Average,3.0 - 3.9 (Moderate),276,18.56,414,2484.0
3796,7316,1500.0,Indian Rupees(Rs.),18.0,3.1,Orange,Average,3.0 - 3.9 (Moderate),104,14.43,156,1404.0
3797,18222566,1700.0,Indian Rupees(Rs.),20.4,3.4,Orange,Average,3.0 - 3.9 (Moderate),267,19.01,267,2723.4
3798,443,600.0,Indian Rupees(Rs.),7.2,3.4,Orange,Average,3.0 - 3.9 (Moderate),121,16.33,182,655.2
3799,308315,1000.0,Indian Rupees(Rs.),12.0,3.3,Orange,Average,3.0 - 3.9 (Moderate),23,10.49,23,138.0
3800,769,500.0,Indian Rupees(Rs.),6.0,3.5,Yellow,Good,3.0 - 3.9 (Moderate),368,20.69,552,1656.0
3801,312011,720.0,Indian Rupees(Rs.),8.64,3.6,Yellow,Good,3.0 - 3.9 (Moderate),38,13.19,38,164.16
3802,65,1800.0,Indian Rupees(Rs.),21.6,3.5,Yellow,Good,3.0 - 3.9 (Moderate),234,19.11,351,3790.8
3803,9672,600.0,Indian Rupees(Rs.),7.2,3.7,Yellow,Good,3.0 - 3.9 (Moderate),431,22.45,646,2325.6
3804,472,450.0,Indian Rupees(Rs.),5.4,3.5,Yellow,Good,3.0 - 3.9 (Moderate),1198,24.81,1198,3234.6
3805,3400,2500.0,Indian Rupees(Rs.),30.0,3.7,Yellow,Good,3.0 - 3.9 (Moderate),303,21.15,303,4545.0
3806,18337744,250.0,Indian Rupees(Rs.),3.0,3.5,Yellow,Good,3.0 - 3.9 (Moderate),16,9.92,16,24.0
3807,18268360,300.0,Indian Rupees(Rs.),3.6,3.8,Yellow,Good,3.0 - 3.9 (Moderate),25,12.38,38,68.4
3808,4096,1200.0,Indian Rupees(Rs.),14.4,3.8,Yellow,Good,3.0 - 3.9 (Moderate),556,24.03,556,4003.2
3809,18358700,600.0,Indian Rupees(Rs.),7.2,3.8,Yellow,Good,3.0 - 3.9 (Moderate),95,17.34,142,511.2
3810,2217,1500.0,Indian Rupees(Rs.),18.0,3.5,Yellow,Good,3.0 - 3.9 (Moderate),163,17.85,163,1467.0
3811,18398571,300.0,Indian Rupees(Rs.),3.6,3.6,Yellow,Good,3.0 - 3.9 (Moderate),42,13.54,42,75.6
3812,1621,1200.0,Indian Rupees(Rs.),14.4,3.5,Yellow,Good,3.0 - 3.9 (Moderate),181,18.21,272,1958.4
3813,18425177,200.0,Indian Rupees(Rs.),2.4,0.0,White,Not rated,Unrated,0,0.0,0,0.0
3814,18481289,200.0,Indian Rupees(Rs.),2.4,0.0,White,Not rated,Unrated,0,0.0,0,0.0
3815,18424593,200.0,Indian Rupees(Rs.),2.4,0.0,White,Not rated,Unrated,0,0.0,0,0.0
3816,18383432,350.0,Indian Rupees(Rs.),4.2,0.0,White,Not rated,Unrated,3,0.0,3,6.3
3817,18412904,200.0,Indian Rupees(Rs.),2.4,0.0,White,Not rated,Unrated,0,0.0,0,0.0
3818,18481294,100.0,Indian Rupees(Rs.),1.2,0.0,White,Not rated,Unrated,0,0.0,0,0.0
3819,18354330,200.0,Indian Rupees(Rs.),2.4,0.0,White,Not rated,Unrated,0,0.0,0,0.0
3820,304230,500.0,Indian Rupees(Rs.),6.0,0.0,White,Not rated,Unrated,2,0.0,2,6.0
3821,18372315,850.0,Indian Rupees(Rs.),10.2,0.0,White,Not rated,Unrated,1,0.0,1,5.1
3822,18430894,550.0,Indian Rupees(Rs.),6.6,0.0,White,Not rated,Unrated,0,0.0,0,0.0
3823,18250897,300.0,Indian Rupees(Rs.),3.6,0.0,White,Not rated,Unrated,0,0.0,0,0.0
3824,18261052,350.0,Indian Rupees(Rs.),4.2,0.0,White,Not rated,Unrated,3,0.0,3,6.3
3825,3468,450.0,Indian Rupees(Rs.),5.4,2.4,Red,Poor,< 3.0 (Low),23,7.63,23,62.1
3826,18463949,1200.0,Indian Rupees(Rs.),14.4,4.3,Green,Very Good,4.0 - 4.4 (High),31,14.9,46,331.2
3827,310949,250.0,Indian Rupees(Rs.),3.0,2.8,Orange,Average,< 3.0 (Low),10,6.71,10,15.0
3828,18356808,800.0,Indian Rupees(Rs.),9.6,3.4,Orange,Average,3.0 - 3.9 (Moderate),34,12.09,34,163.2
3829,18361758,400.0,Indian Rupees(Rs.),4.8,3.0,Orange,Average,3.0 - 3.9 (Moderate),5,5.38,5,12.0
3830,312755,400.0,Indian Rupees(Rs.),4.8,3.3,Orange,Average,3.0 - 3.9 (Moderate),30,11.33,45,108.0
3831,18241525,1000.0,Indian Rupees(Rs.),12.0,3.3,Orange,Average,3.0 - 3.9 (Moderate),79,14.46,118,708.0
3832,313492,300.0,Indian Rupees(Rs.),3.6,3.3,Orange,Average,3.0 - 3.9 (Moderate),27,11.0,27,48.6
3833,18472658,1000.0,Indian Rupees(Rs.),12.0,3.1,Orange,Average,3.0 - 3.9 (Moderate),5,5.55,5,30.0
3834,18418248,450.0,Indian Rupees(Rs.),5.4,3.0,Orange,Average,3.0 - 3.9 (Moderate),6,5.84,6,16.2
3835,18427869,150.0,Indian Rupees(Rs.),1.8,2.9,Orange,Average,< 3.0 (Low),5,5.2,5,4.5
3836,310948,300.0,Indian Rupees(Rs.),3.6,3.0,Orange,Average,3.0 - 3.9 (Moderate),4,4.83,4,7.2
3837,18463997,1100.0,Indian Rupees(Rs.),13.2,3.2,Orange,Average,3.0 - 3.9 (Moderate),12,8.21,12,79.2
3838,18337898,150.0,Indian Rupees(Rs.),1.8,3.1,Orange,Average,3.0 - 3.9 (Moderate),13,8.18,13,11.7
3839,18427234,500.0,Indian Rupees(Rs.),6.0,3.8,Yellow,Good,3.0 - 3.9 (Moderate),82,16.79,123,369.0
3840,18382697,250.0,Indian Rupees(Rs.),3.0,3.7,Yellow,Good,3.0 - 3.9 (Moderate),37,13.46,56,84.0
3841,18400720,1000.0,Indian Rupees(Rs.),12.0,3.9,Yellow,Good,3.0 - 3.9 (Moderate),373,23.1,373,2238.0
3842,3363,550.0,Indian Rupees(Rs.),6.6,3.5,Yellow,Good,3.0 - 3.9 (Moderate),90,15.79,90,297.0
3843,310592,800.0,Indian Rupees(Rs.),9.6,3.9,Yellow,Good,3.0 - 3.9 (Moderate),1439,28.36,2158,10358.4
3844,18455511,500.0,Indian Rupees(Rs.),6.0,0.0,White,Not rated,Unrated,1,0.0,1,3.0
3845,18361763,350.0,Indian Rupees(Rs.),4.2,0.0,White,Not rated,Unrated,0,0.0,0,0.0
3846,18124350,150.0,Indian Rupees(Rs.),1.8,0.0,White,Not rated,Unrated,1,0.0,1,0.9
3847,18408045,800.0,Indian Rupees(Rs.),9.6,0.0,White,Not rated,Unrated,1,0.0,1,4.8
3848,18455515,200.0,Indian Rupees(Rs.),2.4,0.0,White,Not rated,Unrated,1,0.0,1,1.2
3849,18489838,200.0,Indian Rupees(Rs.),2.4,0.0,White,Not rated,Unrated,1,0.0,1,1.2
3850,18441835,300.0,Indian Rupees(Rs.),3.6,0.0,White,Not rated,Unrated,2,0.0,2,3.6
3851,18361202,250.0,Indian Rupees(Rs.),3.0,0.0,White,Not rated,Unrated,1,0.0,1,1.5
3852,18463978,200.0,Indian Rupees(Rs.),2.4,0.0,White,Not rated,Unrated,0,0.0,0,0.0
3853,18124389,100.0,Indian Rupees(Rs.),1.2,0.0,White,Not rated,Unrated,0,0.0,0,0.0
3854,18492048,500.0,Indian Rupees(Rs.),6.0,0.0,White,Not rated,Unrated,0,0.0,0,0.0
3855,18463985,100.0,Indian Rupees(Rs.),1.2,0.0,White,Not rated,Unrated,0,0.0,0,0.0
3856,18124352,100.0,Indian Rupees(Rs.),1.2,0.0,White,Not rated,Unrated,1,0.0,1,0.6
3857,9442,200.0,Indian Rupees(Rs.),2.4,0.0,White,Not rated,Unrated,1,0.0,1,1.2
3858,18361755,200.0,Indian Rupees(Rs.),2.4,0.0,White,Not rated,Unrated,0,0.0,0,0.0
3859,18455513,500.0,Indian Rupees(Rs.),6.0,0.0,White,Not rated,Unrated,0,0.0,0,0.0
3860,18481309,900.0,Indian Rupees(Rs.),10.8,0.0,White,Not rated,Unrated,2,0.0,2,10.8
3861,18499482,500.0,Indian Rupees(Rs.),6.0,0.0,White,Not rated,Unrated,0,0.0,0,0.0
3862,18446394,500.0,Indian Rupees(Rs.),6.0,0.0,White,Not rated,Unrated,2,0.0,3,9.0
3863,18431175,200.0,Indian Rupees(Rs.),2.4,0.0,White,Not rated,Unrated,0,0.0,0,0.0
3864,18375397,600.0,Indian Rupees(Rs.),7.2,4.3,Green,Very Good,4.0 - 4.4 (High),214,23.09,214,770.4
3865,6628,450.0,Indian Rupees(Rs.),5.4,3.1,Orange,Average,3.0 - 3.9 (Moderate),13,8.18,13,35.1
3866,4079,450.0,Indian Rupees(Rs.),5.4,3.3,Orange,Average,3.0 - 3.9 (Moderate),32,11.54,32,86.4
3867,9392,600.0,Indian Rupees(Rs.),7.2,3.3,Orange,Average,3.0 - 3.9 (Moderate),35,11.83,35,126.0
3868,9386,100.0,Indian Rupees(Rs.),1.2,2.9,Orange,Average,< 3.0 (Low),6,5.64,6,3.6
3869,312400,550.0,Indian Rupees(Rs.),6.6,3.2,Orange,Average,3.0 - 3.9 (Moderate),63,13.31,63,207.9
3870,310982,650.0,Indian Rupees(Rs.),7.8,3.1,Orange,Average,3.0 - 3.9 (Moderate),42,11.66,63,245.7
3871,9421,400.0,Indian Rupees(Rs.),4.8,3.4,Orange,Average,3.0 - 3.9 (Moderate),30,11.68,30,72.0
3872,1147,1300.0,Indian Rupees(Rs.),15.6,3.1,Orange,Average,3.0 - 3.9 (Moderate),155,15.65,155,1209.0
3873,18057825,650.0,Indian Rupees(Rs.),7.8,2.6,Orange,Average,< 3.0 (Low),7,5.41,7,27.3
3874,18444811,400.0,Indian Rupees(Rs.),4.8,3.0,Orange,Average,3.0 - 3.9 (Moderate),4,4.83,4,9.6
3875,9366,300.0,Indian Rupees(Rs.),3.6,3.4,Orange,Average,3.0 - 3.9 (Moderate),30,11.68,30,54.0
3876,18361754,400.0,Indian Rupees(Rs.),4.8,3.0,Orange,Average,3.0 - 3.9 (Moderate),4,4.83,4,9.6
3877,18245254,400.0,Indian Rupees(Rs.),4.8,3.2,Orange,Average,3.0 - 3.9 (Moderate),10,7.67,10,24.0
3878,18219524,600.0,Indian Rupees(Rs.),7.2,3.0,Orange,Average,3.0 - 3.9 (Moderate),4,4.83,4,14.4
3879,305276,300.0,Indian Rupees(Rs.),3.6,3.1,Orange,Average,3.0 - 3.9 (Moderate),11,7.7,11,19.8
3880,312355,400.0,Indian Rupees(Rs.),4.8,3.0,Orange,Average,3.0 - 3.9 (Moderate),11,7.45,11,26.4
3881,6599,500.0,Indian Rupees(Rs.),6.0,3.5,Yellow,Good,3.0 - 3.9 (Moderate),106,16.35,106,318.0
3882,300022,350.0,Indian Rupees(Rs.),4.2,3.8,Yellow,Good,3.0 - 3.9 (Moderate),170,19.54,170,357.0
3883,6605,300.0,Indian Rupees(Rs.),3.6,3.6,Yellow,Good,3.0 - 3.9 (Moderate),71,15.4,71,127.8
3884,18034044,500.0,Indian Rupees(Rs.),6.0,3.6,Yellow,Good,3.0 - 3.9 (Moderate),24,11.59,24,72.0
3885,300946,500.0,Indian Rupees(Rs.),6.0,3.6,Yellow,Good,3.0 - 3.9 (Moderate),95,16.43,95,285.0
3886,18457090,300.0,Indian Rupees(Rs.),3.6,3.8,Yellow,Good,3.0 - 3.9 (Moderate),35,13.62,35,63.0
3887,310409,100.0,Indian Rupees(Rs.),1.2,3.5,Yellow,Good,3.0 - 3.9 (Moderate),18,10.31,18,10.8
3888,307228,300.0,Indian Rupees(Rs.),3.6,3.5,Yellow,Good,3.0 - 3.9 (Moderate),32,12.24,32,57.6
3889,18464633,400.0,Indian Rupees(Rs.),4.8,0.0,White,Not rated,Unrated,0,0.0,0,0.0
3890,18358668,200.0,Indian Rupees(Rs.),2.4,0.0,White,Not rated,Unrated,1,0.0,1,1.2
3891,18361743,200.0,Indian Rupees(Rs.),2.4,0.0,White,Not rated,Unrated,0,0.0,0,0.0
3892,18245285,300.0,Indian Rupees(Rs.),3.6,0.0,White,Not rated,Unrated,3,0.0,3,5.4
3893,18364336,200.0,Indian Rupees(Rs.),2.4,0.0,White,Not rated,Unrated,0,0.0,0,0.0
3894,18358207,500.0,Indian Rupees(Rs.),6.0,0.0,White,Not rated,Unrated,2,0.0,2,6.0
3895,312357,500.0,Indian Rupees(Rs.),6.0,0.0,White,Not rated,Unrated,1,0.0,1,3.0
3896,18464627,200.0,Indian Rupees(Rs.),2.4,0.0,White,Not rated,Unrated,1,0.0,1,1.2
3897,18431125,600.0,Indian Rupees(Rs.),7.2,0.0,White,Not rated,Unrated,1,0.0,1,3.6
3898,18361741,100.0,Indian Rupees(Rs.),1.2,0.0,White,Not rated,Unrated,0,0.0,0,0.0
3899,18464621,100.0,Indian Rupees(Rs.),1.2,0.0,White,Not rated,Unrated,0,0.0,0,0.0
3900,18449634,400.0,Indian Rupees(Rs.),4.8,0.0,White,Not rated,Unrated,0,0.0,0,0.0
3901,18361745,400.0,Indian Rupees(Rs.),4.8,0.0,White,Not rated,Unrated,1,0.0,1,2.4
3902,18124390,250.0,Indian Rupees(Rs.),3.0,0.0,White,Not rated,Unrated,3,0.0,3,4.5
3903,18464637,600.0,Indian Rupees(Rs.),7.2,0.0,White,Not rated,Unrated,0,0.0,0,0.0
3904,5897,250.0,Indian Rupees(Rs.),3.0,3.2,Orange,Average,3.0 - 3.9 (Moderate),27,10.66,27,40.5
3905,18381236,800.0,Indian Rupees(Rs.),9.6,3.4,Orange,Average,3.0 - 3.9 (Moderate),17,9.83,17,81.6
3906,18416840,300.0,Indian Rupees(Rs.),3.6,2.7,Orange,Average,< 3.0 (Low),11,6.71,16,28.8
3907,18222563,1700.0,Indian Rupees(Rs.),20.4,3.3,Orange,Average,3.0 - 3.9 (Moderate),339,19.24,339,3457.8
3908,18449796,800.0,Indian Rupees(Rs.),9.6,2.9,Orange,Average,< 3.0 (Low),21,8.96,21,100.8
3909,18471243,350.0,Indian Rupees(Rs.),4.2,3.3,Orange,Average,3.0 - 3.9 (Moderate),10,7.91,10,21.0
3910,652,750.0,Indian Rupees(Rs.),9.0,2.6,Orange,Average,< 3.0 (Low),76,11.29,76,342.0
3911,9841,250.0,Indian Rupees(Rs.),3.0,2.9,Orange,Average,< 3.0 (Low),6,5.64,6,9.0
3912,313482,1000.0,Indian Rupees(Rs.),12.0,3.3,Orange,Average,3.0 - 3.9 (Moderate),61,13.62,92,552.0
3913,308599,100.0,Indian Rupees(Rs.),1.2,3.2,Orange,Average,3.0 - 3.9 (Moderate),12,8.21,12,7.2
3914,807,1100.0,Indian Rupees(Rs.),13.2,3.4,Orange,Average,3.0 - 3.9 (Moderate),195,17.95,292,1927.2
3915,18423871,300.0,Indian Rupees(Rs.),3.6,3.1,Orange,Average,3.0 - 3.9 (Moderate),23,9.85,34,61.2
3916,308188,150.0,Indian Rupees(Rs.),1.8,3.0,Orange,Average,3.0 - 3.9 (Moderate),8,6.59,8,7.2
3917,3156,400.0,Indian Rupees(Rs.),4.8,3.3,Orange,Average,3.0 - 3.9 (Moderate),65,13.83,98,235.2
3918,306319,700.0,Indian Rupees(Rs.),8.4,3.3,Orange,Average,3.0 - 3.9 (Moderate),157,16.71,236,991.2
3919,311033,350.0,Indian Rupees(Rs.),4.2,3.1,Orange,Average,3.0 - 3.9 (Moderate),12,7.95,12,25.2
3920,4250,1000.0,Indian Rupees(Rs.),12.0,3.4,Orange,Average,3.0 - 3.9 (Moderate),180,17.67,270,1620.0
3921,300607,500.0,Indian Rupees(Rs.),6.0,2.6,Orange,Average,< 3.0 (Low),16,7.37,24,72.0
3922,301325,400.0,Indian Rupees(Rs.),4.8,2.6,Orange,Average,< 3.0 (Low),21,8.04,21,50.4
3923,308277,350.0,Indian Rupees(Rs.),4.2,2.9,Orange,Average,< 3.0 (Low),10,6.95,10,21.0
3924,301328,500.0,Indian Rupees(Rs.),6.0,2.6,Orange,Average,< 3.0 (Low),114,12.34,171,513.0
3925,18313482,800.0,Indian Rupees(Rs.),9.6,3.3,Orange,Average,3.0 - 3.9 (Moderate),13,8.71,13,62.4
3926,18287406,800.0,Indian Rupees(Rs.),9.6,2.9,Orange,Average,< 3.0 (Low),8,6.37,12,57.6
3927,18354624,250.0,Indian Rupees(Rs.),3.0,3.1,Orange,Average,3.0 - 3.9 (Moderate),4,4.99,6,9.0
3928,307025,150.0,Indian Rupees(Rs.),1.8,2.8,Orange,Average,< 3.0 (Low),8,6.15,8,7.2
3929,18469980,800.0,Indian Rupees(Rs.),9.6,3.2,Orange,Average,3.0 - 3.9 (Moderate),8,7.03,8,38.4
3930,309593,350.0,Indian Rupees(Rs.),4.2,3.3,Orange,Average,3.0 - 3.9 (Moderate),32,11.54,48,100.8
3931,18252376,300.0,Indian Rupees(Rs.),3.6,2.9,Orange,Average,< 3.0 (Low),9,6.68,14,25.2
3932,312809,600.0,Indian Rupees(Rs.),7.2,2.7,Orange,Average,< 3.0 (Low),10,6.47,15,54.0
3933,304546,350.0,Indian Rupees(Rs.),4.2,2.8,Orange,Average,< 3.0 (Low),21,8.65,21,44.1
3934,301327,500.0,Indian Rupees(Rs.),6.0,3.1,Orange,Average,3.0 - 3.9 (Moderate),21,9.58,32,96.0
3935,303170,500.0,Indian Rupees(Rs.),6.0,3.2,Orange,Average,3.0 - 3.9 (Moderate),35,11.47,52,156.0
3936,306658,250.0,Indian Rupees(Rs.),3.0,3.4,Orange,Average,3.0 - 3.9 (Moderate),74,14.68,74,111.0
3937,300564,150.0,Indian Rupees(Rs.),1.8,2.8,Orange,Average,< 3.0 (Low),25,9.12,25,22.5
3938,5630,450.0,Indian Rupees(Rs.),5.4,3.1,Orange,Average,3.0 - 3.9 (Moderate),175,16.03,262,707.4
3939,306511,500.0,Indian Rupees(Rs.),6.0,2.9,Orange,Average,< 3.0 (Low),13,7.65,13,39.0
3940,306247,500.0,Indian Rupees(Rs.),6.0,2.8,Orange,Average,< 3.0 (Low),87,12.54,130,390.0
3941,18245263,250.0,Indian Rupees(Rs.),3.0,3.4,Orange,Average,3.0 - 3.9 (Moderate),19,10.19,19,28.5
3942,305040,350.0,Indian Rupees(Rs.),4.2,3.4,Orange,Average,3.0 - 3.9 (Moderate),59,13.92,88,184.8
3943,673,350.0,Indian Rupees(Rs.),4.2,2.6,Orange,Average,< 3.0 (Low),220,14.04,220,462.0
3944,304542,350.0,Indian Rupees(Rs.),4.2,2.7,Orange,Average,< 3.0 (Low),26,8.9,26,54.6
3945,18349919,150.0,Indian Rupees(Rs.),1.8,4.5,Dark Green,Excellent,4.5 - 5.0 (Top Tier),67,18.99,100,90.0
3946,4251,500.0,Indian Rupees(Rs.),6.0,3.9,Yellow,Good,3.0 - 3.9 (Moderate),406,23.43,609,1827.0
3947,305736,450.0,Indian Rupees(Rs.),5.4,3.5,Yellow,Good,3.0 - 3.9 (Moderate),35,12.54,35,94.5
3948,308257,1300.0,Indian Rupees(Rs.),15.6,3.8,Yellow,Good,3.0 - 3.9 (Moderate),145,18.94,218,1700.4
3949,18359259,200.0,Indian Rupees(Rs.),2.4,3.6,Yellow,Good,3.0 - 3.9 (Moderate),30,12.36,45,54.0
3950,18335682,600.0,Indian Rupees(Rs.),7.2,3.7,Yellow,Good,3.0 - 3.9 (Moderate),18,10.89,27,97.2
3951,303716,300.0,Indian Rupees(Rs.),3.6,3.8,Yellow,Good,3.0 - 3.9 (Moderate),243,20.89,364,655.2
3952,18430873,300.0,Indian Rupees(Rs.),3.6,3.7,Yellow,Good,3.0 - 3.9 (Moderate),23,11.76,23,41.4
3953,18440414,1000.0,Indian Rupees(Rs.),12.0,3.7,Yellow,Good,3.0 - 3.9 (Moderate),18,10.89,18,108.0
3954,5267,350.0,Indian Rupees(Rs.),4.2,3.5,Yellow,Good,3.0 - 3.9 (Moderate),95,15.98,95,199.5
3955,310259,300.0,Indian Rupees(Rs.),3.6,3.5,Yellow,Good,3.0 - 3.9 (Moderate),65,14.66,98,176.4
3956,18402768,800.0,Indian Rupees(Rs.),9.6,3.8,Yellow,Good,3.0 - 3.9 (Moderate),49,14.87,74,355.2
3957,18418258,1200.0,Indian Rupees(Rs.),14.4,3.9,Yellow,Good,3.0 - 3.9 (Moderate),93,17.72,93,669.6
3958,18427205,200.0,Indian Rupees(Rs.),2.4,0.0,White,Not rated,Unrated,1,0.0,1,1.2
3959,18472618,500.0,Indian Rupees(Rs.),6.0,0.0,White,Not rated,Unrated,0,0.0,0,0.0
3960,18424902,100.0,Indian Rupees(Rs.),1.2,0.0,White,Not rated,Unrated,0,0.0,0,0.0
3961,18427209,200.0,Indian Rupees(Rs.),2.4,0.0,White,Not rated,Unrated,1,0.0,1,1.2
3962,18336472,250.0,Indian Rupees(Rs.),3.0,0.0,White,Not rated,Unrated,0,0.0,0,0.0
3963,18163900,400.0,Indian Rupees(Rs.),4.8,0.0,White,Not rated,Unrated,3,0.0,3,7.2
3964,18425757,200.0,Indian Rupees(Rs.),2.4,0.0,White,Not rated,Unrated,0,0.0,0,0.0
3965,18427218,300.0,Indian Rupees(Rs.),3.6,0.0,White,Not rated,Unrated,1,0.0,1,1.8
3966,18352684,50.0,Indian Rupees(Rs.),0.6,0.0,White,Not rated,Unrated,0,0.0,0,0.0
3967,18423135,500.0,Indian Rupees(Rs.),6.0,0.0,White,Not rated,Unrated,1,0.0,1,3.0
3968,18472605,250.0,Indian Rupees(Rs.),3.0,0.0,White,Not rated,Unrated,0,0.0,0,0.0
3969,18224537,500.0,Indian Rupees(Rs.),6.0,0.0,White,Not rated,Unrated,2,0.0,2,6.0
3970,18494204,150.0,Indian Rupees(Rs.),1.8,0.0,White,Not rated,Unrated,1,0.0,1,0.9
3971,18425738,350.0,Indian Rupees(Rs.),4.2,0.0,White,Not rated,Unrated,0,0.0,0,0.0
3972,18418229,1000.0,Indian Rupees(Rs.),12.0,0.0,White,Not rated,Unrated,0,0.0,0,0.0
3973,18425748,300.0,Indian Rupees(Rs.),3.6,0.0,White,Not rated,Unrated,2,0.0,2,3.6
3974,18287398,300.0,Indian Rupees(Rs.),3.6,0.0,White,Not rated,Unrated,3,0.0,3,5.4
3975,18436439,350.0,Indian Rupees(Rs.),4.2,4.0,Green,Very Good,4.0 - 4.4 (High),55,16.1,55,115.5
3976,18365575,1000.0,Indian Rupees(Rs.),12.0,4.0,Green,Very Good,4.0 - 4.4 (High),83,17.72,83,498.0
3977,307490,1850.0,Indian Rupees(Rs.),22.2,4.1,Green,Very Good,4.0 - 4.4 (High),1823,30.79,1823,20235.3
3978,301001,1600.0,Indian Rupees(Rs.),19.2,3.3,Orange,Average,3.0 - 3.9 (Moderate),704,21.64,704,6758.4
3979,8369,1900.0,Indian Rupees(Rs.),22.8,3.4,Orange,Average,3.0 - 3.9 (Moderate),763,22.57,1144,13041.6
3980,304296,1200.0,Indian Rupees(Rs.),14.4,3.3,Orange,Average,3.0 - 3.9 (Moderate),1363,23.82,1363,9813.6
3981,18082196,350.0,Indian Rupees(Rs.),4.2,3.4,Orange,Average,3.0 - 3.9 (Moderate),491,21.07,736,1545.6
3982,307931,1400.0,Indian Rupees(Rs.),16.8,4.5,Dark Green,Excellent,4.5 - 5.0 (Top Tier),1033,31.24,1550,13020.0
3983,313304,400.0,Indian Rupees(Rs.),4.8,3.9,Yellow,Good,3.0 - 3.9 (Moderate),454,23.87,681,1634.4
3984,5732,1900.0,Indian Rupees(Rs.),22.8,3.9,Yellow,Good,3.0 - 3.9 (Moderate),1756,29.14,2634,30027.6
3985,301131,1600.0,Indian Rupees(Rs.),19.2,3.8,Yellow,Good,3.0 - 3.9 (Moderate),1845,28.58,2768,26572.8
3986,312437,1200.0,Indian Rupees(Rs.),14.4,3.7,Yellow,Good,3.0 - 3.9 (Moderate),379,21.98,379,2728.8
3987,301442,1800.0,Indian Rupees(Rs.),21.6,3.7,Yellow,Good,3.0 - 3.9 (Moderate),2247,28.56,2247,24267.6
3988,301574,1200.0,Indian Rupees(Rs.),14.4,3.9,Yellow,Good,3.0 - 3.9 (Moderate),552,24.63,828,5961.6
3989,308463,1800.0,Indian Rupees(Rs.),21.6,3.8,Yellow,Good,3.0 - 3.9 (Moderate),567,24.1,567,6123.6
3990,304027,1200.0,Indian Rupees(Rs.),14.4,3.5,Yellow,Good,3.0 - 3.9 (Moderate),384,20.84,576,4147.2
3991,307330,2400.0,Indian Rupees(Rs.),28.8,3.5,Yellow,Good,3.0 - 3.9 (Moderate),884,23.75,884,12729.6
3992,306334,800.0,Indian Rupees(Rs.),9.6,3.7,Yellow,Good,3.0 - 3.9 (Moderate),489,22.92,734,3523.2
3993,5030,1800.0,Indian Rupees(Rs.),21.6,3.7,Yellow,Good,3.0 - 3.9 (Moderate),3697,30.4,3697,39927.6
3994,8893,2000.0,Indian Rupees(Rs.),24.0,3.9,Yellow,Good,3.0 - 3.9 (Moderate),1878,29.4,2817,33804.0
3995,308322,1600.0,Indian Rupees(Rs.),19.2,4.3,Green,Very Good,4.0 - 4.4 (High),7931,38.61,11896,114201.6
3996,3392,200.0,Indian Rupees(Rs.),2.4,4.2,Green,Very Good,4.0 - 4.4 (High),542,26.45,542,650.4
3997,18408040,2200.0,Indian Rupees(Rs.),26.4,4.2,Green,Very Good,4.0 - 4.4 (High),278,23.65,278,3669.6
3998,307360,1700.0,Indian Rupees(Rs.),20.4,4.0,Green,Very Good,4.0 - 4.4 (High),969,27.51,1454,14830.8
3999,89,500.0,Indian Rupees(Rs.),6.0,4.2,Green,Very Good,4.0 - 4.4 (High),1627,31.06,2440,7320.0
4000,18208924,1300.0,Indian Rupees(Rs.),15.6,4.4,Green,Very Good,4.0 - 4.4 (High),541,27.7,812,6333.6
4001,303092,1600.0,Indian Rupees(Rs.),19.2,4.1,Green,Very Good,4.0 - 4.4 (High),1199,29.07,1798,17260.8
4002,307436,1000.0,Indian Rupees(Rs.),12.0,3.3,Orange,Average,3.0 - 3.9 (Moderate),30,11.33,30,180.0
4003,306510,2000.0,Indian Rupees(Rs.),24.0,3.4,Orange,Average,3.0 - 3.9 (Moderate),174,17.56,174,2088.0
4004,312801,1800.0,Indian Rupees(Rs.),21.6,3.7,Yellow,Good,3.0 - 3.9 (Moderate),128,17.98,192,2073.6
4005,3293,1100.0,Indian Rupees(Rs.),13.2,3.4,Orange,Average,3.0 - 3.9 (Moderate),72,14.59,72,475.2
4006,422,2000.0,Indian Rupees(Rs.),24.0,3.9,Yellow,Good,3.0 - 3.9 (Moderate),295,22.19,295,3540.0
4007,3260,2000.0,Indian Rupees(Rs.),24.0,2.8,Orange,Average,< 3.0 (Low),19,8.39,19,228.0
4008,1267,2500.0,Indian Rupees(Rs.),30.0,3.9,Yellow,Good,3.0 - 3.9 (Moderate),259,21.69,259,3885.0
4009,18273067,1000.0,Indian Rupees(Rs.),12.0,0.0,White,Not rated,Unrated,1,0.0,1,6.0
4010,18312623,800.0,Indian Rupees(Rs.),9.6,0.0,White,Not rated,Unrated,0,0.0,0,0.0
4011,308069,700.0,Indian Rupees(Rs.),8.4,3.0,Orange,Average,3.0 - 3.9 (Moderate),7,6.24,7,29.4
4012,308068,800.0,Indian Rupees(Rs.),9.6,0.0,White,Not rated,Unrated,1,0.0,1,4.8
4013,4367,3000.0,Indian Rupees(Rs.),36.0,3.3,Orange,Average,3.0 - 3.9 (Moderate),95,15.06,95,1710.0
4014,4364,2500.0,Indian Rupees(Rs.),30.0,3.0,Orange,Average,3.0 - 3.9 (Moderate),19,8.99,19,285.0
4015,310365,2500.0,Indian Rupees(Rs.),30.0,3.4,Orange,Average,3.0 - 3.9 (Moderate),265,18.98,265,3975.0
4016,4366,4000.0,Indian Rupees(Rs.),48.0,3.7,Yellow,Good,3.0 - 3.9 (Moderate),44,14.08,44,1056.0
4017,4365,2500.0,Indian Rupees(Rs.),30.0,3.6,Yellow,Good,3.0 - 3.9 (Moderate),38,13.19,38,570.0
4018,18419892,2000.0,Indian Rupees(Rs.),24.0,3.5,Yellow,Good,3.0 - 3.9 (Moderate),14,9.48,14,168.0
4019,4357,3500.0,Indian Rupees(Rs.),42.0,3.6,Yellow,Good,3.0 - 3.9 (Moderate),261,20.05,261,5481.0
4020,3379,4500.0,Indian Rupees(Rs.),54.0,3.9,Yellow,Good,3.0 - 3.9 (Moderate),410,23.47,410,11070.0
4021,3264,2500.0,Indian Rupees(Rs.),30.0,3.6,Yellow,Good,3.0 - 3.9 (Moderate),49,14.08,49,735.0
4022,4368,1000.0,Indian Rupees(Rs.),12.0,3.8,Yellow,Good,3.0 - 3.9 (Moderate),79,16.65,79,474.0
4023,4356,4000.0,Indian Rupees(Rs.),48.0,3.9,Yellow,Good,3.0 - 3.9 (Moderate),290,22.13,290,6960.0
4024,3378,4500.0,Indian Rupees(Rs.),54.0,4.0,Green,Very Good,4.0 - 4.4 (High),424,24.21,424,11448.0
4025,310032,1500.0,Indian Rupees(Rs.),18.0,3.1,Orange,Average,3.0 - 3.9 (Moderate),9,7.14,9,81.0
4026,18481317,300.0,Indian Rupees(Rs.),3.6,0.0,White,Not rated,Unrated,0,0.0,0,0.0
4027,18436483,500.0,Indian Rupees(Rs.),6.0,3.1,Orange,Average,3.0 - 3.9 (Moderate),5,5.55,5,15.0
4028,18245249,600.0,Indian Rupees(Rs.),7.2,2.6,Orange,Average,< 3.0 (Low),30,8.93,45,162.0
4029,301448,400.0,Indian Rupees(Rs.),4.8,3.9,Yellow,Good,3.0 - 3.9 (Moderate),108,18.3,108,259.2
4030,18425152,300.0,Indian Rupees(Rs.),3.6,0.0,White,Not rated,Unrated,0,0.0,0,0.0
4031,312231,350.0,Indian Rupees(Rs.),4.2,3.1,Orange,Average,3.0 - 3.9 (Moderate),13,8.18,13,27.3
4032,18057802,200.0,Indian Rupees(Rs.),2.4,3.2,Orange,Average,3.0 - 3.9 (Moderate),12,8.21,12,14.4
4033,307622,300.0,Indian Rupees(Rs.),3.6,3.8,Yellow,Good,3.0 - 3.9 (Moderate),266,21.23,266,478.8
4034,18475283,300.0,Indian Rupees(Rs.),3.6,0.0,White,Not rated,Unrated,1,0.0,1,1.8
4035,18481278,400.0,Indian Rupees(Rs.),4.8,0.0,White,Not rated,Unrated,0,0.0,0,0.0
4036,311546,800.0,Indian Rupees(Rs.),9.6,0.0,White,Not rated,Unrated,3,0.0,3,14.4
4037,1546,400.0,Indian Rupees(Rs.),4.8,2.9,Orange,Average,< 3.0 (Low),36,10.47,36,86.4
4038,4673,500.0,Indian Rupees(Rs.),6.0,2.8,Orange,Average,< 3.0 (Low),20,8.52,20,60.0
4039,18440187,400.0,Indian Rupees(Rs.),4.8,3.0,Orange,Average,3.0 - 3.9 (Moderate),4,4.83,4,9.6
4040,304304,1500.0,Indian Rupees(Rs.),18.0,2.8,Orange,Average,< 3.0 (Low),68,11.86,68,612.0
4041,18107859,300.0,Indian Rupees(Rs.),3.6,2.9,Orange,Average,< 3.0 (Low),4,4.67,4,7.2
4042,303582,200.0,Indian Rupees(Rs.),2.4,3.1,Orange,Average,3.0 - 3.9 (Moderate),26,10.22,26,31.2
4043,306595,300.0,Indian Rupees(Rs.),3.6,3.4,Orange,Average,3.0 - 3.9 (Moderate),11,8.45,16,28.8
4044,305348,100.0,Indian Rupees(Rs.),1.2,3.1,Orange,Average,3.0 - 3.9 (Moderate),18,9.13,18,10.8
4045,303586,200.0,Indian Rupees(Rs.),2.4,3.2,Orange,Average,3.0 - 3.9 (Moderate),137,15.77,206,247.2
4046,18289231,450.0,Indian Rupees(Rs.),5.4,2.7,Orange,Average,< 3.0 (Low),8,5.93,8,21.6
4047,9803,350.0,Indian Rupees(Rs.),4.2,2.8,Orange,Average,< 3.0 (Low),101,12.95,152,319.2
4048,3700,550.0,Indian Rupees(Rs.),6.6,2.8,Orange,Average,< 3.0 (Low),103,13.0,154,508.2
4049,3093,950.0,Indian Rupees(Rs.),11.4,3.1,Orange,Average,3.0 - 3.9 (Moderate),94,14.12,141,803.7
4050,308849,150.0,Indian Rupees(Rs.),1.8,3.2,Orange,Average,3.0 - 3.9 (Moderate),22,10.03,22,19.8
4051,301149,100.0,Indian Rupees(Rs.),1.2,2.6,Orange,Average,< 3.0 (Low),16,7.37,16,9.6
4052,305159,450.0,Indian Rupees(Rs.),5.4,2.7,Orange,Average,< 3.0 (Low),56,10.92,56,151.2
4053,6256,650.0,Indian Rupees(Rs.),7.8,3.3,Orange,Average,3.0 - 3.9 (Moderate),49,12.91,49,191.1
4054,18258483,400.0,Indian Rupees(Rs.),4.8,3.4,Orange,Average,3.0 - 3.9 (Moderate),60,13.98,90,216.0
4055,9806,200.0,Indian Rupees(Rs.),2.4,3.4,Orange,Average,3.0 - 3.9 (Moderate),86,15.18,129,154.8
4056,303590,350.0,Indian Rupees(Rs.),4.2,3.2,Orange,Average,3.0 - 3.9 (Moderate),51,12.64,76,159.6
4057,311263,400.0,Indian Rupees(Rs.),4.8,3.3,Orange,Average,3.0 - 3.9 (Moderate),24,10.62,36,86.4
4058,303592,150.0,Indian Rupees(Rs.),1.8,3.5,Yellow,Good,3.0 - 3.9 (Moderate),97,16.05,97,87.3
4059,18228856,250.0,Indian Rupees(Rs.),3.0,3.5,Yellow,Good,3.0 - 3.9 (Moderate),60,14.39,90,135.0
4060,18308458,300.0,Indian Rupees(Rs.),3.6,3.7,Yellow,Good,3.0 - 3.9 (Moderate),25,12.05,38,68.4
4061,18378062,400.0,Indian Rupees(Rs.),4.8,0.0,White,Not rated,Unrated,3,0.0,4,9.6
4062,18464687,500.0,Indian Rupees(Rs.),6.0,0.0,White,Not rated,Unrated,0,0.0,0,0.0
4063,18428622,300.0,Indian Rupees(Rs.),3.6,0.0,White,Not rated,Unrated,0,0.0,0,0.0
4064,18432941,400.0,Indian Rupees(Rs.),4.8,0.0,White,Not rated,Unrated,0,0.0,0,0.0
4065,18264980,300.0,Indian Rupees(Rs.),3.6,0.0,White,Not rated,Unrated,1,0.0,1,1.8
4066,18378025,500.0,Indian Rupees(Rs.),6.0,0.0,White,Not rated,Unrated,3,0.0,3,9.0
4067,18493572,350.0,Indian Rupees(Rs.),4.2,0.0,White,Not rated,Unrated,0,0.0,0,0.0
4068,18441696,500.0,Indian Rupees(Rs.),6.0,0.0,White,Not rated,Unrated,0,0.0,0,0.0
4069,18421488,250.0,Indian Rupees(Rs.),3.0,0.0,White,Not rated,Unrated,2,0.0,2,3.0
4070,308853,100.0,Indian Rupees(Rs.),1.2,0.0,White,Not rated,Unrated,2,0.0,2,1.2
4071,312864,200.0,Indian Rupees(Rs.),2.4,0.0,White,Not rated,Unrated,3,0.0,3,3.6
4072,18492957,350.0,Indian Rupees(Rs.),4.2,0.0,White,Not rated,Unrated,0,0.0,0,0.0
4073,18439029,400.0,Indian Rupees(Rs.),4.8,0.0,White,Not rated,Unrated,1,0.0,1,2.4
4074,18441698,150.0,Indian Rupees(Rs.),1.8,0.0,White,Not rated,Unrated,0,0.0,0,0.0
4075,18440175,500.0,Indian Rupees(Rs.),6.0,0.0,White,Not rated,Unrated,2,0.0,2,6.0
4076,18258502,200.0,Indian Rupees(Rs.),2.4,0.0,White,Not rated,Unrated,0,0.0,0,0.0
4077,18440143,300.0,Indian Rupees(Rs.),3.6,0.0,White,Not rated,Unrated,1,0.0,1,1.8
4078,18460414,300.0,Indian Rupees(Rs.),3.6,0.0,White,Not rated,Unrated,1,0.0,1,1.8
4079,18377928,400.0,Indian Rupees(Rs.),4.8,0.0,White,Not rated,Unrated,1,0.0,1,2.4
4080,6777,1200.0,Indian Rupees(Rs.),14.4,2.4,Red,Poor,< 3.0 (Low),124,11.59,186,1339.2
4081,8376,700.0,Indian Rupees(Rs.),8.4,2.4,Red,Poor,< 3.0 (Low),113,11.37,113,474.6
4082,8619,400.0,Indian Rupees(Rs.),4.8,2.4,Red,Poor,< 3.0 (Low),166,12.28,249,597.6
4083,18228125,500.0,Indian Rupees(Rs.),6.0,4.1,Green,Very Good,4.0 - 4.4 (High),71,17.53,71,213.0
4084,306026,2000.0,Indian Rupees(Rs.),24.0,3.2,Orange,Average,3.0 - 3.9 (Moderate),17,9.25,17,204.0
4085,302636,1000.0,Indian Rupees(Rs.),12.0,3.4,Orange,Average,3.0 - 3.9 (Moderate),25,11.08,25,150.0
4086,18376494,1200.0,Indian Rupees(Rs.),14.4,3.8,Yellow,Good,3.0 - 3.9 (Moderate),20,11.57,20,144.0
4087,2745,3500.0,Indian Rupees(Rs.),42.0,3.5,Yellow,Good,3.0 - 3.9 (Moderate),45,13.4,45,945.0
4088,2742,6500.0,Indian Rupees(Rs.),78.0,4.4,Green,Very Good,4.0 - 4.4 (High),2826,34.97,2826,110214.0
4089,309548,7000.0,Indian Rupees(Rs.),84.0,4.1,Green,Very Good,4.0 - 4.4 (High),188,21.49,188,7896.0
4090,311078,400.0,Indian Rupees(Rs.),4.8,3.2,Orange,Average,3.0 - 3.9 (Moderate),26,10.55,26,62.4
4091,18144464,200.0,Indian Rupees(Rs.),2.4,3.1,Orange,Average,3.0 - 3.9 (Moderate),10,7.43,10,12.0
4092,311117,500.0,Indian Rupees(Rs.),6.0,3.2,Orange,Average,3.0 - 3.9 (Moderate),25,10.43,25,75.0
4093,303261,300.0,Indian Rupees(Rs.),3.6,3.5,Yellow,Good,3.0 - 3.9 (Moderate),117,16.7,117,210.6
4094,18037812,350.0,Indian Rupees(Rs.),4.2,2.7,Orange,Average,< 3.0 (Low),11,6.71,11,23.1
4095,18037793,100.0,Indian Rupees(Rs.),1.2,3.1,Orange,Average,3.0 - 3.9 (Moderate),6,6.03,6,3.6
4096,301818,400.0,Indian Rupees(Rs.),4.8,2.8,Orange,Average,< 3.0 (Low),9,6.45,9,21.6
4097,18427235,300.0,Indian Rupees(Rs.),3.6,3.1,Orange,Average,3.0 - 3.9 (Moderate),7,6.45,10,18.0
4098,307002,150.0,Indian Rupees(Rs.),1.8,2.8,Orange,Average,< 3.0 (Low),41,10.47,41,36.9
4099,18037806,450.0,Indian Rupees(Rs.),5.4,3.1,Orange,Average,3.0 - 3.9 (Moderate),5,5.55,5,13.5
4100,309087,400.0,Indian Rupees(Rs.),4.8,3.1,Orange,Average,3.0 - 3.9 (Moderate),13,8.18,13,31.2
4101,18367977,600.0,Indian Rupees(Rs.),7.2,2.7,Orange,Average,< 3.0 (Low),6,5.25,9,32.4
4102,1106,350.0,Indian Rupees(Rs.),4.2,3.4,Orange,Average,3.0 - 3.9 (Moderate),59,13.92,59,123.9
4103,301857,300.0,Indian Rupees(Rs.),3.6,3.1,Orange,Average,3.0 - 3.9 (Moderate),15,8.6,15,27.0
4104,302836,100.0,Indian Rupees(Rs.),1.2,3.3,Orange,Average,3.0 - 3.9 (Moderate),18,9.72,27,16.2
4105,18279090,350.0,Indian Rupees(Rs.),4.2,3.1,Orange,Average,3.0 - 3.9 (Moderate),37,11.28,56,117.6
4106,300502,200.0,Indian Rupees(Rs.),2.4,3.2,Orange,Average,3.0 - 3.9 (Moderate),14,8.67,14,16.8
4107,18203169,400.0,Indian Rupees(Rs.),4.8,3.0,Orange,Average,3.0 - 3.9 (Moderate),6,5.84,6,14.4
4108,306891,350.0,Indian Rupees(Rs.),4.2,3.3,Orange,Average,3.0 - 3.9 (Moderate),60,13.57,60,126.0
4109,6959,300.0,Indian Rupees(Rs.),3.6,3.4,Orange,Average,3.0 - 3.9 (Moderate),22,10.66,22,39.6
4110,18282019,150.0,Indian Rupees(Rs.),1.8,3.3,Orange,Average,3.0 - 3.9 (Moderate),10,7.91,10,9.0
4111,2399,600.0,Indian Rupees(Rs.),7.2,3.4,Orange,Average,3.0 - 3.9 (Moderate),74,14.68,111,399.6
4112,5420,200.0,Indian Rupees(Rs.),2.4,3.4,Orange,Average,3.0 - 3.9 (Moderate),25,11.08,25,30.0
4113,8521,2500.0,Indian Rupees(Rs.),30.0,2.9,Orange,Average,< 3.0 (Low),14,7.85,14,210.0
4114,18292455,800.0,Indian Rupees(Rs.),9.6,2.7,Orange,Average,< 3.0 (Low),12,6.93,18,86.4
4115,4000,400.0,Indian Rupees(Rs.),4.8,3.0,Orange,Average,3.0 - 3.9 (Moderate),9,6.91,14,33.6
4116,18241858,300.0,Indian Rupees(Rs.),3.6,2.6,Orange,Average,< 3.0 (Low),18,7.66,18,32.4
4117,310732,450.0,Indian Rupees(Rs.),5.4,3.3,Orange,Average,3.0 - 3.9 (Moderate),68,13.97,68,183.6
4118,300522,250.0,Indian Rupees(Rs.),3.0,3.1,Orange,Average,3.0 - 3.9 (Moderate),7,6.45,7,10.5
4119,18408034,250.0,Indian Rupees(Rs.),3.0,3.0,Orange,Average,3.0 - 3.9 (Moderate),4,4.83,4,6.0
4120,301803,400.0,Indian Rupees(Rs.),4.8,2.9,Orange,Average,< 3.0 (Low),33,10.23,50,120.0
4121,18282017,450.0,Indian Rupees(Rs.),5.4,3.3,Orange,Average,3.0 - 3.9 (Moderate),11,8.2,11,29.7
4122,18455615,400.0,Indian Rupees(Rs.),4.8,3.2,Orange,Average,3.0 - 3.9 (Moderate),5,5.73,5,12.0
4123,5400,100.0,Indian Rupees(Rs.),1.2,3.2,Orange,Average,3.0 - 3.9 (Moderate),38,11.72,38,22.8
4124,300561,500.0,Indian Rupees(Rs.),6.0,3.2,Orange,Average,3.0 - 3.9 (Moderate),23,10.17,34,102.0
4125,301823,550.0,Indian Rupees(Rs.),6.6,3.1,Orange,Average,3.0 - 3.9 (Moderate),14,8.39,14,46.2
4126,18282009,500.0,Indian Rupees(Rs.),6.0,2.9,Orange,Average,< 3.0 (Low),8,6.37,8,24.0
4127,6978,400.0,Indian Rupees(Rs.),4.8,3.1,Orange,Average,3.0 - 3.9 (Moderate),9,7.14,9,21.6
4128,18281946,250.0,Indian Rupees(Rs.),3.0,2.9,Orange,Average,< 3.0 (Low),8,6.37,8,12.0
4129,6052,600.0,Indian Rupees(Rs.),7.2,2.9,Orange,Average,< 3.0 (Low),57,11.78,86,309.6
4130,5965,200.0,Indian Rupees(Rs.),2.4,3.4,Orange,Average,3.0 - 3.9 (Moderate),17,9.83,17,20.4
4131,18381639,300.0,Indian Rupees(Rs.),3.6,3.3,Orange,Average,3.0 - 3.9 (Moderate),14,8.94,14,25.2
4132,18289278,250.0,Indian Rupees(Rs.),3.0,3.0,Orange,Average,3.0 - 3.9 (Moderate),6,5.84,6,9.0
4133,308716,300.0,Indian Rupees(Rs.),3.6,2.9,Orange,Average,< 3.0 (Low),14,7.85,14,25.2
4134,306985,200.0,Indian Rupees(Rs.),2.4,3.0,Orange,Average,3.0 - 3.9 (Moderate),6,5.84,6,7.2
4135,307861,450.0,Indian Rupees(Rs.),5.4,2.9,Orange,Average,< 3.0 (Low),16,8.22,16,43.2
4136,18429381,450.0,Indian Rupees(Rs.),5.4,2.5,Orange,Average,< 3.0 (Low),9,5.76,14,37.8
4137,18366009,300.0,Indian Rupees(Rs.),3.6,3.6,Yellow,Good,3.0 - 3.9 (Moderate),33,12.69,33,59.4
4138,18415357,200.0,Indian Rupees(Rs.),2.4,3.5,Yellow,Good,3.0 - 3.9 (Moderate),14,9.48,21,25.2
4139,300501,300.0,Indian Rupees(Rs.),3.6,3.7,Yellow,Good,3.0 - 3.9 (Moderate),89,16.65,89,160.2
4140,307006,200.0,Indian Rupees(Rs.),2.4,3.6,Yellow,Good,3.0 - 3.9 (Moderate),75,15.59,75,90.0
4141,18424895,300.0,Indian Rupees(Rs.),3.6,3.7,Yellow,Good,3.0 - 3.9 (Moderate),29,12.58,44,79.2
4142,18282015,200.0,Indian Rupees(Rs.),2.4,0.0,White,Not rated,Unrated,1,0.0,1,1.2
4143,306974,300.0,Indian Rupees(Rs.),3.6,0.0,White,Not rated,Unrated,1,0.0,1,1.8
4144,18431980,100.0,Indian Rupees(Rs.),1.2,0.0,White,Not rated,Unrated,2,0.0,2,1.2
4145,18429401,350.0,Indian Rupees(Rs.),4.2,0.0,White,Not rated,Unrated,2,0.0,2,4.2
4146,301822,200.0,Indian Rupees(Rs.),2.4,0.0,White,Not rated,Unrated,3,0.0,3,3.6
4147,18367979,200.0,Indian Rupees(Rs.),2.4,0.0,White,Not rated,Unrated,1,0.0,1,1.2
4148,18366025,350.0,Indian Rupees(Rs.),4.2,0.0,White,Not rated,Unrated,1,0.0,1,2.1
4149,18456774,350.0,Indian Rupees(Rs.),4.2,0.0,White,Not rated,Unrated,1,0.0,1,2.1
4150,18458301,350.0,Indian Rupees(Rs.),4.2,0.0,White,Not rated,Unrated,1,0.0,1,2.1
4151,18037794,300.0,Indian Rupees(Rs.),3.6,0.0,White,Not rated,Unrated,3,0.0,3,5.4
4152,18454474,450.0,Indian Rupees(Rs.),5.4,0.0,White,Not rated,Unrated,2,0.0,3,8.1
4153,18245258,500.0,Indian Rupees(Rs.),6.0,2.2,Red,Poor,< 3.0 (Low),19,6.59,28,84.0
4154,17977777,1200.0,Indian Rupees(Rs.),14.4,4.2,Green,Very Good,4.0 - 4.4 (High),621,27.02,621,4471.2
4155,18349901,400.0,Indian Rupees(Rs.),4.8,3.1,Orange,Average,3.0 - 3.9 (Moderate),7,6.45,7,16.8
4156,18349910,200.0,Indian Rupees(Rs.),2.4,3.4,Orange,Average,3.0 - 3.9 (Moderate),12,8.72,12,14.4
4157,304091,350.0,Indian Rupees(Rs.),4.2,3.0,Orange,Average,3.0 - 3.9 (Moderate),6,5.84,6,12.6
4158,18420675,100.0,Indian Rupees(Rs.),1.2,3.1,Orange,Average,3.0 - 3.9 (Moderate),5,5.55,5,3.0
4159,308014,500.0,Indian Rupees(Rs.),6.0,3.4,Orange,Average,3.0 - 3.9 (Moderate),40,12.63,40,120.0
4160,18291241,200.0,Indian Rupees(Rs.),2.4,3.2,Orange,Average,3.0 - 3.9 (Moderate),13,8.44,13,15.6
4161,18336178,150.0,Indian Rupees(Rs.),1.8,3.0,Orange,Average,3.0 - 3.9 (Moderate),5,5.38,5,4.5
4162,18454466,300.0,Indian Rupees(Rs.),3.6,3.0,Orange,Average,3.0 - 3.9 (Moderate),5,5.38,5,9.0
4163,993,600.0,Indian Rupees(Rs.),7.2,3.8,Yellow,Good,3.0 - 3.9 (Moderate),1585,28.0,1585,5706.0
4164,305598,400.0,Indian Rupees(Rs.),4.8,3.9,Yellow,Good,3.0 - 3.9 (Moderate),635,25.18,635,1524.0
4165,18336494,200.0,Indian Rupees(Rs.),2.4,3.5,Yellow,Good,3.0 - 3.9 (Moderate),12,8.98,12,14.4
4166,18340727,300.0,Indian Rupees(Rs.),3.6,3.6,Yellow,Good,3.0 - 3.9 (Moderate),22,11.29,22,39.6
4167,308001,100.0,Indian Rupees(Rs.),1.2,3.8,Yellow,Good,3.0 - 3.9 (Moderate),75,16.46,75,45.0
4168,18396855,700.0,Indian Rupees(Rs.),8.4,3.8,Yellow,Good,3.0 - 3.9 (Moderate),40,14.11,40,168.0
4169,18261688,300.0,Indian Rupees(Rs.),3.6,0.0,White,Not rated,Unrated,0,0.0,0,0.0
4170,18208922,100.0,Indian Rupees(Rs.),1.2,0.0,White,Not rated,Unrated,3,0.0,3,1.8
4171,18308432,600.0,Indian Rupees(Rs.),7.2,0.0,White,Not rated,Unrated,3,0.0,3,10.8
4172,18408050,200.0,Indian Rupees(Rs.),2.4,0.0,White,Not rated,Unrated,2,0.0,2,2.4
4173,18349897,100.0,Indian Rupees(Rs.),1.2,0.0,White,Not rated,Unrated,1,0.0,1,0.6
4174,18336488,400.0,Indian Rupees(Rs.),4.8,0.0,White,Not rated,Unrated,2,0.0,2,4.8
4175,18454468,400.0,Indian Rupees(Rs.),4.8,0.0,White,Not rated,Unrated,0,0.0,0,0.0
4176,18451575,400.0,Indian Rupees(Rs.),4.8,0.0,White,Not rated,Unrated,0,0.0,0,0.0
4177,18079620,100.0,Indian Rupees(Rs.),1.2,4.2,Green,Very Good,4.0 - 4.4 (High),69,17.84,69,41.4
4178,304617,200.0,Indian Rupees(Rs.),2.4,4.0,Green,Very Good,4.0 - 4.4 (High),115,19.01,115,138.0
4179,463,800.0,Indian Rupees(Rs.),9.6,4.0,Green,Very Good,4.0 - 4.4 (High),4689,33.81,4689,22507.2
4180,18291442,200.0,Indian Rupees(Rs.),2.4,4.3,Green,Very Good,4.0 - 4.4 (High),76,18.68,76,91.2
4181,300430,500.0,Indian Rupees(Rs.),6.0,3.3,Orange,Average,3.0 - 3.9 (Moderate),86,14.74,129,387.0
4182,533,650.0,Indian Rupees(Rs.),7.8,3.3,Orange,Average,3.0 - 3.9 (Moderate),74,14.25,111,432.9
4183,18365984,600.0,Indian Rupees(Rs.),7.2,3.4,Orange,Average,3.0 - 3.9 (Moderate),49,13.3,74,266.4
4184,18057812,800.0,Indian Rupees(Rs.),9.6,3.2,Orange,Average,3.0 - 3.9 (Moderate),84,14.22,126,604.8
4185,7012,450.0,Indian Rupees(Rs.),5.4,3.4,Orange,Average,3.0 - 3.9 (Moderate),50,13.37,50,135.0
4186,313194,600.0,Indian Rupees(Rs.),7.2,2.7,Orange,Average,< 3.0 (Low),91,12.21,91,327.6
4187,18466975,700.0,Indian Rupees(Rs.),8.4,3.3,Orange,Average,3.0 - 3.9 (Moderate),23,10.49,34,142.8
4188,8365,700.0,Indian Rupees(Rs.),8.4,3.4,Orange,Average,3.0 - 3.9 (Moderate),88,15.26,88,369.6
4189,307699,400.0,Indian Rupees(Rs.),4.8,3.0,Orange,Average,3.0 - 3.9 (Moderate),70,12.79,105,252.0
4190,305723,400.0,Indian Rupees(Rs.),4.8,3.2,Orange,Average,3.0 - 3.9 (Moderate),96,14.64,144,345.6
4191,18175283,600.0,Indian Rupees(Rs.),7.2,2.5,Orange,Average,< 3.0 (Low),85,11.14,85,306.0
4192,4018,700.0,Indian Rupees(Rs.),8.4,3.4,Orange,Average,3.0 - 3.9 (Moderate),60,13.98,90,378.0
4193,4019,600.0,Indian Rupees(Rs.),7.2,2.7,Orange,Average,< 3.0 (Low),82,11.93,123,442.8
4194,482,1000.0,Indian Rupees(Rs.),12.0,2.6,Orange,Average,< 3.0 (Low),105,12.12,158,948.0
4195,355,600.0,Indian Rupees(Rs.),7.2,2.5,Orange,Average,< 3.0 (Low),162,12.73,243,874.8
4196,1104,350.0,Indian Rupees(Rs.),4.2,3.2,Orange,Average,3.0 - 3.9 (Moderate),62,13.26,62,130.2
4197,300994,450.0,Indian Rupees(Rs.),5.4,3.4,Orange,Average,3.0 - 3.9 (Moderate),66,14.3,66,178.2
4198,310691,700.0,Indian Rupees(Rs.),8.4,2.5,Orange,Average,< 3.0 (Low),46,9.63,46,193.2
4199,303247,700.0,Indian Rupees(Rs.),8.4,3.4,Orange,Average,3.0 - 3.9 (Moderate),198,18.0,297,1247.4
4200,311616,500.0,Indian Rupees(Rs.),6.0,3.1,Orange,Average,3.0 - 3.9 (Moderate),69,13.17,104,312.0
4201,7025,500.0,Indian Rupees(Rs.),6.0,3.4,Orange,Average,3.0 - 3.9 (Moderate),52,13.5,78,234.0
4202,301335,600.0,Indian Rupees(Rs.),7.2,3.0,Orange,Average,3.0 - 3.9 (Moderate),182,15.63,273,982.8
4203,4016,1400.0,Indian Rupees(Rs.),16.8,3.3,Orange,Average,3.0 - 3.9 (Moderate),85,14.7,128,1075.2
4204,18238968,800.0,Indian Rupees(Rs.),9.6,3.4,Orange,Average,3.0 - 3.9 (Moderate),102,15.76,153,734.4
4205,18175340,400.0,Indian Rupees(Rs.),4.8,3.4,Orange,Average,3.0 - 3.9 (Moderate),69,14.44,104,249.6
4206,313498,450.0,Indian Rupees(Rs.),5.4,2.7,Orange,Average,< 3.0 (Low),37,9.82,56,151.2
4207,18421049,800.0,Indian Rupees(Rs.),9.6,4.5,Dark Green,Excellent,4.5 - 5.0 (Top Tier),50,17.69,75,360.0
4208,18345739,600.0,Indian Rupees(Rs.),7.2,3.5,Yellow,Good,3.0 - 3.9 (Moderate),40,13.0,40,144.0
4209,18261158,1250.0,Indian Rupees(Rs.),15.0,3.8,Yellow,Good,3.0 - 3.9 (Moderate),128,18.47,192,1440.0
4210,4010,350.0,Indian Rupees(Rs.),4.2,3.8,Yellow,Good,3.0 - 3.9 (Moderate),212,20.37,318,667.8
4211,309283,300.0,Indian Rupees(Rs.),3.6,3.6,Yellow,Good,3.0 - 3.9 (Moderate),164,18.38,164,295.2
4212,17977755,400.0,Indian Rupees(Rs.),4.8,3.6,Yellow,Good,3.0 - 3.9 (Moderate),70,15.35,105,252.0
4213,5388,700.0,Indian Rupees(Rs.),8.4,3.5,Yellow,Good,3.0 - 3.9 (Moderate),74,15.11,111,466.2
4214,4723,400.0,Indian Rupees(Rs.),4.8,3.5,Yellow,Good,3.0 - 3.9 (Moderate),33,12.34,50,120.0
4215,311889,400.0,Indian Rupees(Rs.),4.8,3.6,Yellow,Good,3.0 - 3.9 (Moderate),116,17.14,116,278.4
4216,311922,500.0,Indian Rupees(Rs.),6.0,3.5,Yellow,Good,3.0 - 3.9 (Moderate),62,14.5,93,279.0
4217,185,500.0,Indian Rupees(Rs.),6.0,3.6,Yellow,Good,3.0 - 3.9 (Moderate),179,18.69,268,804.0
4218,18268370,700.0,Indian Rupees(Rs.),8.4,3.6,Yellow,Good,3.0 - 3.9 (Moderate),56,14.55,84,352.8
4219,4021,600.0,Indian Rupees(Rs.),7.2,3.5,Yellow,Good,3.0 - 3.9 (Moderate),131,17.09,196,705.6
4220,300527,300.0,Indian Rupees(Rs.),3.6,3.6,Yellow,Good,3.0 - 3.9 (Moderate),155,18.18,232,417.6
4221,18219547,1300.0,Indian Rupees(Rs.),15.6,3.5,Yellow,Good,3.0 - 3.9 (Moderate),100,16.15,150,1170.0
4222,18412874,400.0,Indian Rupees(Rs.),4.8,3.7,Yellow,Good,3.0 - 3.9 (Moderate),32,12.94,48,115.2
4223,18244719,500.0,Indian Rupees(Rs.),6.0,3.5,Yellow,Good,3.0 - 3.9 (Moderate),87,15.67,130,390.0
4224,18322665,450.0,Indian Rupees(Rs.),5.4,3.7,Yellow,Good,3.0 - 3.9 (Moderate),61,15.27,92,248.4
4225,7018,250.0,Indian Rupees(Rs.),3.0,1.9,Red,Poor,< 3.0 (Low),66,7.99,66,99.0
4226,18446409,700.0,Indian Rupees(Rs.),8.4,4.3,Green,Very Good,4.0 - 4.4 (High),22,13.48,33,138.6
4227,7891,150.0,Indian Rupees(Rs.),1.8,2.8,Orange,Average,< 3.0 (Low),15,7.76,15,13.5
4228,304445,300.0,Indian Rupees(Rs.),3.6,2.8,Orange,Average,< 3.0 (Low),30,9.62,45,81.0
4229,18337922,400.0,Indian Rupees(Rs.),4.8,3.1,Orange,Average,3.0 - 3.9 (Moderate),7,6.45,7,16.8
4230,18357562,250.0,Indian Rupees(Rs.),3.0,2.9,Orange,Average,< 3.0 (Low),4,4.67,4,6.0
4231,9602,400.0,Indian Rupees(Rs.),4.8,3.2,Orange,Average,3.0 - 3.9 (Moderate),45,12.25,68,163.2
4232,310305,400.0,Indian Rupees(Rs.),4.8,3.0,Orange,Average,3.0 - 3.9 (Moderate),16,8.5,24,57.6
4233,18025100,450.0,Indian Rupees(Rs.),5.4,2.8,Orange,Average,< 3.0 (Low),5,5.02,8,21.6
4234,18355110,500.0,Indian Rupees(Rs.),6.0,2.7,Orange,Average,< 3.0 (Low),7,5.61,10,30.0
4235,18322676,400.0,Indian Rupees(Rs.),4.8,3.1,Orange,Average,3.0 - 3.9 (Moderate),9,7.14,9,21.6
4236,308488,350.0,Indian Rupees(Rs.),4.2,3.1,Orange,Average,3.0 - 3.9 (Moderate),15,8.6,15,31.5
4237,7874,450.0,Indian Rupees(Rs.),5.4,2.8,Orange,Average,< 3.0 (Low),25,9.12,25,67.5
4238,18313115,200.0,Indian Rupees(Rs.),2.4,3.2,Orange,Average,3.0 - 3.9 (Moderate),10,7.67,10,12.0
4239,302514,200.0,Indian Rupees(Rs.),2.4,3.1,Orange,Average,3.0 - 3.9 (Moderate),42,11.66,42,50.4
4240,9573,500.0,Indian Rupees(Rs.),6.0,3.4,Orange,Average,3.0 - 3.9 (Moderate),62,14.09,93,279.0
4241,7892,100.0,Indian Rupees(Rs.),1.2,2.6,Orange,Average,< 3.0 (Low),17,7.51,17,10.2
4242,9568,450.0,Indian Rupees(Rs.),5.4,2.9,Orange,Average,< 3.0 (Low),7,6.03,7,18.9
4243,3681,500.0,Indian Rupees(Rs.),6.0,2.6,Orange,Average,< 3.0 (Low),9,5.99,14,42.0
4244,3337,600.0,Indian Rupees(Rs.),7.2,3.3,Orange,Average,3.0 - 3.9 (Moderate),140,16.33,140,504.0
4245,310101,600.0,Indian Rupees(Rs.),7.2,2.6,Orange,Average,< 3.0 (Low),15,7.21,15,54.0
4246,7889,200.0,Indian Rupees(Rs.),2.4,3.1,Orange,Average,3.0 - 3.9 (Moderate),16,8.78,16,19.2
4247,7879,500.0,Indian Rupees(Rs.),6.0,3.1,Orange,Average,3.0 - 3.9 (Moderate),21,9.58,32,96.0
4248,310469,400.0,Indian Rupees(Rs.),4.8,2.8,Orange,Average,< 3.0 (Low),5,5.02,5,12.0
4249,18449787,500.0,Indian Rupees(Rs.),6.0,3.2,Orange,Average,3.0 - 3.9 (Moderate),24,10.3,36,108.0
4250,303608,500.0,Indian Rupees(Rs.),6.0,3.0,Orange,Average,3.0 - 3.9 (Moderate),15,8.32,15,45.0
4251,307785,500.0,Indian Rupees(Rs.),6.0,3.3,Orange,Average,3.0 - 3.9 (Moderate),78,14.42,117,351.0
4252,310100,650.0,Indian Rupees(Rs.),7.8,3.3,Orange,Average,3.0 - 3.9 (Moderate),29,11.22,44,171.6
4253,310468,400.0,Indian Rupees(Rs.),4.8,2.9,Orange,Average,< 3.0 (Low),5,5.2,5,12.0
4254,3339,900.0,Indian Rupees(Rs.),10.8,3.5,Yellow,Good,3.0 - 3.9 (Moderate),107,16.39,160,864.0
4255,18369763,900.0,Indian Rupees(Rs.),10.8,3.9,Yellow,Good,3.0 - 3.9 (Moderate),55,15.7,82,442.8
4256,312949,150.0,Indian Rupees(Rs.),1.8,3.6,Yellow,Good,3.0 - 3.9 (Moderate),32,12.59,32,28.8
4257,3684,500.0,Indian Rupees(Rs.),6.0,3.5,Yellow,Good,3.0 - 3.9 (Moderate),32,12.24,48,144.0
4258,18463963,400.0,Indian Rupees(Rs.),4.8,3.5,Yellow,Good,3.0 - 3.9 (Moderate),19,10.49,19,45.6
4259,18357554,600.0,Indian Rupees(Rs.),7.2,0.0,White,Not rated,Unrated,3,0.0,4,14.4
4260,310102,350.0,Indian Rupees(Rs.),4.2,0.0,White,Not rated,Unrated,1,0.0,1,2.1
4261,18243438,300.0,Indian Rupees(Rs.),3.6,0.0,White,Not rated,Unrated,2,0.0,2,3.6
4262,18419915,350.0,Indian Rupees(Rs.),4.2,0.0,White,Not rated,Unrated,0,0.0,0,0.0
4263,18479001,300.0,Indian Rupees(Rs.),3.6,0.0,White,Not rated,Unrated,0,0.0,0,0.0
4264,18419906,250.0,Indian Rupees(Rs.),3.0,0.0,White,Not rated,Unrated,0,0.0,0,0.0
4265,18419911,250.0,Indian Rupees(Rs.),3.0,0.0,White,Not rated,Unrated,1,0.0,1,1.5
4266,18419919,100.0,Indian Rupees(Rs.),1.2,0.0,White,Not rated,Unrated,0,0.0,0,0.0
4267,18294233,300.0,Indian Rupees(Rs.),3.6,0.0,White,Not rated,Unrated,0,0.0,0,0.0
4268,18419901,300.0,Indian Rupees(Rs.),3.6,0.0,White,Not rated,Unrated,0,0.0,0,0.0
4269,18481273,300.0,Indian Rupees(Rs.),3.6,0.0,White,Not rated,Unrated,0,0.0,0,0.0
4270,18313119,500.0,Indian Rupees(Rs.),6.0,0.0,White,Not rated,Unrated,0,0.0,0,0.0
4271,18486830,100.0,Indian Rupees(Rs.),1.2,0.0,White,Not rated,Unrated,0,0.0,0,0.0
4272,18453186,700.0,Indian Rupees(Rs.),8.4,0.0,White,Not rated,Unrated,1,0.0,1,4.2
4273,18354663,300.0,Indian Rupees(Rs.),3.6,0.0,White,Not rated,Unrated,3,0.0,3,5.4
4274,18419897,200.0,Indian Rupees(Rs.),2.4,0.0,White,Not rated,Unrated,0,0.0,0,0.0
4275,18481322,200.0,Indian Rupees(Rs.),2.4,0.0,White,Not rated,Unrated,0,0.0,0,0.0
4276,18357557,300.0,Indian Rupees(Rs.),3.6,0.0,White,Not rated,Unrated,2,0.0,2,3.6
4277,18025096,350.0,Indian Rupees(Rs.),4.2,0.0,White,Not rated,Unrated,1,0.0,2,4.2
4278,18286922,400.0,Indian Rupees(Rs.),4.8,0.0,White,Not rated,Unrated,0,0.0,0,0.0
4279,18458302,300.0,Indian Rupees(Rs.),3.6,0.0,White,Not rated,Unrated,0,0.0,0,0.0
4280,18447302,200.0,Indian Rupees(Rs.),2.4,0.0,White,Not rated,Unrated,0,0.0,0,0.0
4281,300744,800.0,Indian Rupees(Rs.),9.6,2.3,Red,Poor,< 3.0 (Low),126,11.14,189,907.2
4282,8509,1600.0,Indian Rupees(Rs.),19.2,4.0,Green,Very Good,4.0 - 4.4 (High),744,26.45,744,7142.4
4283,3338,200.0,Indian Rupees(Rs.),2.4,4.1,Green,Very Good,4.0 - 4.4 (High),352,24.05,352,422.4
4284,18133513,600.0,Indian Rupees(Rs.),7.2,3.3,Orange,Average,3.0 - 3.9 (Moderate),59,13.51,59,212.4
4285,619,750.0,Indian Rupees(Rs.),9.0,3.3,Orange,Average,3.0 - 3.9 (Moderate),81,14.54,81,364.5
4286,300581,450.0,Indian Rupees(Rs.),5.4,3.1,Orange,Average,3.0 - 3.9 (Moderate),34,11.02,34,91.8
4287,300577,600.0,Indian Rupees(Rs.),7.2,3.4,Orange,Average,3.0 - 3.9 (Moderate),31,11.78,31,111.6
4288,6174,2000.0,Indian Rupees(Rs.),24.0,3.2,Orange,Average,3.0 - 3.9 (Moderate),40,11.88,40,480.0
4289,300593,500.0,Indian Rupees(Rs.),6.0,3.2,Orange,Average,3.0 - 3.9 (Moderate),40,11.88,60,180.0
4290,300589,550.0,Indian Rupees(Rs.),6.6,2.9,Orange,Average,< 3.0 (Low),7,6.03,7,23.1
4291,261,1000.0,Indian Rupees(Rs.),12.0,3.4,Orange,Average,3.0 - 3.9 (Moderate),116,16.19,174,1044.0
4292,18400724,150.0,Indian Rupees(Rs.),1.8,3.2,Orange,Average,3.0 - 3.9 (Moderate),12,8.21,12,10.8
4293,300591,200.0,Indian Rupees(Rs.),2.4,3.0,Orange,Average,3.0 - 3.9 (Moderate),5,5.38,5,6.0
4294,18372578,3000.0,Indian Rupees(Rs.),36.0,2.7,Orange,Average,< 3.0 (Low),16,7.65,16,288.0
4295,307371,350.0,Indian Rupees(Rs.),4.2,3.2,Orange,Average,3.0 - 3.9 (Moderate),85,14.25,85,178.5
4296,300584,400.0,Indian Rupees(Rs.),4.8,3.0,Orange,Average,3.0 - 3.9 (Moderate),7,6.24,7,16.8
4297,18462606,800.0,Indian Rupees(Rs.),9.6,3.1,Orange,Average,3.0 - 3.9 (Moderate),6,6.03,6,28.8
4298,18357558,1100.0,Indian Rupees(Rs.),13.2,3.2,Orange,Average,3.0 - 3.9 (Moderate),11,7.95,11,72.6
4299,18345728,5000.0,Indian Rupees(Rs.),60.0,4.9,Dark Green,Excellent,4.5 - 5.0 (Top Tier),408,29.47,408,12240.0
4300,301301,150.0,Indian Rupees(Rs.),1.8,3.8,Yellow,Good,3.0 - 3.9 (Moderate),47,14.71,47,42.3
4301,18249111,1200.0,Indian Rupees(Rs.),14.4,3.9,Yellow,Good,3.0 - 3.9 (Moderate),450,23.83,450,3240.0
4302,308280,700.0,Indian Rupees(Rs.),8.4,3.7,Yellow,Good,3.0 - 3.9 (Moderate),49,14.47,49,205.8
4303,309807,650.0,Indian Rupees(Rs.),7.8,3.7,Yellow,Good,3.0 - 3.9 (Moderate),223,20.02,334,1302.6
4304,8451,200.0,Indian Rupees(Rs.),2.4,3.7,Yellow,Good,3.0 - 3.9 (Moderate),475,22.81,475,570.0
4305,3782,1900.0,Indian Rupees(Rs.),22.8,3.8,Yellow,Good,3.0 - 3.9 (Moderate),1347,27.38,2020,23028.0
4306,18168125,1200.0,Indian Rupees(Rs.),14.4,3.9,Yellow,Good,3.0 - 3.9 (Moderate),555,24.65,555,3996.0
4307,311982,2100.0,Indian Rupees(Rs.),25.2,3.9,Yellow,Good,3.0 - 3.9 (Moderate),299,22.24,299,3767.4
4308,182,500.0,Indian Rupees(Rs.),6.0,3.8,Yellow,Good,3.0 - 3.9 (Moderate),158,19.26,237,711.0
4309,18349923,1200.0,Indian Rupees(Rs.),14.4,3.9,Yellow,Good,3.0 - 3.9 (Moderate),291,22.14,291,2095.2
4310,311871,150.0,Indian Rupees(Rs.),1.8,3.5,Yellow,Good,3.0 - 3.9 (Moderate),19,10.49,19,17.1
4311,8911,1250.0,Indian Rupees(Rs.),15.0,3.6,Yellow,Good,3.0 - 3.9 (Moderate),1058,25.07,1058,7935.0
4312,18398618,800.0,Indian Rupees(Rs.),9.6,3.9,Yellow,Good,3.0 - 3.9 (Moderate),303,22.3,454,2179.2
4313,18486847,250.0,Indian Rupees(Rs.),3.0,0.0,White,Not rated,Unrated,1,0.0,1,1.5
4314,18394362,400.0,Indian Rupees(Rs.),4.8,0.0,White,Not rated,Unrated,0,0.0,0,0.0
4315,18380392,250.0,Indian Rupees(Rs.),3.0,0.0,White,Not rated,Unrated,0,0.0,0,0.0
4316,18458647,1000.0,Indian Rupees(Rs.),12.0,0.0,White,Not rated,Unrated,3,0.0,3,18.0
4317,18124375,500.0,Indian Rupees(Rs.),6.0,0.0,White,Not rated,Unrated,2,0.0,2,6.0
4318,300582,250.0,Indian Rupees(Rs.),3.0,0.0,White,Not rated,Unrated,3,0.0,3,4.5
4319,18306547,1550.0,Indian Rupees(Rs.),18.6,4.2,Green,Very Good,4.0 - 4.4 (High),361,24.74,361,3357.3
4320,18424189,1350.0,Indian Rupees(Rs.),16.2,4.2,Green,Very Good,4.0 - 4.4 (High),162,21.39,162,1312.2
4321,899,500.0,Indian Rupees(Rs.),6.0,4.2,Green,Very Good,4.0 - 4.4 (High),1869,31.64,2804,8412.0
4322,18357911,2000.0,Indian Rupees(Rs.),24.0,4.1,Green,Very Good,4.0 - 4.4 (High),501,25.5,501,6012.0
4323,7901,450.0,Indian Rupees(Rs.),5.4,3.1,Orange,Average,3.0 - 3.9 (Moderate),23,9.85,23,62.1
4324,309778,300.0,Indian Rupees(Rs.),3.6,3.3,Orange,Average,3.0 - 3.9 (Moderate),33,11.64,33,59.4
4325,18359262,300.0,Indian Rupees(Rs.),3.6,2.9,Orange,Average,< 3.0 (Low),6,5.64,6,10.8
4326,18358682,200.0,Indian Rupees(Rs.),2.4,3.0,Orange,Average,3.0 - 3.9 (Moderate),15,8.32,15,18.0
4327,18413811,400.0,Indian Rupees(Rs.),4.8,3.1,Orange,Average,3.0 - 3.9 (Moderate),4,4.99,4,9.6
4328,8160,1000.0,Indian Rupees(Rs.),12.0,2.6,Orange,Average,< 3.0 (Low),49,10.17,49,294.0
4329,18240023,800.0,Indian Rupees(Rs.),9.6,3.3,Orange,Average,3.0 - 3.9 (Moderate),14,8.94,14,67.2
4330,306038,500.0,Indian Rupees(Rs.),6.0,2.8,Orange,Average,< 3.0 (Low),22,8.78,22,66.0
4331,18337775,150.0,Indian Rupees(Rs.),1.8,3.3,Orange,Average,3.0 - 3.9 (Moderate),15,9.15,15,13.5
4332,18241514,950.0,Indian Rupees(Rs.),11.4,2.8,Orange,Average,< 3.0 (Low),26,9.23,39,222.3
4333,7912,800.0,Indian Rupees(Rs.),9.6,2.5,Orange,Average,< 3.0 (Low),47,9.68,70,336.0
4334,18387753,1000.0,Indian Rupees(Rs.),12.0,3.2,Orange,Average,3.0 - 3.9 (Moderate),8,7.03,8,48.0
4335,9700,500.0,Indian Rupees(Rs.),6.0,2.8,Orange,Average,< 3.0 (Low),67,11.81,100,300.0
4336,307342,1500.0,Indian Rupees(Rs.),18.0,3.3,Orange,Average,3.0 - 3.9 (Moderate),19,9.89,19,171.0
4337,301898,450.0,Indian Rupees(Rs.),5.4,3.5,Yellow,Good,3.0 - 3.9 (Moderate),49,13.69,49,132.3
4338,18322937,1000.0,Indian Rupees(Rs.),12.0,3.8,Yellow,Good,3.0 - 3.9 (Moderate),92,17.22,92,552.0
4339,18303834,500.0,Indian Rupees(Rs.),6.0,3.7,Yellow,Good,3.0 - 3.9 (Moderate),78,16.17,117,351.0
4340,18241883,600.0,Indian Rupees(Rs.),7.2,3.8,Yellow,Good,3.0 - 3.9 (Moderate),170,19.54,255,918.0
4341,18285180,550.0,Indian Rupees(Rs.),6.6,3.8,Yellow,Good,3.0 - 3.9 (Moderate),80,16.7,120,396.0
4342,18464001,200.0,Indian Rupees(Rs.),2.4,0.0,White,Not rated,Unrated,3,0.0,3,3.6
4343,7908,600.0,Indian Rupees(Rs.),7.2,2.4,Red,Poor,< 3.0 (Low),76,10.43,114,410.4
4344,4503,3500.0,Indian Rupees(Rs.),42.0,3.4,Orange,Average,3.0 - 3.9 (Moderate),120,16.31,120,2520.0
4345,4502,3000.0,Indian Rupees(Rs.),36.0,3.5,Yellow,Good,3.0 - 3.9 (Moderate),202,18.6,202,3636.0
4346,4499,2500.0,Indian Rupees(Rs.),30.0,3.4,Orange,Average,3.0 - 3.9 (Moderate),64,14.19,64,960.0
4347,4235,3000.0,Indian Rupees(Rs.),36.0,3.2,Orange,Average,3.0 - 3.9 (Moderate),24,10.3,24,432.0
4348,4500,500.0,Indian Rupees(Rs.),6.0,3.3,Orange,Average,3.0 - 3.9 (Moderate),17,9.54,17,51.0
4349,4234,3000.0,Indian Rupees(Rs.),36.0,3.6,Yellow,Good,3.0 - 3.9 (Moderate),162,18.34,162,2916.0
4350,4501,2500.0,Indian Rupees(Rs.),30.0,3.5,Yellow,Good,3.0 - 3.9 (Moderate),79,15.34,79,1185.0
4351,308243,400.0,Indian Rupees(Rs.),4.8,3.1,Orange,Average,3.0 - 3.9 (Moderate),43,11.73,64,153.6
4352,703,1250.0,Indian Rupees(Rs.),15.0,2.8,Orange,Average,< 3.0 (Low),142,13.9,213,1597.5
4353,18334427,400.0,Indian Rupees(Rs.),4.8,3.3,Orange,Average,3.0 - 3.9 (Moderate),10,7.91,10,24.0
4354,310529,900.0,Indian Rupees(Rs.),10.8,3.2,Orange,Average,3.0 - 3.9 (Moderate),23,10.17,34,183.6
4355,309844,150.0,Indian Rupees(Rs.),1.8,4.5,Dark Green,Excellent,4.5 - 5.0 (Top Tier),665,29.26,998,898.2
4356,306034,300.0,Indian Rupees(Rs.),3.6,3.2,Orange,Average,3.0 - 3.9 (Moderate),15,8.87,15,27.0
4357,303604,350.0,Indian Rupees(Rs.),4.2,3.0,Orange,Average,3.0 - 3.9 (Moderate),27,10.0,27,56.7
4358,1505,150.0,Indian Rupees(Rs.),1.8,2.7,Orange,Average,< 3.0 (Low),13,7.13,13,11.7
4359,303583,300.0,Indian Rupees(Rs.),3.6,3.4,Orange,Average,3.0 - 3.9 (Moderate),53,13.56,53,95.4
4360,18175324,500.0,Indian Rupees(Rs.),6.0,3.2,Orange,Average,3.0 - 3.9 (Moderate),29,10.88,29,87.0
4361,18391147,300.0,Indian Rupees(Rs.),3.6,3.5,Yellow,Good,3.0 - 3.9 (Moderate),14,9.48,14,25.2
4362,301130,600.0,Indian Rupees(Rs.),7.2,3.8,Yellow,Good,3.0 - 3.9 (Moderate),414,22.91,621,2235.6
4363,18354985,200.0,Indian Rupees(Rs.),2.4,0.0,White,Not rated,Unrated,1,0.0,1,1.2
4364,18414503,400.0,Indian Rupees(Rs.),4.8,0.0,White,Not rated,Unrated,0,0.0,0,0.0
4365,7807,150.0,Indian Rupees(Rs.),1.8,2.3,Red,Poor,< 3.0 (Low),44,8.76,44,39.6
4366,300887,450.0,Indian Rupees(Rs.),5.4,3.1,Orange,Average,3.0 - 3.9 (Moderate),35,11.11,35,94.5
4367,306251,4500.0,Indian Rupees(Rs.),54.0,3.3,Orange,Average,3.0 - 3.9 (Moderate),15,9.15,15,405.0
4368,18144453,300.0,Indian Rupees(Rs.),3.6,3.0,Orange,Average,3.0 - 3.9 (Moderate),6,5.84,6,10.8
4369,7862,150.0,Indian Rupees(Rs.),1.8,3.1,Orange,Average,3.0 - 3.9 (Moderate),9,7.14,9,8.1
4370,7857,150.0,Indian Rupees(Rs.),1.8,3.3,Orange,Average,3.0 - 3.9 (Moderate),21,10.2,21,18.9
4371,2874,200.0,Indian Rupees(Rs.),2.4,3.1,Orange,Average,3.0 - 3.9 (Moderate),9,7.14,9,10.8
4372,18458625,500.0,Indian Rupees(Rs.),6.0,3.0,Orange,Average,3.0 - 3.9 (Moderate),4,4.83,6,18.0
4373,18252369,700.0,Indian Rupees(Rs.),8.4,3.1,Orange,Average,3.0 - 3.9 (Moderate),13,8.18,13,54.6
4374,18228895,600.0,Indian Rupees(Rs.),7.2,3.1,Orange,Average,3.0 - 3.9 (Moderate),21,9.58,21,75.6
4375,2583,1550.0,Indian Rupees(Rs.),18.6,3.6,Yellow,Good,3.0 - 3.9 (Moderate),455,22.04,455,4231.5
4376,304876,700.0,Indian Rupees(Rs.),8.4,3.5,Yellow,Good,3.0 - 3.9 (Moderate),367,20.68,550,2310.0
4377,308407,600.0,Indian Rupees(Rs.),7.2,3.8,Yellow,Good,3.0 - 3.9 (Moderate),540,23.91,810,2916.0
4378,18492050,400.0,Indian Rupees(Rs.),4.8,0.0,White,Not rated,Unrated,1,0.0,1,2.4
4379,18492052,300.0,Indian Rupees(Rs.),3.6,0.0,White,Not rated,Unrated,0,0.0,0,0.0
4380,18449620,1200.0,Indian Rupees(Rs.),14.4,0.0,White,Not rated,Unrated,0,0.0,0,0.0
4381,18452403,400.0,Indian Rupees(Rs.),4.8,0.0,White,Not rated,Unrated,1,0.0,1,2.4
4382,18425740,100.0,Indian Rupees(Rs.),1.2,0.0,White,Not rated,Unrated,0,0.0,0,0.0
4383,18313153,150.0,Indian Rupees(Rs.),1.8,0.0,White,Not rated,Unrated,2,0.0,2,1.8
4384,18435830,900.0,Indian Rupees(Rs.),10.8,0.0,White,Not rated,Unrated,0,0.0,0,0.0
4385,18473378,700.0,Indian Rupees(Rs.),8.4,0.0,White,Not rated,Unrated,1,0.0,1,4.2
4386,18452241,400.0,Indian Rupees(Rs.),4.8,0.0,White,Not rated,Unrated,0,0.0,0,0.0
4387,3190,1500.0,Indian Rupees(Rs.),18.0,4.4,Green,Very Good,4.0 - 4.4 (High),1521,32.24,1521,13689.0
4388,3041,300.0,Indian Rupees(Rs.),3.6,4.2,Green,Very Good,4.0 - 4.4 (High),729,27.69,729,1312.2
4389,18441798,1500.0,Indian Rupees(Rs.),18.0,4.3,Green,Very Good,4.0 - 4.4 (High),90,19.4,90,810.0
4390,306505,1750.0,Indian Rupees(Rs.),21.0,3.2,Orange,Average,3.0 - 3.9 (Moderate),17,9.25,17,178.5
4391,302868,250.0,Indian Rupees(Rs.),3.0,2.9,Orange,Average,< 3.0 (Low),11,7.21,11,16.5
4392,7383,300.0,Indian Rupees(Rs.),3.6,2.6,Orange,Average,< 3.0 (Low),38,9.53,38,68.4
4393,302793,100.0,Indian Rupees(Rs.),1.2,2.8,Orange,Average,< 3.0 (Low),9,6.45,9,5.4
4394,9993,300.0,Indian Rupees(Rs.),3.6,2.7,Orange,Average,< 3.0 (Low),16,7.65,16,28.8
4395,9985,150.0,Indian Rupees(Rs.),1.8,2.9,Orange,Average,< 3.0 (Low),7,6.03,7,6.3
4396,18138461,200.0,Indian Rupees(Rs.),2.4,3.4,Orange,Average,3.0 - 3.9 (Moderate),41,12.71,62,74.4
4397,306957,550.0,Indian Rupees(Rs.),6.6,2.6,Orange,Average,< 3.0 (Low),58,10.6,87,287.1
4398,7590,200.0,Indian Rupees(Rs.),2.4,2.9,Orange,Average,< 3.0 (Low),4,4.67,4,4.8
4399,9620,450.0,Indian Rupees(Rs.),5.4,2.9,Orange,Average,< 3.0 (Low),33,10.23,50,135.0
4400,302884,200.0,Indian Rupees(Rs.),2.4,3.1,Orange,Average,3.0 - 3.9 (Moderate),28,10.44,42,50.4
4401,309238,200.0,Indian Rupees(Rs.),2.4,3.1,Orange,Average,3.0 - 3.9 (Moderate),100,14.31,100,120.0
4402,309609,550.0,Indian Rupees(Rs.),6.6,3.2,Orange,Average,3.0 - 3.9 (Moderate),22,10.03,22,72.6
4403,18414477,600.0,Indian Rupees(Rs.),7.2,3.0,Orange,Average,3.0 - 3.9 (Moderate),4,4.83,6,21.6
4404,9992,400.0,Indian Rupees(Rs.),4.8,2.9,Orange,Average,< 3.0 (Low),14,7.85,14,33.6
4405,18224572,250.0,Indian Rupees(Rs.),3.0,2.5,Orange,Average,< 3.0 (Low),13,6.6,20,30.0
4406,312594,600.0,Indian Rupees(Rs.),7.2,2.8,Orange,Average,< 3.0 (Low),8,6.15,8,28.8
4407,312728,400.0,Indian Rupees(Rs.),4.8,3.2,Orange,Average,3.0 - 3.9 (Moderate),17,9.25,26,62.4
4408,18025133,200.0,Indian Rupees(Rs.),2.4,3.2,Orange,Average,3.0 - 3.9 (Moderate),8,7.03,8,9.6
4409,7329,350.0,Indian Rupees(Rs.),4.2,3.2,Orange,Average,3.0 - 3.9 (Moderate),26,10.55,26,54.6
4410,302892,500.0,Indian Rupees(Rs.),6.0,3.3,Orange,Average,3.0 - 3.9 (Moderate),85,14.7,128,384.0
4411,302893,500.0,Indian Rupees(Rs.),6.0,2.8,Orange,Average,< 3.0 (Low),14,7.58,14,42.0
4412,309533,250.0,Indian Rupees(Rs.),3.0,3.4,Orange,Average,3.0 - 3.9 (Moderate),25,11.08,25,37.5
4413,18376487,400.0,Indian Rupees(Rs.),4.8,3.2,Orange,Average,3.0 - 3.9 (Moderate),10,7.67,10,24.0
4414,302895,250.0,Indian Rupees(Rs.),3.0,2.8,Orange,Average,< 3.0 (Low),7,5.82,7,10.5
4415,302896,250.0,Indian Rupees(Rs.),3.0,2.9,Orange,Average,< 3.0 (Low),10,6.95,10,15.0
4416,9776,350.0,Indian Rupees(Rs.),4.2,3.2,Orange,Average,3.0 - 3.9 (Moderate),87,14.33,87,182.7
4417,18245255,400.0,Indian Rupees(Rs.),4.8,3.2,Orange,Average,3.0 - 3.9 (Moderate),57,12.99,86,206.4
4418,309648,450.0,Indian Rupees(Rs.),5.4,2.6,Orange,Average,< 3.0 (Low),24,8.37,36,97.2
4419,18285214,400.0,Indian Rupees(Rs.),4.8,3.0,Orange,Average,3.0 - 3.9 (Moderate),5,5.38,5,12.0
4420,302938,150.0,Indian Rupees(Rs.),1.8,3.1,Orange,Average,3.0 - 3.9 (Moderate),9,7.14,9,8.1
4421,18396545,250.0,Indian Rupees(Rs.),3.0,3.2,Orange,Average,3.0 - 3.9 (Moderate),14,8.67,14,21.0
4422,18414495,550.0,Indian Rupees(Rs.),6.6,3.4,Orange,Average,3.0 - 3.9 (Moderate),20,10.35,30,99.0
4423,311891,500.0,Indian Rupees(Rs.),6.0,3.1,Orange,Average,3.0 - 3.9 (Moderate),11,7.7,11,33.0
4424,312372,350.0,Indian Rupees(Rs.),4.2,3.2,Orange,Average,3.0 - 3.9 (Moderate),12,8.21,12,25.2
4425,8949,800.0,Indian Rupees(Rs.),9.6,3.1,Orange,Average,3.0 - 3.9 (Moderate),70,13.21,105,504.0
4426,302898,250.0,Indian Rupees(Rs.),3.0,3.3,Orange,Average,3.0 - 3.9 (Moderate),55,13.28,82,123.0
4427,302710,200.0,Indian Rupees(Rs.),2.4,2.9,Orange,Average,< 3.0 (Low),4,4.67,4,4.8
4428,9998,450.0,Indian Rupees(Rs.),5.4,3.0,Orange,Average,3.0 - 3.9 (Moderate),10,7.19,10,27.0
4429,18317229,150.0,Indian Rupees(Rs.),1.8,2.8,Orange,Average,< 3.0 (Low),10,6.71,10,9.0
4430,9623,250.0,Indian Rupees(Rs.),3.0,3.0,Orange,Average,3.0 - 3.9 (Moderate),8,6.59,8,12.0
4431,3634,250.0,Indian Rupees(Rs.),3.0,3.3,Orange,Average,3.0 - 3.9 (Moderate),91,14.92,91,136.5
4432,7382,700.0,Indian Rupees(Rs.),8.4,3.3,Orange,Average,3.0 - 3.9 (Moderate),67,13.92,67,281.4
4433,1866,550.0,Indian Rupees(Rs.),6.6,3.1,Orange,Average,3.0 - 3.9 (Moderate),92,14.05,92,303.6
4434,304783,350.0,Indian Rupees(Rs.),4.2,2.7,Orange,Average,< 3.0 (Low),6,5.25,9,18.9
4435,302811,450.0,Indian Rupees(Rs.),5.4,2.6,Orange,Average,< 3.0 (Low),24,8.37,36,97.2
4436,308664,650.0,Indian Rupees(Rs.),7.8,3.2,Orange,Average,3.0 - 3.9 (Moderate),26,10.55,26,101.4
4437,18133506,700.0,Indian Rupees(Rs.),8.4,3.3,Orange,Average,3.0 - 3.9 (Moderate),17,9.54,17,71.4
4438,305293,400.0,Indian Rupees(Rs.),4.8,3.4,Orange,Average,3.0 - 3.9 (Moderate),80,14.94,120,288.0
4439,2211,350.0,Indian Rupees(Rs.),4.2,2.6,Orange,Average,< 3.0 (Low),23,8.26,34,71.4
4440,9622,550.0,Indian Rupees(Rs.),6.6,2.7,Orange,Average,< 3.0 (Low),52,10.72,78,257.4
4441,18281989,300.0,Indian Rupees(Rs.),3.6,3.1,Orange,Average,3.0 - 3.9 (Moderate),11,7.7,11,19.8
4442,18365855,600.0,Indian Rupees(Rs.),7.2,3.6,Yellow,Good,3.0 - 3.9 (Moderate),30,12.36,45,162.0
4443,309737,800.0,Indian Rupees(Rs.),9.6,3.6,Yellow,Good,3.0 - 3.9 (Moderate),108,16.89,108,518.4
4444,18386707,600.0,Indian Rupees(Rs.),7.2,3.6,Yellow,Good,3.0 - 3.9 (Moderate),22,11.29,33,118.8
4445,309338,750.0,Indian Rupees(Rs.),9.0,3.7,Yellow,Good,3.0 - 3.9 (Moderate),89,16.65,134,603.0
4446,18380155,800.0,Indian Rupees(Rs.),9.6,3.5,Yellow,Good,3.0 - 3.9 (Moderate),30,12.02,30,144.0
4447,18372686,600.0,Indian Rupees(Rs.),7.2,3.6,Yellow,Good,3.0 - 3.9 (Moderate),36,13.0,54,194.4
4448,3610,400.0,Indian Rupees(Rs.),4.8,3.5,Yellow,Good,3.0 - 3.9 (Moderate),80,15.38,120,288.0
4449,3054,200.0,Indian Rupees(Rs.),2.4,3.8,Yellow,Good,3.0 - 3.9 (Moderate),71,16.25,71,85.2
4450,311267,900.0,Indian Rupees(Rs.),10.8,3.8,Yellow,Good,3.0 - 3.9 (Moderate),492,23.56,738,3985.2
4451,307951,150.0,Indian Rupees(Rs.),1.8,3.6,Yellow,Good,3.0 - 3.9 (Moderate),94,16.39,94,84.6
4452,1876,1300.0,Indian Rupees(Rs.),15.6,3.6,Yellow,Good,3.0 - 3.9 (Moderate),372,21.32,558,4352.4
4453,412,500.0,Indian Rupees(Rs.),6.0,3.8,Yellow,Good,3.0 - 3.9 (Moderate),495,23.58,742,2226.0
4454,3635,600.0,Indian Rupees(Rs.),7.2,3.6,Yellow,Good,3.0 - 3.9 (Moderate),91,16.28,91,327.6
4455,9654,250.0,Indian Rupees(Rs.),3.0,3.5,Yellow,Good,3.0 - 3.9 (Moderate),60,14.39,60,90.0
4456,18354973,850.0,Indian Rupees(Rs.),10.2,3.5,Yellow,Good,3.0 - 3.9 (Moderate),23,11.12,34,173.4
4457,18392883,250.0,Indian Rupees(Rs.),3.0,0.0,White,Not rated,Unrated,3,0.0,3,4.5
4458,18446815,200.0,Indian Rupees(Rs.),2.4,0.0,White,Not rated,Unrated,0,0.0,0,0.0
4459,311014,200.0,Indian Rupees(Rs.),2.4,0.0,White,Not rated,Unrated,3,0.0,3,3.6
4460,4325,350.0,Indian Rupees(Rs.),4.2,2.4,Red,Poor,< 3.0 (Low),11,5.96,16,33.6
4461,18322653,400.0,Indian Rupees(Rs.),4.8,2.3,Red,Poor,< 3.0 (Low),9,5.3,14,33.6
4462,9557,400.0,Indian Rupees(Rs.),4.8,2.3,Red,Poor,< 3.0 (Low),19,6.89,28,67.2
4463,9470,300.0,Indian Rupees(Rs.),3.6,3.3,Orange,Average,3.0 - 3.9 (Moderate),86,14.74,86,154.8
4464,306491,250.0,Indian Rupees(Rs.),3.0,2.5,Orange,Average,< 3.0 (Low),56,10.11,84,126.0
4465,18416860,400.0,Indian Rupees(Rs.),4.8,3.1,Orange,Average,3.0 - 3.9 (Moderate),10,7.43,10,24.0
4466,640,450.0,Indian Rupees(Rs.),5.4,3.3,Orange,Average,3.0 - 3.9 (Moderate),82,14.58,82,221.4
4467,305161,650.0,Indian Rupees(Rs.),7.8,3.3,Orange,Average,3.0 - 3.9 (Moderate),26,10.88,26,101.4
4468,306149,300.0,Indian Rupees(Rs.),3.6,3.4,Orange,Average,3.0 - 3.9 (Moderate),75,14.72,75,135.0
4469,1197,800.0,Indian Rupees(Rs.),9.6,3.1,Orange,Average,3.0 - 3.9 (Moderate),77,13.51,77,369.6
4470,18198467,450.0,Indian Rupees(Rs.),5.4,3.4,Orange,Average,3.0 - 3.9 (Moderate),38,12.46,38,102.6
4471,311903,700.0,Indian Rupees(Rs.),8.4,3.4,Orange,Average,3.0 - 3.9 (Moderate),36,12.28,36,151.2
4472,18458665,1200.0,Indian Rupees(Rs.),14.4,2.9,Orange,Average,< 3.0 (Low),4,4.67,4,28.8
4473,6651,500.0,Indian Rupees(Rs.),6.0,2.8,Orange,Average,< 3.0 (Low),25,9.12,25,75.0
4474,311076,400.0,Indian Rupees(Rs.),4.8,3.4,Orange,Average,3.0 - 3.9 (Moderate),41,12.71,62,148.8
4475,9001,550.0,Indian Rupees(Rs.),6.6,3.1,Orange,Average,3.0 - 3.9 (Moderate),69,13.17,69,227.7
4476,8995,650.0,Indian Rupees(Rs.),7.8,3.2,Orange,Average,3.0 - 3.9 (Moderate),69,13.6,69,269.1
4477,18489508,800.0,Indian Rupees(Rs.),9.6,3.3,Orange,Average,3.0 - 3.9 (Moderate),6,6.42,6,28.8
4478,7689,150.0,Indian Rupees(Rs.),1.8,3.3,Orange,Average,3.0 - 3.9 (Moderate),49,12.91,49,44.1
4479,307959,800.0,Indian Rupees(Rs.),9.6,3.2,Orange,Average,3.0 - 3.9 (Moderate),145,15.95,145,696.0
4480,18222571,650.0,Indian Rupees(Rs.),7.8,3.3,Orange,Average,3.0 - 3.9 (Moderate),41,12.33,62,241.8
4481,310202,400.0,Indian Rupees(Rs.),4.8,2.9,Orange,Average,< 3.0 (Low),15,8.04,22,52.8
4482,301470,600.0,Indian Rupees(Rs.),7.2,2.7,Orange,Average,< 3.0 (Low),109,12.69,164,590.4
4483,5433,300.0,Indian Rupees(Rs.),3.6,2.7,Orange,Average,< 3.0 (Low),41,10.09,41,73.8
4484,18349733,400.0,Indian Rupees(Rs.),4.8,3.2,Orange,Average,3.0 - 3.9 (Moderate),28,10.78,28,67.2
4485,18421019,750.0,Indian Rupees(Rs.),9.0,3.4,Orange,Average,3.0 - 3.9 (Moderate),21,10.51,21,94.5
4486,18317510,800.0,Indian Rupees(Rs.),9.6,3.4,Orange,Average,3.0 - 3.9 (Moderate),21,10.51,21,100.8
4487,303104,300.0,Indian Rupees(Rs.),3.6,3.3,Orange,Average,3.0 - 3.9 (Moderate),53,13.16,53,95.4
4488,8991,550.0,Indian Rupees(Rs.),6.6,3.3,Orange,Average,3.0 - 3.9 (Moderate),145,16.45,218,719.4
4489,6662,600.0,Indian Rupees(Rs.),7.2,3.1,Orange,Average,3.0 - 3.9 (Moderate),24,9.98,24,86.4
4490,18365889,200.0,Indian Rupees(Rs.),2.4,3.5,Yellow,Good,3.0 - 3.9 (Moderate),12,8.98,12,14.4
4491,18245268,150.0,Indian Rupees(Rs.),1.8,3.9,Yellow,Good,3.0 - 3.9 (Moderate),55,15.7,55,49.5
4492,309856,300.0,Indian Rupees(Rs.),3.6,3.8,Yellow,Good,3.0 - 3.9 (Moderate),36,13.72,36,64.8
4493,309604,250.0,Indian Rupees(Rs.),3.0,3.6,Yellow,Good,3.0 - 3.9 (Moderate),108,16.89,162,243.0
4494,18332062,250.0,Indian Rupees(Rs.),3.0,3.7,Yellow,Good,3.0 - 3.9 (Moderate),151,18.59,226,339.0
4495,6658,550.0,Indian Rupees(Rs.),6.6,3.6,Yellow,Good,3.0 - 3.9 (Moderate),91,16.28,91,300.3
4496,9644,650.0,Indian Rupees(Rs.),7.8,3.7,Yellow,Good,3.0 - 3.9 (Moderate),393,22.11,590,2301.0
4497,18349974,250.0,Indian Rupees(Rs.),3.0,3.9,Yellow,Good,3.0 - 3.9 (Moderate),72,16.73,72,108.0
4498,2267,400.0,Indian Rupees(Rs.),4.8,3.8,Yellow,Good,3.0 - 3.9 (Moderate),167,19.47,250,600.0
4499,18377630,200.0,Indian Rupees(Rs.),2.4,3.7,Yellow,Good,3.0 - 3.9 (Moderate),20,11.26,30,36.0
4500,18289256,250.0,Indian Rupees(Rs.),3.0,3.5,Yellow,Good,3.0 - 3.9 (Moderate),61,14.44,61,91.5
4501,300849,200.0,Indian Rupees(Rs.),2.4,3.8,Yellow,Good,3.0 - 3.9 (Moderate),83,16.84,83,99.6
4502,6675,200.0,Indian Rupees(Rs.),2.4,3.6,Yellow,Good,3.0 - 3.9 (Moderate),62,14.92,62,74.4
4503,18430598,300.0,Indian Rupees(Rs.),3.6,3.7,Yellow,Good,3.0 - 3.9 (Moderate),58,15.09,87,156.6
4504,303082,100.0,Indian Rupees(Rs.),1.2,3.7,Yellow,Good,3.0 - 3.9 (Moderate),116,17.62,116,69.6
4505,18445775,600.0,Indian Rupees(Rs.),7.2,3.5,Yellow,Good,3.0 - 3.9 (Moderate),21,10.82,21,75.6
4506,309805,500.0,Indian Rupees(Rs.),6.0,3.5,Yellow,Good,3.0 - 3.9 (Moderate),133,17.14,133,399.0
4507,302972,200.0,Indian Rupees(Rs.),2.4,3.9,Yellow,Good,3.0 - 3.9 (Moderate),150,19.57,150,180.0
4508,7667,400.0,Indian Rupees(Rs.),4.8,3.6,Yellow,Good,3.0 - 3.9 (Moderate),261,20.05,261,626.4
4509,307327,50.0,Indian Rupees(Rs.),0.6,3.7,Yellow,Good,3.0 - 3.9 (Moderate),131,18.07,131,39.3
4510,304461,300.0,Indian Rupees(Rs.),3.6,3.7,Yellow,Good,3.0 - 3.9 (Moderate),234,20.2,234,421.2
4511,300854,800.0,Indian Rupees(Rs.),9.6,3.5,Yellow,Good,3.0 - 3.9 (Moderate),85,15.59,128,614.4
4512,306402,150.0,Indian Rupees(Rs.),1.8,3.5,Yellow,Good,3.0 - 3.9 (Moderate),36,12.64,36,32.4
4513,18157402,500.0,Indian Rupees(Rs.),6.0,3.8,Yellow,Good,3.0 - 3.9 (Moderate),115,18.06,172,516.0
4514,2272,500.0,Indian Rupees(Rs.),6.0,3.5,Yellow,Good,3.0 - 3.9 (Moderate),143,17.39,214,642.0
4515,18261675,400.0,Indian Rupees(Rs.),4.8,3.5,Yellow,Good,3.0 - 3.9 (Moderate),47,13.55,47,112.8
4516,18458347,950.0,Indian Rupees(Rs.),11.4,3.8,Yellow,Good,3.0 - 3.9 (Moderate),41,14.2,62,353.4
4517,307415,1900.0,Indian Rupees(Rs.),22.8,3.6,Yellow,Good,3.0 - 3.9 (Moderate),346,21.06,346,3944.4
4518,8985,150.0,Indian Rupees(Rs.),1.8,3.9,Yellow,Good,3.0 - 3.9 (Moderate),223,21.11,223,200.7
4519,6667,300.0,Indian Rupees(Rs.),3.6,3.5,Yellow,Good,3.0 - 3.9 (Moderate),97,16.05,97,174.6
4520,18294234,500.0,Indian Rupees(Rs.),6.0,3.6,Yellow,Good,3.0 - 3.9 (Moderate),24,11.59,36,108.0
4521,18458013,300.0,Indian Rupees(Rs.),3.6,3.6,Yellow,Good,3.0 - 3.9 (Moderate),25,11.73,38,68.4
4522,18218265,100.0,Indian Rupees(Rs.),1.2,3.5,Yellow,Good,3.0 - 3.9 (Moderate),15,9.7,22,13.2
4523,18460325,400.0,Indian Rupees(Rs.),4.8,0.0,White,Not rated,Unrated,0,0.0,0,0.0
4524,18458658,500.0,Indian Rupees(Rs.),6.0,0.0,White,Not rated,Unrated,0,0.0,0,0.0
4525,18458655,200.0,Indian Rupees(Rs.),2.4,0.0,White,Not rated,Unrated,0,0.0,0,0.0
4526,4227,600.0,Indian Rupees(Rs.),7.2,4.2,Green,Very Good,4.0 - 4.4 (High),300,23.97,450,1620.0
4527,18418240,400.0,Indian Rupees(Rs.),4.8,4.0,Green,Very Good,4.0 - 4.4 (High),108,18.77,108,259.2
4528,5083,700.0,Indian Rupees(Rs.),8.4,3.1,Orange,Average,3.0 - 3.9 (Moderate),59,12.69,59,247.8
4529,302254,600.0,Indian Rupees(Rs.),7.2,3.3,Orange,Average,3.0 - 3.9 (Moderate),36,11.92,54,194.4
4530,300973,600.0,Indian Rupees(Rs.),7.2,3.1,Orange,Average,3.0 - 3.9 (Moderate),62,12.84,62,223.2
4531,307069,450.0,Indian Rupees(Rs.),5.4,3.4,Orange,Average,3.0 - 3.9 (Moderate),44,12.94,66,178.2
4532,305289,100.0,Indian Rupees(Rs.),1.2,4.1,Green,Very Good,4.0 - 4.4 (High),187,21.47,187,112.2
4533,18376493,350.0,Indian Rupees(Rs.),4.2,3.2,Orange,Average,3.0 - 3.9 (Moderate),11,7.95,11,23.1
4534,307989,450.0,Indian Rupees(Rs.),5.4,3.2,Orange,Average,3.0 - 3.9 (Moderate),27,10.66,40,108.0
4535,310899,350.0,Indian Rupees(Rs.),4.2,3.4,Orange,Average,3.0 - 3.9 (Moderate),33,11.99,33,69.3
4536,18322591,300.0,Indian Rupees(Rs.),3.6,3.4,Orange,Average,3.0 - 3.9 (Moderate),32,11.89,32,57.6
4537,18486915,200.0,Indian Rupees(Rs.),2.4,3.3,Orange,Average,3.0 - 3.9 (Moderate),11,8.2,11,13.2
4538,302488,550.0,Indian Rupees(Rs.),6.6,3.3,Orange,Average,3.0 - 3.9 (Moderate),87,14.78,87,287.1
4539,3173,850.0,Indian Rupees(Rs.),10.2,2.6,Orange,Average,< 3.0 (Low),192,13.68,288,1468.8
4540,313413,1000.0,Indian Rupees(Rs.),12.0,3.4,Orange,Average,3.0 - 3.9 (Moderate),232,18.53,232,1392.0
4541,307818,1300.0,Indian Rupees(Rs.),15.6,3.2,Orange,Average,3.0 - 3.9 (Moderate),177,16.58,266,2074.8
4542,310332,1500.0,Indian Rupees(Rs.),18.0,3.2,Orange,Average,3.0 - 3.9 (Moderate),286,18.11,286,2574.0
4543,2295,800.0,Indian Rupees(Rs.),9.6,3.6,Yellow,Good,3.0 - 3.9 (Moderate),306,20.62,459,2203.2
4544,18361742,1000.0,Indian Rupees(Rs.),12.0,3.5,Yellow,Good,3.0 - 3.9 (Moderate),63,14.56,94,564.0
4545,303578,800.0,Indian Rupees(Rs.),9.6,3.5,Yellow,Good,3.0 - 3.9 (Moderate),159,17.76,159,763.2
4546,18429394,800.0,Indian Rupees(Rs.),9.6,3.7,Yellow,Good,3.0 - 3.9 (Moderate),28,12.46,28,134.4
4547,6705,400.0,Indian Rupees(Rs.),4.8,3.5,Yellow,Good,3.0 - 3.9 (Moderate),40,13.0,40,96.0
4548,18250020,1600.0,Indian Rupees(Rs.),19.2,3.7,Yellow,Good,3.0 - 3.9 (Moderate),213,19.85,320,3072.0
4549,18235498,1150.0,Indian Rupees(Rs.),13.8,3.7,Yellow,Good,3.0 - 3.9 (Moderate),160,18.8,240,1656.0
4550,300910,250.0,Indian Rupees(Rs.),3.0,3.8,Yellow,Good,3.0 - 3.9 (Moderate),300,21.69,300,450.0
4551,18317477,1300.0,Indian Rupees(Rs.),15.6,3.8,Yellow,Good,3.0 - 3.9 (Moderate),248,20.97,248,1934.4
4552,308638,250.0,Indian Rupees(Rs.),3.0,3.6,Yellow,Good,3.0 - 3.9 (Moderate),109,16.92,109,163.5
4553,1270,750.0,Indian Rupees(Rs.),9.0,3.5,Yellow,Good,3.0 - 3.9 (Moderate),132,17.12,132,594.0
4554,18268715,250.0,Indian Rupees(Rs.),3.0,4.0,Green,Very Good,4.0 - 4.4 (High),95,18.26,95,142.5
4555,312518,300.0,Indian Rupees(Rs.),3.6,4.0,Green,Very Good,4.0 - 4.4 (High),292,22.72,438,788.4
4556,304028,500.0,Indian Rupees(Rs.),6.0,2.8,Orange,Average,< 3.0 (Low),39,10.33,39,117.0
4557,7422,250.0,Indian Rupees(Rs.),3.0,3.4,Orange,Average,3.0 - 3.9 (Moderate),68,14.4,68,102.0
4558,306096,200.0,Indian Rupees(Rs.),2.4,2.9,Orange,Average,< 3.0 (Low),92,13.14,92,110.4
4559,7450,800.0,Indian Rupees(Rs.),9.6,3.4,Orange,Average,3.0 - 3.9 (Moderate),51,13.43,51,244.8
4560,306106,1100.0,Indian Rupees(Rs.),13.2,3.2,Orange,Average,3.0 - 3.9 (Moderate),142,15.88,213,1405.8
4561,303963,450.0,Indian Rupees(Rs.),5.4,2.6,Orange,Average,< 3.0 (Low),21,8.04,21,56.7
4562,18124379,450.0,Indian Rupees(Rs.),5.4,2.5,Orange,Average,< 3.0 (Low),71,10.69,106,286.2
4563,310758,600.0,Indian Rupees(Rs.),7.2,3.2,Orange,Average,3.0 - 3.9 (Moderate),71,13.69,106,381.6
4564,309606,600.0,Indian Rupees(Rs.),7.2,3.4,Orange,Average,3.0 - 3.9 (Moderate),122,16.36,183,658.8
4565,2408,700.0,Indian Rupees(Rs.),8.4,3.0,Orange,Average,3.0 - 3.9 (Moderate),39,11.07,39,163.8
4566,309560,700.0,Indian Rupees(Rs.),8.4,3.4,Orange,Average,3.0 - 3.9 (Moderate),43,12.87,43,180.6
4567,306405,400.0,Indian Rupees(Rs.),4.8,3.4,Orange,Average,3.0 - 3.9 (Moderate),38,12.46,57,136.8
4568,5529,400.0,Indian Rupees(Rs.),4.8,2.7,Orange,Average,< 3.0 (Low),39,9.96,58,139.2
4569,9459,700.0,Indian Rupees(Rs.),8.4,3.1,Orange,Average,3.0 - 3.9 (Moderate),73,13.34,110,462.0
4570,300359,200.0,Indian Rupees(Rs.),2.4,2.9,Orange,Average,< 3.0 (Low),10,6.95,10,12.0
4571,18128869,500.0,Indian Rupees(Rs.),6.0,2.7,Orange,Average,< 3.0 (Low),32,9.44,48,144.0
4572,9011,150.0,Indian Rupees(Rs.),1.8,2.9,Orange,Average,< 3.0 (Low),36,10.47,36,32.4
4573,5507,450.0,Indian Rupees(Rs.),5.4,3.3,Orange,Average,3.0 - 3.9 (Moderate),36,11.92,36,97.2
4574,303704,750.0,Indian Rupees(Rs.),9.0,3.1,Orange,Average,3.0 - 3.9 (Moderate),134,15.21,201,904.5
4575,1924,350.0,Indian Rupees(Rs.),4.2,3.3,Orange,Average,3.0 - 3.9 (Moderate),55,13.28,55,115.5
4576,300257,600.0,Indian Rupees(Rs.),7.2,2.9,Orange,Average,< 3.0 (Low),90,13.08,90,324.0
4577,7534,500.0,Indian Rupees(Rs.),6.0,3.2,Orange,Average,3.0 - 3.9 (Moderate),60,13.15,60,180.0
4578,1925,400.0,Indian Rupees(Rs.),4.8,2.7,Orange,Average,< 3.0 (Low),47,10.45,47,112.8
4579,311719,300.0,Indian Rupees(Rs.),3.6,3.4,Orange,Average,3.0 - 3.9 (Moderate),43,12.87,43,77.4
4580,1926,350.0,Indian Rupees(Rs.),4.2,3.3,Orange,Average,3.0 - 3.9 (Moderate),236,18.04,236,495.6
4581,306392,1100.0,Indian Rupees(Rs.),13.2,2.6,Orange,Average,< 3.0 (Low),31,9.01,46,303.6
4582,306338,700.0,Indian Rupees(Rs.),8.4,2.5,Orange,Average,< 3.0 (Low),38,9.16,57,239.4
4583,1905,800.0,Indian Rupees(Rs.),9.6,3.1,Orange,Average,3.0 - 3.9 (Moderate),123,14.94,123,590.4
4584,300350,150.0,Indian Rupees(Rs.),1.8,2.8,Orange,Average,< 3.0 (Low),9,6.45,9,8.1
4585,7424,350.0,Indian Rupees(Rs.),4.2,3.3,Orange,Average,3.0 - 3.9 (Moderate),70,14.07,70,147.0
4586,1906,550.0,Indian Rupees(Rs.),6.6,3.4,Orange,Average,3.0 - 3.9 (Moderate),114,16.13,114,376.2
4587,1908,550.0,Indian Rupees(Rs.),6.6,2.7,Orange,Average,< 3.0 (Low),56,10.92,56,184.8
4588,1618,600.0,Indian Rupees(Rs.),7.2,3.1,Orange,Average,3.0 - 3.9 (Moderate),247,17.09,370,1332.0
4589,309064,450.0,Indian Rupees(Rs.),5.4,3.1,Orange,Average,3.0 - 3.9 (Moderate),90,13.98,135,364.5
4590,1931,900.0,Indian Rupees(Rs.),10.8,2.7,Orange,Average,< 3.0 (Low),84,12.0,84,453.6
4591,18277018,650.0,Indian Rupees(Rs.),7.8,3.3,Orange,Average,3.0 - 3.9 (Moderate),93,14.99,140,546.0
4592,18425764,650.0,Indian Rupees(Rs.),7.8,3.4,Orange,Average,3.0 - 3.9 (Moderate),44,12.94,66,257.4
4593,1933,400.0,Indian Rupees(Rs.),4.8,3.0,Orange,Average,3.0 - 3.9 (Moderate),27,10.0,27,64.8
4594,2411,750.0,Indian Rupees(Rs.),9.0,2.7,Orange,Average,< 3.0 (Low),68,11.43,102,459.0
4595,18377922,400.0,Indian Rupees(Rs.),4.8,3.3,Orange,Average,3.0 - 3.9 (Moderate),23,10.49,34,81.6
4596,18138437,1400.0,Indian Rupees(Rs.),16.8,3.2,Orange,Average,3.0 - 3.9 (Moderate),30,10.99,30,252.0
4597,4655,500.0,Indian Rupees(Rs.),6.0,2.5,Orange,Average,< 3.0 (Low),69,10.62,104,312.0
4598,18289258,350.0,Indian Rupees(Rs.),4.2,2.6,Orange,Average,< 3.0 (Low),41,9.72,41,86.1
4599,18198463,400.0,Indian Rupees(Rs.),4.8,3.4,Orange,Average,3.0 - 3.9 (Moderate),36,12.28,54,129.6
4600,300347,400.0,Indian Rupees(Rs.),4.8,3.6,Yellow,Good,3.0 - 3.9 (Moderate),179,18.69,179,429.6
4601,18423807,450.0,Indian Rupees(Rs.),5.4,3.5,Yellow,Good,3.0 - 3.9 (Moderate),22,10.97,22,59.4
4602,300661,650.0,Indian Rupees(Rs.),7.8,3.7,Yellow,Good,3.0 - 3.9 (Moderate),456,22.66,684,2667.6
4603,18349796,900.0,Indian Rupees(Rs.),10.8,3.6,Yellow,Good,3.0 - 3.9 (Moderate),43,13.62,64,345.6
4604,306643,200.0,Indian Rupees(Rs.),2.4,3.7,Yellow,Good,3.0 - 3.9 (Moderate),120,17.74,180,216.0
4605,305758,700.0,Indian Rupees(Rs.),8.4,3.8,Yellow,Good,3.0 - 3.9 (Moderate),230,20.68,345,1449.0
4606,18240475,300.0,Indian Rupees(Rs.),3.6,3.5,Yellow,Good,3.0 - 3.9 (Moderate),26,11.54,39,70.2
4607,18238241,600.0,Indian Rupees(Rs.),7.2,3.5,Yellow,Good,3.0 - 3.9 (Moderate),27,11.66,40,144.0
4608,306071,50.0,Indian Rupees(Rs.),0.6,3.6,Yellow,Good,3.0 - 3.9 (Moderate),35,12.9,35,10.5
4609,8864,500.0,Indian Rupees(Rs.),6.0,3.6,Yellow,Good,3.0 - 3.9 (Moderate),76,15.64,114,342.0
4610,9643,650.0,Indian Rupees(Rs.),7.8,3.7,Yellow,Good,3.0 - 3.9 (Moderate),177,19.17,177,690.3
4611,9016,150.0,Indian Rupees(Rs.),1.8,3.6,Yellow,Good,3.0 - 3.9 (Moderate),99,16.58,99,89.1
4612,300594,250.0,Indian Rupees(Rs.),3.0,3.7,Yellow,Good,3.0 - 3.9 (Moderate),136,18.2,204,306.0
4613,8872,600.0,Indian Rupees(Rs.),7.2,3.5,Yellow,Good,3.0 - 3.9 (Moderate),72,15.02,108,388.8
4614,2407,600.0,Indian Rupees(Rs.),7.2,3.5,Yellow,Good,3.0 - 3.9 (Moderate),88,15.71,88,316.8
4615,7526,200.0,Indian Rupees(Rs.),2.4,3.8,Yellow,Good,3.0 - 3.9 (Moderate),100,17.54,100,120.0
4616,306403,500.0,Indian Rupees(Rs.),6.0,3.6,Yellow,Good,3.0 - 3.9 (Moderate),118,17.2,118,354.0
4617,1301,700.0,Indian Rupees(Rs.),8.4,3.8,Yellow,Good,3.0 - 3.9 (Moderate),603,24.33,904,3796.8
4618,1904,350.0,Indian Rupees(Rs.),4.2,3.5,Yellow,Good,3.0 - 3.9 (Moderate),149,17.54,149,312.9
4619,18322672,700.0,Indian Rupees(Rs.),8.4,3.7,Yellow,Good,3.0 - 3.9 (Moderate),39,13.65,58,243.6
4620,5560,350.0,Indian Rupees(Rs.),4.2,3.5,Yellow,Good,3.0 - 3.9 (Moderate),109,16.45,109,228.9
4621,307332,350.0,Indian Rupees(Rs.),4.2,3.5,Yellow,Good,3.0 - 3.9 (Moderate),214,18.8,321,674.1
4622,311755,350.0,Indian Rupees(Rs.),4.2,3.5,Yellow,Good,3.0 - 3.9 (Moderate),64,14.61,96,201.6
4623,18396684,200.0,Indian Rupees(Rs.),2.4,0.0,White,Not rated,Unrated,0,0.0,0,0.0
4624,18453049,350.0,Indian Rupees(Rs.),4.2,0.0,White,Not rated,Unrated,1,0.0,1,2.1
4625,312000,300.0,Indian Rupees(Rs.),3.6,0.0,White,Not rated,Unrated,0,0.0,0,0.0
4626,18203154,150.0,Indian Rupees(Rs.),1.8,0.0,White,Not rated,Unrated,0,0.0,0,0.0
4627,305360,450.0,Indian Rupees(Rs.),5.4,2.3,Red,Poor,< 3.0 (Low),32,8.04,32,86.4
4628,1923,1000.0,Indian Rupees(Rs.),12.0,2.4,Red,Poor,< 3.0 (Low),52,9.53,52,312.0
4629,8933,500.0,Indian Rupees(Rs.),6.0,4.0,Green,Very Good,4.0 - 4.4 (High),841,26.94,841,2523.0
4630,312003,200.0,Indian Rupees(Rs.),2.4,4.0,Green,Very Good,4.0 - 4.4 (High),74,17.27,74,88.8
4631,18446504,1050.0,Indian Rupees(Rs.),12.6,4.3,Green,Very Good,4.0 - 4.4 (High),142,21.34,142,894.6
4632,3541,2000.0,Indian Rupees(Rs.),24.0,4.5,Dark Green,Excellent,4.5 - 5.0 (Top Tier),524,28.19,524,6288.0
4633,189,500.0,Indian Rupees(Rs.),6.0,3.3,Orange,Average,3.0 - 3.9 (Moderate),132,16.14,132,396.0
4634,18322651,1000.0,Indian Rupees(Rs.),12.0,3.1,Orange,Average,3.0 - 3.9 (Moderate),18,9.13,27,162.0
4635,5586,300.0,Indian Rupees(Rs.),3.6,3.3,Orange,Average,3.0 - 3.9 (Moderate),29,11.22,29,52.2
4636,303574,650.0,Indian Rupees(Rs.),7.8,2.5,Orange,Average,< 3.0 (Low),120,11.99,180,702.0
4637,304628,150.0,Indian Rupees(Rs.),1.8,3.2,Orange,Average,3.0 - 3.9 (Moderate),242,17.58,242,217.8
4638,4624,800.0,Indian Rupees(Rs.),9.6,3.3,Orange,Average,3.0 - 3.9 (Moderate),89,14.85,89,427.2
4639,1614,1500.0,Indian Rupees(Rs.),18.0,4.5,Dark Green,Excellent,4.5 - 5.0 (Top Tier),4986,38.32,4986,44874.0
4640,8244,1500.0,Indian Rupees(Rs.),18.0,4.6,Dark Green,Excellent,4.5 - 5.0 (Top Tier),1569,33.85,1569,14121.0
4641,3406,1200.0,Indian Rupees(Rs.),14.4,3.8,Yellow,Good,3.0 - 3.9 (Moderate),863,25.69,1294,9316.8
4642,309576,600.0,Indian Rupees(Rs.),7.2,3.9,Yellow,Good,3.0 - 3.9 (Moderate),157,19.74,157,565.2
4643,4741,2000.0,Indian Rupees(Rs.),24.0,3.6,Yellow,Good,3.0 - 3.9 (Moderate),1428,26.15,1428,17136.0
4644,310674,2500.0,Indian Rupees(Rs.),30.0,3.6,Yellow,Good,3.0 - 3.9 (Moderate),300,20.55,450,6750.0
4645,1901,1000.0,Indian Rupees(Rs.),12.0,3.6,Yellow,Good,3.0 - 3.9 (Moderate),574,22.88,574,3444.0
4646,813,1000.0,Indian Rupees(Rs.),12.0,3.7,Yellow,Good,3.0 - 3.9 (Moderate),243,20.34,243,1458.0
4647,304989,700.0,Indian Rupees(Rs.),8.4,3.8,Yellow,Good,3.0 - 3.9 (Moderate),391,22.69,586,2461.2
4648,300642,800.0,Indian Rupees(Rs.),9.6,3.6,Yellow,Good,3.0 - 3.9 (Moderate),29,12.24,29,139.2
4649,307284,1700.0,Indian Rupees(Rs.),20.4,3.7,Yellow,Good,3.0 - 3.9 (Moderate),395,22.13,395,4029.0
4650,844,650.0,Indian Rupees(Rs.),7.8,3.7,Yellow,Good,3.0 - 3.9 (Moderate),2860,29.45,2860,11154.0
4651,308337,1700.0,Indian Rupees(Rs.),20.4,3.6,Yellow,Good,3.0 - 3.9 (Moderate),505,22.42,758,7731.6
4652,307822,1400.0,Indian Rupees(Rs.),16.8,3.9,Yellow,Good,3.0 - 3.9 (Moderate),454,23.87,681,5720.4
4653,3425,2000.0,Indian Rupees(Rs.),24.0,3.8,Yellow,Good,3.0 - 3.9 (Moderate),203,20.21,203,2436.0
4654,6271,400.0,Indian Rupees(Rs.),4.8,3.7,Yellow,Good,3.0 - 3.9 (Moderate),79,16.21,79,189.6
4655,312710,1200.0,Indian Rupees(Rs.),14.4,3.9,Yellow,Good,3.0 - 3.9 (Moderate),287,22.09,287,2066.4
4656,18255125,2100.0,Indian Rupees(Rs.),25.2,3.8,Yellow,Good,3.0 - 3.9 (Moderate),199,20.13,199,2507.4
4657,18285728,450.0,Indian Rupees(Rs.),5.4,3.5,Yellow,Good,3.0 - 3.9 (Moderate),17,10.12,17,45.9
4658,305686,2000.0,Indian Rupees(Rs.),24.0,3.9,Yellow,Good,3.0 - 3.9 (Moderate),372,23.09,558,6696.0
4659,154,500.0,Indian Rupees(Rs.),6.0,3.7,Yellow,Good,3.0 - 3.9 (Moderate),188,19.39,282,846.0
4660,18361747,800.0,Indian Rupees(Rs.),9.6,3.6,Yellow,Good,3.0 - 3.9 (Moderate),34,12.8,34,163.2
4661,9618,1700.0,Indian Rupees(Rs.),20.4,3.7,Yellow,Good,3.0 - 3.9 (Moderate),774,24.62,774,7894.8
4662,307370,700.0,Indian Rupees(Rs.),8.4,3.8,Yellow,Good,3.0 - 3.9 (Moderate),256,21.09,256,1075.2
4663,307802,2500.0,Indian Rupees(Rs.),30.0,3.8,Yellow,Good,3.0 - 3.9 (Moderate),1186,26.9,1186,17790.0
4664,307799,2000.0,Indian Rupees(Rs.),24.0,3.8,Yellow,Good,3.0 - 3.9 (Moderate),669,24.73,1004,12048.0
4665,18486842,450.0,Indian Rupees(Rs.),5.4,0.0,White,Not rated,Unrated,2,0.0,2,5.4
4666,18419910,1700.0,Indian Rupees(Rs.),20.4,4.2,Green,Very Good,4.0 - 4.4 (High),113,19.89,113,1152.6
4667,4296,400.0,Indian Rupees(Rs.),4.8,4.0,Green,Very Good,4.0 - 4.4 (High),518,25.01,777,1864.8
4668,2632,1600.0,Indian Rupees(Rs.),19.2,4.1,Green,Very Good,4.0 - 4.4 (High),1330,29.49,1995,19152.0
4669,7227,1550.0,Indian Rupees(Rs.),18.6,4.0,Green,Very Good,4.0 - 4.4 (High),1203,28.37,1203,11187.9
4670,18221038,2000.0,Indian Rupees(Rs.),24.0,4.0,Green,Very Good,4.0 - 4.4 (High),79,17.53,79,948.0
4671,313299,2000.0,Indian Rupees(Rs.),24.0,4.2,Green,Very Good,4.0 - 4.4 (High),551,26.52,551,6612.0
4672,300656,1650.0,Indian Rupees(Rs.),19.8,4.0,Green,Very Good,4.0 - 4.4 (High),1093,27.99,1093,10820.7
4673,313207,2100.0,Indian Rupees(Rs.),25.2,4.2,Green,Very Good,4.0 - 4.4 (High),578,26.72,867,10924.2
4674,309788,1300.0,Indian Rupees(Rs.),15.6,4.2,Green,Very Good,4.0 - 4.4 (High),1914,31.74,1914,14929.2
4675,18082237,600.0,Indian Rupees(Rs.),7.2,4.0,Green,Very Good,4.0 - 4.4 (High),220,21.59,220,792.0
4676,311531,700.0,Indian Rupees(Rs.),8.4,4.4,Green,Very Good,4.0 - 4.4 (High),912,29.99,912,3830.4
4677,18273615,1800.0,Indian Rupees(Rs.),21.6,4.2,Green,Very Good,4.0 - 4.4 (High),436,25.54,436,4708.8
4678,17953908,1100.0,Indian Rupees(Rs.),13.2,3.1,Orange,Average,3.0 - 3.9 (Moderate),10,7.43,10,66.0
4679,305722,250.0,Indian Rupees(Rs.),3.0,3.1,Orange,Average,3.0 - 3.9 (Moderate),12,7.95,12,18.0
4680,18430600,450.0,Indian Rupees(Rs.),5.4,3.3,Orange,Average,3.0 - 3.9 (Moderate),13,8.71,20,54.0
4681,18441800,700.0,Indian Rupees(Rs.),8.4,3.0,Orange,Average,3.0 - 3.9 (Moderate),11,7.45,16,67.2
4682,18337965,400.0,Indian Rupees(Rs.),4.8,3.2,Orange,Average,3.0 - 3.9 (Moderate),19,9.59,19,45.6
4683,300452,450.0,Indian Rupees(Rs.),5.4,3.3,Orange,Average,3.0 - 3.9 (Moderate),73,14.2,73,197.1
4684,5590,450.0,Indian Rupees(Rs.),5.4,3.2,Orange,Average,3.0 - 3.9 (Moderate),23,10.17,23,62.1
4685,18070502,150.0,Indian Rupees(Rs.),1.8,3.2,Orange,Average,3.0 - 3.9 (Moderate),11,7.95,11,9.9
4686,312098,500.0,Indian Rupees(Rs.),6.0,3.1,Orange,Average,3.0 - 3.9 (Moderate),10,7.43,10,30.0
4687,303635,550.0,Indian Rupees(Rs.),6.6,2.6,Orange,Average,< 3.0 (Low),49,10.17,49,161.7
4688,302456,1200.0,Indian Rupees(Rs.),14.4,2.8,Orange,Average,< 3.0 (Low),15,7.76,15,108.0
4689,9549,200.0,Indian Rupees(Rs.),2.4,3.2,Orange,Average,3.0 - 3.9 (Moderate),100,14.77,100,120.0
4690,306488,1100.0,Indian Rupees(Rs.),13.2,2.7,Orange,Average,< 3.0 (Low),63,11.23,63,415.8
4691,302142,800.0,Indian Rupees(Rs.),9.6,2.7,Orange,Average,< 3.0 (Low),45,10.34,68,326.4
4692,18350118,750.0,Indian Rupees(Rs.),9.0,3.0,Orange,Average,3.0 - 3.9 (Moderate),4,4.83,4,18.0
4693,7396,700.0,Indian Rupees(Rs.),8.4,3.3,Orange,Average,3.0 - 3.9 (Moderate),57,13.4,57,239.4
4694,18435836,650.0,Indian Rupees(Rs.),7.8,3.3,Orange,Average,3.0 - 3.9 (Moderate),12,8.46,12,46.8
4695,18277180,400.0,Indian Rupees(Rs.),4.8,3.3,Orange,Average,3.0 - 3.9 (Moderate),35,11.83,52,124.8
4696,18366018,350.0,Indian Rupees(Rs.),4.2,3.0,Orange,Average,3.0 - 3.9 (Moderate),6,5.84,9,18.9
4697,308555,700.0,Indian Rupees(Rs.),8.4,3.4,Orange,Average,3.0 - 3.9 (Moderate),143,16.9,143,600.6
4698,306662,350.0,Indian Rupees(Rs.),4.2,2.7,Orange,Average,< 3.0 (Low),23,8.58,23,48.3
4699,310253,550.0,Indian Rupees(Rs.),6.6,2.7,Orange,Average,< 3.0 (Low),41,10.09,62,204.6
4700,5664,300.0,Indian Rupees(Rs.),3.6,3.2,Orange,Average,3.0 - 3.9 (Moderate),29,10.88,44,79.2
4701,18460329,500.0,Indian Rupees(Rs.),6.0,3.3,Orange,Average,3.0 - 3.9 (Moderate),13,8.71,13,39.0
4702,18360284,350.0,Indian Rupees(Rs.),4.2,3.2,Orange,Average,3.0 - 3.9 (Moderate),16,9.07,16,33.6
4703,9552,600.0,Indian Rupees(Rs.),7.2,3.2,Orange,Average,3.0 - 3.9 (Moderate),31,11.09,31,111.6
4704,308156,550.0,Indian Rupees(Rs.),6.6,2.7,Orange,Average,< 3.0 (Low),46,10.4,69,227.7
4705,308189,300.0,Indian Rupees(Rs.),3.6,3.1,Orange,Average,3.0 - 3.9 (Moderate),9,7.14,9,16.2
4706,300448,300.0,Indian Rupees(Rs.),3.6,2.8,Orange,Average,< 3.0 (Low),23,8.9,23,41.4
4707,311944,400.0,Indian Rupees(Rs.),4.8,3.1,Orange,Average,3.0 - 3.9 (Moderate),7,6.45,7,16.8
4708,9550,450.0,Indian Rupees(Rs.),5.4,2.7,Orange,Average,< 3.0 (Low),15,7.49,15,40.5
4709,18198179,450.0,Indian Rupees(Rs.),5.4,3.2,Orange,Average,3.0 - 3.9 (Moderate),9,7.37,9,24.3
4710,7400,800.0,Indian Rupees(Rs.),9.6,2.6,Orange,Average,< 3.0 (Low),67,10.97,100,480.0
4711,309289,400.0,Indian Rupees(Rs.),4.8,3.3,Orange,Average,3.0 - 3.9 (Moderate),17,9.54,17,40.8
4712,18365872,600.0,Indian Rupees(Rs.),7.2,2.8,Orange,Average,< 3.0 (Low),4,4.51,4,14.4
4713,9050,1200.0,Indian Rupees(Rs.),14.4,3.2,Orange,Average,3.0 - 3.9 (Moderate),74,13.82,111,799.2
4714,18366011,600.0,Indian Rupees(Rs.),7.2,3.0,Orange,Average,3.0 - 3.9 (Moderate),5,5.38,5,18.0
4715,305720,50.0,Indian Rupees(Rs.),0.6,2.8,Orange,Average,< 3.0 (Low),8,6.15,8,2.4
4716,4036,800.0,Indian Rupees(Rs.),9.6,3.2,Orange,Average,3.0 - 3.9 (Moderate),50,12.58,50,240.0
4717,5658,300.0,Indian Rupees(Rs.),3.6,2.9,Orange,Average,< 3.0 (Low),16,8.22,16,28.8
4718,5659,600.0,Indian Rupees(Rs.),7.2,3.0,Orange,Average,3.0 - 3.9 (Moderate),20,9.13,20,72.0
4719,18265677,2500.0,Indian Rupees(Rs.),30.0,3.2,Orange,Average,3.0 - 3.9 (Moderate),14,8.67,14,210.0
4720,309998,1100.0,Indian Rupees(Rs.),13.2,3.4,Orange,Average,3.0 - 3.9 (Moderate),74,14.68,74,488.4
4721,18201995,550.0,Indian Rupees(Rs.),6.6,3.1,Orange,Average,3.0 - 3.9 (Moderate),20,9.44,20,66.0
4722,306245,1200.0,Indian Rupees(Rs.),14.4,3.5,Yellow,Good,3.0 - 3.9 (Moderate),133,17.14,200,1440.0
4723,306168,650.0,Indian Rupees(Rs.),7.8,3.5,Yellow,Good,3.0 - 3.9 (Moderate),98,16.08,98,382.2
4724,18365996,250.0,Indian Rupees(Rs.),3.0,3.6,Yellow,Good,3.0 - 3.9 (Moderate),26,11.87,26,39.0
4725,311448,500.0,Indian Rupees(Rs.),6.0,3.7,Yellow,Good,3.0 - 3.9 (Moderate),68,15.67,68,204.0
4726,303350,1000.0,Indian Rupees(Rs.),12.0,3.6,Yellow,Good,3.0 - 3.9 (Moderate),283,20.34,283,1698.0
4727,18378056,1200.0,Indian Rupees(Rs.),14.4,3.5,Yellow,Good,3.0 - 3.9 (Moderate),21,10.82,21,151.2
4728,9513,150.0,Indian Rupees(Rs.),1.8,3.5,Yellow,Good,3.0 - 3.9 (Moderate),23,11.12,23,20.7
4729,18303704,600.0,Indian Rupees(Rs.),7.2,3.6,Yellow,Good,3.0 - 3.9 (Moderate),55,14.49,82,295.2
4730,308111,750.0,Indian Rupees(Rs.),9.0,3.5,Yellow,Good,3.0 - 3.9 (Moderate),102,16.22,153,688.5
4731,312922,500.0,Indian Rupees(Rs.),6.0,2.4,Red,Poor,< 3.0 (Low),20,7.31,20,60.0
4732,3918,350.0,Indian Rupees(Rs.),4.2,2.1,Red,Poor,< 3.0 (Low),54,8.42,54,113.4
4733,308784,800.0,Indian Rupees(Rs.),9.6,2.4,Red,Poor,< 3.0 (Low),39,8.85,58,278.4
4734,2316,200.0,Indian Rupees(Rs.),2.4,2.9,Orange,Average,< 3.0 (Low),6,5.64,6,7.2
4735,2315,250.0,Indian Rupees(Rs.),3.0,3.0,Orange,Average,3.0 - 3.9 (Moderate),15,8.32,15,22.5
4736,313307,200.0,Indian Rupees(Rs.),2.4,2.9,Orange,Average,< 3.0 (Low),7,6.03,7,8.4
4737,301208,300.0,Indian Rupees(Rs.),3.6,2.9,Orange,Average,< 3.0 (Low),16,8.22,16,28.8
4738,18386203,300.0,Indian Rupees(Rs.),3.6,3.0,Orange,Average,3.0 - 3.9 (Moderate),6,5.84,6,10.8
4739,18258507,400.0,Indian Rupees(Rs.),4.8,2.9,Orange,Average,< 3.0 (Low),9,6.68,9,21.6
4740,313091,350.0,Indian Rupees(Rs.),4.2,2.9,Orange,Average,< 3.0 (Low),5,5.2,5,10.5
4741,313381,150.0,Indian Rupees(Rs.),1.8,2.9,Orange,Average,< 3.0 (Low),4,4.67,4,3.6
4742,301201,500.0,Indian Rupees(Rs.),6.0,2.5,Orange,Average,< 3.0 (Low),50,9.83,75,225.0
4743,309496,100.0,Indian Rupees(Rs.),1.2,3.1,Orange,Average,3.0 - 3.9 (Moderate),12,7.95,12,7.2
4744,2297,500.0,Indian Rupees(Rs.),6.0,3.2,Orange,Average,3.0 - 3.9 (Moderate),79,14.02,79,237.0
4745,305003,150.0,Indian Rupees(Rs.),1.8,3.3,Orange,Average,3.0 - 3.9 (Moderate),20,10.05,20,18.0
4746,306310,650.0,Indian Rupees(Rs.),7.8,3.2,Orange,Average,3.0 - 3.9 (Moderate),52,12.7,78,304.2
4747,18332058,500.0,Indian Rupees(Rs.),6.0,3.3,Orange,Average,3.0 - 3.9 (Moderate),26,10.88,39,117.0
4748,18128895,350.0,Indian Rupees(Rs.),4.2,3.2,Orange,Average,3.0 - 3.9 (Moderate),11,7.95,11,23.1
4749,312747,700.0,Indian Rupees(Rs.),8.4,2.9,Orange,Average,< 3.0 (Low),13,7.65,13,54.6
4750,6128,700.0,Indian Rupees(Rs.),8.4,3.1,Orange,Average,3.0 - 3.9 (Moderate),75,13.43,75,315.0
4751,304994,150.0,Indian Rupees(Rs.),1.8,3.3,Orange,Average,3.0 - 3.9 (Moderate),26,10.88,26,23.4
4752,313132,700.0,Indian Rupees(Rs.),8.4,2.9,Orange,Average,< 3.0 (Low),10,6.95,10,42.0
4753,18423095,300.0,Indian Rupees(Rs.),3.6,3.2,Orange,Average,3.0 - 3.9 (Moderate),6,6.23,6,10.8
4754,18378024,500.0,Indian Rupees(Rs.),6.0,3.3,Orange,Average,3.0 - 3.9 (Moderate),12,8.46,12,36.0
4755,313508,350.0,Indian Rupees(Rs.),4.2,3.1,Orange,Average,3.0 - 3.9 (Moderate),22,9.72,33,69.3
4756,301213,400.0,Indian Rupees(Rs.),4.8,3.2,Orange,Average,3.0 - 3.9 (Moderate),30,10.99,30,72.0
4757,8293,100.0,Indian Rupees(Rs.),1.2,3.3,Orange,Average,3.0 - 3.9 (Moderate),12,8.46,12,7.2
4758,309495,400.0,Indian Rupees(Rs.),4.8,2.6,Orange,Average,< 3.0 (Low),15,7.21,15,36.0
4759,305565,300.0,Indian Rupees(Rs.),3.6,3.2,Orange,Average,3.0 - 3.9 (Moderate),10,7.67,10,18.0
4760,309489,400.0,Indian Rupees(Rs.),4.8,3.0,Orange,Average,3.0 - 3.9 (Moderate),11,7.45,11,26.4
4761,3772,400.0,Indian Rupees(Rs.),4.8,3.0,Orange,Average,3.0 - 3.9 (Moderate),16,8.5,16,38.4
4762,301204,100.0,Indian Rupees(Rs.),1.2,3.4,Orange,Average,3.0 - 3.9 (Moderate),15,9.43,15,9.0
4763,18421495,600.0,Indian Rupees(Rs.),7.2,3.1,Orange,Average,3.0 - 3.9 (Moderate),8,6.81,8,28.8
4764,306656,450.0,Indian Rupees(Rs.),5.4,2.7,Orange,Average,< 3.0 (Low),18,7.95,18,48.6
4765,18126085,400.0,Indian Rupees(Rs.),4.8,3.1,Orange,Average,3.0 - 3.9 (Moderate),10,7.43,10,24.0
4766,308942,100.0,Indian Rupees(Rs.),1.2,3.3,Orange,Average,3.0 - 3.9 (Moderate),20,10.05,20,12.0
4767,309254,550.0,Indian Rupees(Rs.),6.6,3.3,Orange,Average,3.0 - 3.9 (Moderate),16,9.35,16,52.8
4768,301417,500.0,Indian Rupees(Rs.),6.0,3.4,Orange,Average,3.0 - 3.9 (Moderate),39,12.54,39,117.0
4769,301203,800.0,Indian Rupees(Rs.),9.6,2.9,Orange,Average,< 3.0 (Low),66,12.19,99,475.2
4770,18014143,250.0,Indian Rupees(Rs.),3.0,3.1,Orange,Average,3.0 - 3.9 (Moderate),7,6.45,7,10.5
4771,309793,500.0,Indian Rupees(Rs.),6.0,3.1,Orange,Average,3.0 - 3.9 (Moderate),54,12.42,81,243.0
4772,6131,500.0,Indian Rupees(Rs.),6.0,3.1,Orange,Average,3.0 - 3.9 (Moderate),44,11.8,44,132.0
4773,309498,600.0,Indian Rupees(Rs.),7.2,3.1,Orange,Average,3.0 - 3.9 (Moderate),15,8.6,15,54.0
4774,1274,800.0,Indian Rupees(Rs.),9.6,2.9,Orange,Average,< 3.0 (Low),14,7.85,14,67.2
4775,18431416,350.0,Indian Rupees(Rs.),4.2,3.0,Orange,Average,3.0 - 3.9 (Moderate),4,4.83,4,8.4
4776,309481,200.0,Indian Rupees(Rs.),2.4,3.1,Orange,Average,3.0 - 3.9 (Moderate),13,8.18,13,15.6
4777,301207,300.0,Indian Rupees(Rs.),3.6,3.2,Orange,Average,3.0 - 3.9 (Moderate),31,11.09,31,55.8
4778,18409201,550.0,Indian Rupees(Rs.),6.6,3.6,Yellow,Good,3.0 - 3.9 (Moderate),22,11.29,22,72.6
4779,308938,450.0,Indian Rupees(Rs.),5.4,3.5,Yellow,Good,3.0 - 3.9 (Moderate),21,10.82,21,56.7
4780,18282453,300.0,Indian Rupees(Rs.),3.6,0.0,White,Not rated,Unrated,2,0.0,2,3.6
4781,18434966,200.0,Indian Rupees(Rs.),2.4,0.0,White,Not rated,Unrated,1,0.0,1,1.2
4782,18349764,600.0,Indian Rupees(Rs.),7.2,0.0,White,Not rated,Unrated,0,0.0,0,0.0
4783,18421474,200.0,Indian Rupees(Rs.),2.4,0.0,White,Not rated,Unrated,0,0.0,0,0.0
4784,18377904,200.0,Indian Rupees(Rs.),2.4,0.0,White,Not rated,Unrated,0,0.0,0,0.0
4785,18421482,200.0,Indian Rupees(Rs.),2.4,0.0,White,Not rated,Unrated,0,0.0,0,0.0
4786,18433869,300.0,Indian Rupees(Rs.),3.6,0.0,White,Not rated,Unrated,0,0.0,0,0.0
4787,18376495,150.0,Indian Rupees(Rs.),1.8,0.0,White,Not rated,Unrated,0,0.0,0,0.0
4788,309483,500.0,Indian Rupees(Rs.),6.0,0.0,White,Not rated,Unrated,2,0.0,2,6.0
4789,18217428,350.0,Indian Rupees(Rs.),4.2,0.0,White,Not rated,Unrated,3,0.0,3,6.3
4790,18323446,400.0,Indian Rupees(Rs.),4.8,0.0,White,Not rated,Unrated,2,0.0,3,7.2
4791,18423892,350.0,Indian Rupees(Rs.),4.2,0.0,White,Not rated,Unrated,0,0.0,0,0.0
4792,18432000,250.0,Indian Rupees(Rs.),3.0,0.0,White,Not rated,Unrated,1,0.0,1,1.5
4793,18261956,100.0,Indian Rupees(Rs.),1.2,0.0,White,Not rated,Unrated,0,0.0,0,0.0
4794,18378017,350.0,Indian Rupees(Rs.),4.2,0.0,White,Not rated,Unrated,2,0.0,2,4.2
4795,18126099,300.0,Indian Rupees(Rs.),3.6,0.0,White,Not rated,Unrated,2,0.0,2,3.6
4796,18423101,550.0,Indian Rupees(Rs.),6.6,0.0,White,Not rated,Unrated,0,0.0,0,0.0
4797,18376513,350.0,Indian Rupees(Rs.),4.2,0.0,White,Not rated,Unrated,0,0.0,0,0.0
4798,18432218,350.0,Indian Rupees(Rs.),4.2,0.0,White,Not rated,Unrated,1,0.0,1,2.1
4799,18255168,450.0,Indian Rupees(Rs.),5.4,0.0,White,Not rated,Unrated,2,0.0,2,5.4
4800,18384143,350.0,Indian Rupees(Rs.),4.2,0.0,White,Not rated,Unrated,0,0.0,0,0.0
4801,18222598,250.0,Indian Rupees(Rs.),3.0,0.0,White,Not rated,Unrated,0,0.0,0,0.0
4802,18431979,300.0,Indian Rupees(Rs.),3.6,0.0,White,Not rated,Unrated,0,0.0,0,0.0
4803,313225,200.0,Indian Rupees(Rs.),2.4,0.0,White,Not rated,Unrated,1,0.0,1,1.2
4804,18423103,100.0,Indian Rupees(Rs.),1.2,0.0,White,Not rated,Unrated,0,0.0,0,0.0
4805,308940,250.0,Indian Rupees(Rs.),3.0,0.0,White,Not rated,Unrated,1,0.0,1,1.5
4806,18433871,200.0,Indian Rupees(Rs.),2.4,0.0,White,Not rated,Unrated,0,0.0,0,0.0
4807,308928,250.0,Indian Rupees(Rs.),3.0,0.0,White,Not rated,Unrated,3,0.0,3,4.5
4808,18469838,300.0,Indian Rupees(Rs.),3.6,0.0,White,Not rated,Unrated,0,0.0,0,0.0
4809,18458342,400.0,Indian Rupees(Rs.),4.8,0.0,White,Not rated,Unrated,3,0.0,3,7.2
4810,18382338,400.0,Indian Rupees(Rs.),4.8,3.1,Orange,Average,3.0 - 3.9 (Moderate),10,7.43,15,36.0
4811,17977751,2200.0,Indian Rupees(Rs.),26.4,3.5,Yellow,Good,3.0 - 3.9 (Moderate),218,18.86,218,2877.6
4812,18382373,300.0,Indian Rupees(Rs.),3.6,0.0,White,Not rated,Unrated,1,0.0,1,1.8
4813,18485936,1500.0,Indian Rupees(Rs.),18.0,0.0,White,Not rated,Unrated,1,0.0,1,9.0
4814,18415370,600.0,Indian Rupees(Rs.),7.2,0.0,White,Not rated,Unrated,0,0.0,0,0.0
4815,18363216,300.0,Indian Rupees(Rs.),3.6,0.0,White,Not rated,Unrated,1,0.0,1,1.8
4816,18472689,200.0,Indian Rupees(Rs.),2.4,0.0,White,Not rated,Unrated,0,0.0,0,0.0
4817,18385727,200.0,Indian Rupees(Rs.),2.4,0.0,White,Not rated,Unrated,1,0.0,1,1.2
4818,18414508,300.0,Indian Rupees(Rs.),3.6,0.0,White,Not rated,Unrated,1,0.0,1,1.8
4819,9571,250.0,Indian Rupees(Rs.),3.0,3.4,Orange,Average,3.0 - 3.9 (Moderate),44,12.94,44,66.0
4820,313491,500.0,Indian Rupees(Rs.),6.0,3.0,Orange,Average,3.0 - 3.9 (Moderate),7,6.24,7,21.0
4821,18260714,100.0,Indian Rupees(Rs.),1.2,3.1,Orange,Average,3.0 - 3.9 (Moderate),4,4.99,4,2.4
4822,310344,250.0,Indian Rupees(Rs.),3.0,2.7,Orange,Average,< 3.0 (Low),4,4.35,6,9.0
4823,9875,250.0,Indian Rupees(Rs.),3.0,2.8,Orange,Average,< 3.0 (Low),8,6.15,8,12.0
4824,18396161,400.0,Indian Rupees(Rs.),4.8,2.7,Orange,Average,< 3.0 (Low),7,5.61,10,24.0
4825,9572,450.0,Indian Rupees(Rs.),5.4,3.2,Orange,Average,3.0 - 3.9 (Moderate),56,12.94,84,226.8
4826,18371289,150.0,Indian Rupees(Rs.),1.8,3.3,Orange,Average,3.0 - 3.9 (Moderate),6,6.42,9,8.1
4827,18356840,600.0,Indian Rupees(Rs.),7.2,3.0,Orange,Average,3.0 - 3.9 (Moderate),4,4.83,4,14.4
4828,303784,100.0,Indian Rupees(Rs.),1.2,2.6,Orange,Average,< 3.0 (Low),10,6.23,15,9.0
4829,9906,550.0,Indian Rupees(Rs.),6.6,3.3,Orange,Average,3.0 - 3.9 (Moderate),40,12.25,40,132.0
4830,305581,700.0,Indian Rupees(Rs.),8.4,3.4,Orange,Average,3.0 - 3.9 (Moderate),49,13.3,74,310.8
4831,9588,100.0,Indian Rupees(Rs.),1.2,3.0,Orange,Average,3.0 - 3.9 (Moderate),4,4.83,4,2.4
4832,312798,400.0,Indian Rupees(Rs.),4.8,2.7,Orange,Average,< 3.0 (Low),9,6.22,9,21.6
4833,18361738,450.0,Indian Rupees(Rs.),5.4,2.6,Orange,Average,< 3.0 (Low),102,12.05,153,413.1
4834,9579,200.0,Indian Rupees(Rs.),2.4,3.8,Yellow,Good,3.0 - 3.9 (Moderate),183,19.82,183,219.6
4835,309816,650.0,Indian Rupees(Rs.),7.8,3.7,Yellow,Good,3.0 - 3.9 (Moderate),270,20.73,405,1579.5
4836,307283,600.0,Indian Rupees(Rs.),7.2,3.6,Yellow,Good,3.0 - 3.9 (Moderate),75,15.59,112,403.2
4837,311150,800.0,Indian Rupees(Rs.),9.6,3.5,Yellow,Good,3.0 - 3.9 (Moderate),116,16.67,174,835.2
4838,18294237,250.0,Indian Rupees(Rs.),3.0,0.0,White,Not rated,Unrated,0,0.0,0,0.0
4839,18455557,250.0,Indian Rupees(Rs.),3.0,0.0,White,Not rated,Unrated,3,0.0,4,6.0
4840,18425773,300.0,Indian Rupees(Rs.),3.6,0.0,White,Not rated,Unrated,3,0.0,3,5.4
4841,310358,250.0,Indian Rupees(Rs.),3.0,0.0,White,Not rated,Unrated,2,0.0,2,3.0
4842,18425161,300.0,Indian Rupees(Rs.),3.6,0.0,White,Not rated,Unrated,1,0.0,1,1.8
4843,308704,300.0,Indian Rupees(Rs.),3.6,0.0,White,Not rated,Unrated,2,0.0,3,5.4
4844,18323603,300.0,Indian Rupees(Rs.),3.6,0.0,White,Not rated,Unrated,0,0.0,0,0.0
4845,18025089,600.0,Indian Rupees(Rs.),7.2,0.0,White,Not rated,Unrated,2,0.0,2,7.2
4846,18264993,400.0,Indian Rupees(Rs.),4.8,0.0,White,Not rated,Unrated,0,0.0,0,0.0
4847,18429151,300.0,Indian Rupees(Rs.),3.6,0.0,White,Not rated,Unrated,0,0.0,0,0.0
4848,18429161,150.0,Indian Rupees(Rs.),1.8,0.0,White,Not rated,Unrated,0,0.0,0,0.0
4849,18425781,100.0,Indian Rupees(Rs.),1.2,0.0,White,Not rated,Unrated,1,0.0,1,0.6
4850,18446391,200.0,Indian Rupees(Rs.),2.4,0.0,White,Not rated,Unrated,3,0.0,4,4.8
4851,18481310,350.0,Indian Rupees(Rs.),4.2,0.0,White,Not rated,Unrated,1,0.0,2,4.2
4852,18425777,300.0,Indian Rupees(Rs.),3.6,0.0,White,Not rated,Unrated,0,0.0,0,0.0
4853,18429157,250.0,Indian Rupees(Rs.),3.0,0.0,White,Not rated,Unrated,1,0.0,1,1.5
4854,18265712,500.0,Indian Rupees(Rs.),6.0,0.0,White,Not rated,Unrated,0,0.0,0,0.0
4855,9599,150.0,Indian Rupees(Rs.),1.8,0.0,White,Not rated,Unrated,2,0.0,2,1.8
4856,18425148,200.0,Indian Rupees(Rs.),2.4,0.0,White,Not rated,Unrated,0,0.0,0,0.0
4857,18265724,200.0,Indian Rupees(Rs.),2.4,0.0,White,Not rated,Unrated,3,0.0,4,4.8
4858,18458659,400.0,Indian Rupees(Rs.),4.8,0.0,White,Not rated,Unrated,0,0.0,0,0.0
4859,18424905,400.0,Indian Rupees(Rs.),4.8,0.0,White,Not rated,Unrated,0,0.0,0,0.0
4860,18410302,500.0,Indian Rupees(Rs.),6.0,0.0,White,Not rated,Unrated,0,0.0,0,0.0
4861,7856,300.0,Indian Rupees(Rs.),3.6,3.4,Orange,Average,3.0 - 3.9 (Moderate),22,10.66,33,59.4
4862,18365894,600.0,Indian Rupees(Rs.),7.2,3.0,Orange,Average,3.0 - 3.9 (Moderate),32,10.49,48,172.8
4863,18441523,1000.0,Indian Rupees(Rs.),12.0,3.1,Orange,Average,3.0 - 3.9 (Moderate),8,6.81,12,72.0
4864,18400728,500.0,Indian Rupees(Rs.),6.0,3.4,Orange,Average,3.0 - 3.9 (Moderate),45,13.02,68,204.0
4865,310345,700.0,Indian Rupees(Rs.),8.4,2.5,Orange,Average,< 3.0 (Low),47,9.68,47,197.4
4866,9596,650.0,Indian Rupees(Rs.),7.8,3.4,Orange,Average,3.0 - 3.9 (Moderate),59,13.92,88,343.2
4867,302577,550.0,Indian Rupees(Rs.),6.6,2.9,Orange,Average,< 3.0 (Low),39,10.7,58,191.4
4868,18334458,650.0,Indian Rupees(Rs.),7.8,2.9,Orange,Average,< 3.0 (Low),31,10.05,46,179.4
4869,4847,800.0,Indian Rupees(Rs.),9.6,2.8,Orange,Average,< 3.0 (Low),54,11.22,81,388.8
4870,2601,250.0,Indian Rupees(Rs.),3.0,3.3,Orange,Average,3.0 - 3.9 (Moderate),40,12.25,40,60.0
4871,3490,500.0,Indian Rupees(Rs.),6.0,2.6,Orange,Average,< 3.0 (Low),50,10.22,50,150.0
4872,18349930,600.0,Indian Rupees(Rs.),7.2,3.1,Orange,Average,3.0 - 3.9 (Moderate),18,9.13,18,64.8
4873,7735,500.0,Indian Rupees(Rs.),6.0,3.1,Orange,Average,3.0 - 3.9 (Moderate),33,10.93,33,99.0
4874,301239,300.0,Indian Rupees(Rs.),3.6,3.0,Orange,Average,3.0 - 3.9 (Moderate),41,11.21,62,111.6
4875,7861,200.0,Indian Rupees(Rs.),2.4,3.5,Yellow,Good,3.0 - 3.9 (Moderate),70,14.92,70,84.0
4876,491,550.0,Indian Rupees(Rs.),6.6,3.7,Yellow,Good,3.0 - 3.9 (Moderate),269,20.71,404,1333.2
4877,553,600.0,Indian Rupees(Rs.),7.2,3.8,Yellow,Good,3.0 - 3.9 (Moderate),472,23.4,472,1699.2
4878,18426285,500.0,Indian Rupees(Rs.),6.0,3.8,Yellow,Good,3.0 - 3.9 (Moderate),21,11.75,32,96.0
4879,18345810,1000.0,Indian Rupees(Rs.),12.0,3.7,Yellow,Good,3.0 - 3.9 (Moderate),57,15.02,86,516.0
4880,7906,550.0,Indian Rupees(Rs.),6.6,3.8,Yellow,Good,3.0 - 3.9 (Moderate),63,15.8,63,207.9
4881,311593,550.0,Indian Rupees(Rs.),6.6,3.5,Yellow,Good,3.0 - 3.9 (Moderate),54,14.03,54,178.2
4882,18466740,1000.0,Indian Rupees(Rs.),12.0,0.0,White,Not rated,Unrated,2,0.0,2,12.0
4883,1533,500.0,Indian Rupees(Rs.),6.0,3.5,Yellow,Good,3.0 - 3.9 (Moderate),515,21.86,515,1545.0
4884,9529,150.0,Indian Rupees(Rs.),1.8,4.1,Green,Very Good,4.0 - 4.4 (High),577,26.07,577,519.3
4885,311466,300.0,Indian Rupees(Rs.),3.6,3.4,Orange,Average,3.0 - 3.9 (Moderate),32,11.89,32,57.6
4886,5358,300.0,Indian Rupees(Rs.),3.6,3.2,Orange,Average,3.0 - 3.9 (Moderate),23,10.17,23,41.4
4887,301532,600.0,Indian Rupees(Rs.),7.2,3.3,Orange,Average,3.0 - 3.9 (Moderate),23,10.49,23,82.8
4888,18336529,500.0,Indian Rupees(Rs.),6.0,3.3,Orange,Average,3.0 - 3.9 (Moderate),12,8.46,12,36.0
4889,301530,550.0,Indian Rupees(Rs.),6.6,3.1,Orange,Average,3.0 - 3.9 (Moderate),20,9.44,20,66.0
4890,18317975,200.0,Indian Rupees(Rs.),2.4,3.3,Orange,Average,3.0 - 3.9 (Moderate),7,6.86,7,8.4
4891,18469935,450.0,Indian Rupees(Rs.),5.4,3.2,Orange,Average,3.0 - 3.9 (Moderate),11,7.95,11,29.7
4892,300874,450.0,Indian Rupees(Rs.),5.4,2.8,Orange,Average,< 3.0 (Low),13,7.39,20,54.0
4893,18357561,100.0,Indian Rupees(Rs.),1.2,0.0,White,Not rated,Unrated,0,0.0,0,0.0
4894,18445793,300.0,Indian Rupees(Rs.),3.6,0.0,White,Not rated,Unrated,0,0.0,0,0.0
4895,18458348,300.0,Indian Rupees(Rs.),3.6,0.0,White,Not rated,Unrated,0,0.0,0,0.0
4896,18449646,250.0,Indian Rupees(Rs.),3.0,0.0,White,Not rated,Unrated,0,0.0,0,0.0
4897,18445784,700.0,Indian Rupees(Rs.),8.4,0.0,White,Not rated,Unrated,0,0.0,0,0.0
4898,18378861,400.0,Indian Rupees(Rs.),4.8,0.0,White,Not rated,Unrated,0,0.0,0,0.0
4899,301677,400.0,Indian Rupees(Rs.),4.8,4.2,Green,Very Good,4.0 - 4.4 (High),762,27.88,762,1828.8
4900,8537,250.0,Indian Rupees(Rs.),3.0,2.8,Orange,Average,< 3.0 (Low),8,6.15,8,12.0
4901,18268367,400.0,Indian Rupees(Rs.),4.8,2.6,Orange,Average,< 3.0 (Low),5,4.66,8,19.2
4902,18244534,250.0,Indian Rupees(Rs.),3.0,3.3,Orange,Average,3.0 - 3.9 (Moderate),13,8.71,13,19.5
4903,8517,400.0,Indian Rupees(Rs.),4.8,3.1,Orange,Average,3.0 - 3.9 (Moderate),24,9.98,24,57.6
4904,310653,500.0,Indian Rupees(Rs.),6.0,3.1,Orange,Average,3.0 - 3.9 (Moderate),18,9.13,27,81.0
4905,312479,350.0,Indian Rupees(Rs.),4.2,2.9,Orange,Average,< 3.0 (Low),13,7.65,13,27.3
4906,18222593,500.0,Indian Rupees(Rs.),6.0,2.8,Orange,Average,< 3.0 (Low),14,7.58,14,42.0
4907,2012,250.0,Indian Rupees(Rs.),3.0,3.0,Orange,Average,3.0 - 3.9 (Moderate),74,12.95,74,111.0
4908,6265,450.0,Indian Rupees(Rs.),5.4,2.7,Orange,Average,< 3.0 (Low),18,7.95,18,48.6
4909,9829,450.0,Indian Rupees(Rs.),5.4,2.8,Orange,Average,< 3.0 (Low),14,7.58,14,37.8
4910,311949,200.0,Indian Rupees(Rs.),2.4,3.0,Orange,Average,3.0 - 3.9 (Moderate),7,6.24,7,8.4
4911,18421027,200.0,Indian Rupees(Rs.),2.4,3.2,Orange,Average,3.0 - 3.9 (Moderate),15,8.87,15,18.0
4912,304957,200.0,Indian Rupees(Rs.),2.4,2.8,Orange,Average,< 3.0 (Low),9,6.45,9,10.8
4913,305948,100.0,Indian Rupees(Rs.),1.2,3.1,Orange,Average,3.0 - 3.9 (Moderate),8,6.81,8,4.8
4914,306113,150.0,Indian Rupees(Rs.),1.8,3.0,Orange,Average,3.0 - 3.9 (Moderate),11,7.45,11,9.9
4915,305987,250.0,Indian Rupees(Rs.),3.0,3.4,Orange,Average,3.0 - 3.9 (Moderate),17,9.83,26,39.0
4916,4935,250.0,Indian Rupees(Rs.),3.0,2.9,Orange,Average,< 3.0 (Low),11,7.21,11,16.5
4917,313265,700.0,Indian Rupees(Rs.),8.4,2.6,Orange,Average,< 3.0 (Low),46,10.01,46,193.2
4918,18414470,600.0,Indian Rupees(Rs.),7.2,2.6,Orange,Average,< 3.0 (Low),10,6.23,15,54.0
4919,18377903,250.0,Indian Rupees(Rs.),3.0,3.2,Orange,Average,3.0 - 3.9 (Moderate),4,5.15,6,9.0
4920,300729,200.0,Indian Rupees(Rs.),2.4,3.4,Orange,Average,3.0 - 3.9 (Moderate),188,17.82,282,338.4
4921,9850,200.0,Indian Rupees(Rs.),2.4,3.0,Orange,Average,3.0 - 3.9 (Moderate),9,6.91,9,10.8
4922,4939,500.0,Indian Rupees(Rs.),6.0,2.6,Orange,Average,< 3.0 (Low),8,5.71,12,36.0
4923,18416369,400.0,Indian Rupees(Rs.),4.8,3.1,Orange,Average,3.0 - 3.9 (Moderate),7,6.45,7,16.8
4924,311194,500.0,Indian Rupees(Rs.),6.0,2.7,Orange,Average,< 3.0 (Low),64,11.27,96,288.0
4925,1205,400.0,Indian Rupees(Rs.),4.8,3.3,Orange,Average,3.0 - 3.9 (Moderate),61,13.62,61,146.4
4926,305949,300.0,Indian Rupees(Rs.),3.6,3.0,Orange,Average,3.0 - 3.9 (Moderate),13,7.92,13,23.4
4927,18400760,600.0,Indian Rupees(Rs.),7.2,2.9,Orange,Average,< 3.0 (Low),7,6.03,7,25.2
4928,18372696,900.0,Indian Rupees(Rs.),10.8,3.4,Orange,Average,3.0 - 3.9 (Moderate),31,11.78,46,248.4
4929,9849,300.0,Indian Rupees(Rs.),3.6,3.0,Orange,Average,3.0 - 3.9 (Moderate),8,6.59,12,21.6
4930,305298,200.0,Indian Rupees(Rs.),2.4,2.8,Orange,Average,< 3.0 (Low),8,6.15,8,9.6
4931,18451584,500.0,Indian Rupees(Rs.),6.0,2.9,Orange,Average,< 3.0 (Low),17,8.38,26,78.0
4932,18291212,400.0,Indian Rupees(Rs.),4.8,2.8,Orange,Average,< 3.0 (Low),34,9.95,34,81.6
4933,6072,300.0,Indian Rupees(Rs.),3.6,3.3,Orange,Average,3.0 - 3.9 (Moderate),29,11.22,29,52.2
4934,308253,350.0,Indian Rupees(Rs.),4.2,3.1,Orange,Average,3.0 - 3.9 (Moderate),21,9.58,21,44.1
4935,18354257,200.0,Indian Rupees(Rs.),2.4,2.8,Orange,Average,< 3.0 (Low),7,5.82,10,12.0
4936,6095,500.0,Indian Rupees(Rs.),6.0,2.7,Orange,Average,< 3.0 (Low),25,8.8,25,75.0
4937,305942,300.0,Indian Rupees(Rs.),3.6,3.4,Orange,Average,3.0 - 3.9 (Moderate),31,11.78,31,55.8
4938,18208895,350.0,Indian Rupees(Rs.),4.2,3.0,Orange,Average,3.0 - 3.9 (Moderate),10,7.19,10,21.0
4939,309190,300.0,Indian Rupees(Rs.),3.6,3.2,Orange,Average,3.0 - 3.9 (Moderate),23,10.17,34,61.2
4940,18472702,350.0,Indian Rupees(Rs.),4.2,3.1,Orange,Average,3.0 - 3.9 (Moderate),7,6.45,7,14.7
4941,311331,250.0,Indian Rupees(Rs.),3.0,3.1,Orange,Average,3.0 - 3.9 (Moderate),13,8.18,13,19.5
4942,18418242,250.0,Indian Rupees(Rs.),3.0,3.1,Orange,Average,3.0 - 3.9 (Moderate),10,7.43,10,15.0
4943,18365372,600.0,Indian Rupees(Rs.),7.2,3.5,Yellow,Good,3.0 - 3.9 (Moderate),22,10.97,33,118.8
4944,18415367,500.0,Indian Rupees(Rs.),6.0,3.5,Yellow,Good,3.0 - 3.9 (Moderate),66,14.72,99,297.0
4945,18382755,200.0,Indian Rupees(Rs.),2.4,3.8,Yellow,Good,3.0 - 3.9 (Moderate),70,16.2,70,84.0
4946,312385,600.0,Indian Rupees(Rs.),7.2,3.8,Yellow,Good,3.0 - 3.9 (Moderate),270,21.29,405,1458.0
4947,18345730,800.0,Indian Rupees(Rs.),9.6,3.7,Yellow,Good,3.0 - 3.9 (Moderate),40,13.74,60,288.0
4948,312639,500.0,Indian Rupees(Rs.),6.0,3.5,Yellow,Good,3.0 - 3.9 (Moderate),54,14.03,54,162.0
4949,18381652,500.0,Indian Rupees(Rs.),6.0,0.0,White,Not rated,Unrated,3,0.0,3,9.0
4950,18440186,250.0,Indian Rupees(Rs.),3.0,0.0,White,Not rated,Unrated,0,0.0,0,0.0
4951,18421464,350.0,Indian Rupees(Rs.),4.2,0.0,White,Not rated,Unrated,0,0.0,0,0.0
4952,18440394,350.0,Indian Rupees(Rs.),4.2,0.0,White,Not rated,Unrated,0,0.0,0,0.0
4953,18441680,300.0,Indian Rupees(Rs.),3.6,0.0,White,Not rated,Unrated,0,0.0,0,0.0
4954,6122,800.0,Indian Rupees(Rs.),9.6,2.4,Red,Poor,< 3.0 (Low),41,8.97,62,297.6
4955,584,400.0,Indian Rupees(Rs.),4.8,2.1,Red,Poor,< 3.0 (Low),121,10.09,182,436.8
4956,4725,500.0,Indian Rupees(Rs.),6.0,2.2,Red,Poor,< 3.0 (Low),120,10.55,180,540.0
4957,18070486,800.0,Indian Rupees(Rs.),9.6,4.1,Green,Very Good,4.0 - 4.4 (High),675,26.72,1012,4857.6
4958,3943,2000.0,Indian Rupees(Rs.),24.0,3.3,Orange,Average,3.0 - 3.9 (Moderate),20,10.05,20,240.0
4959,3246,5000.0,Indian Rupees(Rs.),60.0,3.5,Yellow,Good,3.0 - 3.9 (Moderate),114,16.61,114,3420.0
4960,4380,2000.0,Indian Rupees(Rs.),24.0,3.9,Yellow,Good,3.0 - 3.9 (Moderate),90,17.59,90,1080.0
4961,6600,3000.0,Indian Rupees(Rs.),36.0,3.5,Yellow,Good,3.0 - 3.9 (Moderate),39,12.91,39,702.0
4962,3937,4500.0,Indian Rupees(Rs.),54.0,3.8,Yellow,Good,3.0 - 3.9 (Moderate),273,21.33,273,7371.0
4963,3235,4500.0,Indian Rupees(Rs.),54.0,4.0,Green,Very Good,4.0 - 4.4 (High),189,20.99,189,5103.0
4964,306815,1000.0,Indian Rupees(Rs.),12.0,3.5,Yellow,Good,3.0 - 3.9 (Moderate),26,11.54,26,156.0
4965,5869,600.0,Indian Rupees(Rs.),7.2,2.5,Orange,Average,< 3.0 (Low),66,10.51,66,237.6
4966,18273623,650.0,Indian Rupees(Rs.),7.8,3.1,Orange,Average,3.0 - 3.9 (Moderate),15,8.6,15,58.5
4967,2997,650.0,Indian Rupees(Rs.),7.8,3.1,Orange,Average,3.0 - 3.9 (Moderate),81,13.66,81,315.9
4968,3371,400.0,Indian Rupees(Rs.),4.8,3.3,Orange,Average,3.0 - 3.9 (Moderate),205,17.58,205,492.0
4969,3003,1000.0,Indian Rupees(Rs.),12.0,3.1,Orange,Average,3.0 - 3.9 (Moderate),54,12.42,54,324.0
4970,3004,700.0,Indian Rupees(Rs.),8.4,2.5,Orange,Average,< 3.0 (Low),81,11.02,81,340.2
4971,3744,650.0,Indian Rupees(Rs.),7.8,3.2,Orange,Average,3.0 - 3.9 (Moderate),67,13.5,100,390.0
4972,9996,150.0,Indian Rupees(Rs.),1.8,2.9,Orange,Average,< 3.0 (Low),8,6.37,8,7.2
4973,2999,1000.0,Indian Rupees(Rs.),12.0,2.6,Orange,Average,< 3.0 (Low),72,11.16,108,648.0
4974,9929,250.0,Indian Rupees(Rs.),3.0,3.4,Orange,Average,3.0 - 3.9 (Moderate),51,13.43,51,76.5
4975,3002,700.0,Indian Rupees(Rs.),8.4,3.2,Orange,Average,3.0 - 3.9 (Moderate),75,13.86,112,470.4
4976,5899,250.0,Indian Rupees(Rs.),3.0,2.7,Orange,Average,< 3.0 (Low),27,9.0,27,40.5
4977,2995,200.0,Indian Rupees(Rs.),2.4,3.2,Orange,Average,3.0 - 3.9 (Moderate),15,8.87,15,18.0
4978,9316,400.0,Indian Rupees(Rs.),4.8,2.6,Orange,Average,< 3.0 (Low),32,9.09,32,76.8
4979,311766,1500.0,Indian Rupees(Rs.),18.0,3.0,Orange,Average,3.0 - 3.9 (Moderate),7,6.24,7,63.0
4980,3493,450.0,Indian Rupees(Rs.),5.4,2.9,Orange,Average,< 3.0 (Low),49,11.34,49,132.3
4981,18027962,400.0,Indian Rupees(Rs.),4.8,3.1,Orange,Average,3.0 - 3.9 (Moderate),12,7.95,12,28.8
4982,1407,500.0,Indian Rupees(Rs.),6.0,2.6,Orange,Average,< 3.0 (Low),26,8.57,26,78.0
4983,1917,250.0,Indian Rupees(Rs.),3.0,3.3,Orange,Average,3.0 - 3.9 (Moderate),25,10.75,25,37.5
4984,3497,350.0,Indian Rupees(Rs.),4.2,2.9,Orange,Average,< 3.0 (Low),12,7.44,12,25.2
4985,3494,850.0,Indian Rupees(Rs.),10.2,2.5,Orange,Average,< 3.0 (Low),55,10.06,55,280.5
4986,18222557,1000.0,Indian Rupees(Rs.),12.0,3.2,Orange,Average,3.0 - 3.9 (Moderate),18,9.42,18,108.0
4987,1397,700.0,Indian Rupees(Rs.),8.4,3.4,Orange,Average,3.0 - 3.9 (Moderate),98,15.62,147,617.4
4988,18346857,200.0,Indian Rupees(Rs.),2.4,3.1,Orange,Average,3.0 - 3.9 (Moderate),8,6.81,8,9.6
4989,6222,350.0,Indian Rupees(Rs.),4.2,2.9,Orange,Average,< 3.0 (Low),6,5.64,6,12.6
4990,5727,400.0,Indian Rupees(Rs.),4.8,2.7,Orange,Average,< 3.0 (Low),10,6.47,10,24.0
4991,776,700.0,Indian Rupees(Rs.),8.4,3.3,Orange,Average,3.0 - 3.9 (Moderate),171,16.99,256,1075.2
4992,305604,500.0,Indian Rupees(Rs.),6.0,3.2,Orange,Average,3.0 - 3.9 (Moderate),66,13.46,99,297.0
4993,18391309,600.0,Indian Rupees(Rs.),7.2,3.1,Orange,Average,3.0 - 3.9 (Moderate),11,7.7,11,39.6
4994,18255171,2200.0,Indian Rupees(Rs.),26.4,3.1,Orange,Average,3.0 - 3.9 (Moderate),10,7.43,10,132.0
4995,313280,300.0,Indian Rupees(Rs.),3.6,3.6,Yellow,Good,3.0 - 3.9 (Moderate),26,11.87,26,46.8
4996,18279453,500.0,Indian Rupees(Rs.),6.0,3.5,Yellow,Good,3.0 - 3.9 (Moderate),14,9.48,14,42.0
4997,9315,400.0,Indian Rupees(Rs.),4.8,3.8,Yellow,Good,3.0 - 3.9 (Moderate),330,22.05,495,1188.0
4998,18438416,1000.0,Indian Rupees(Rs.),12.0,3.8,Yellow,Good,3.0 - 3.9 (Moderate),25,12.38,38,228.0
4999,303753,2000.0,Indian Rupees(Rs.),24.0,3.7,Yellow,Good,3.0 - 3.9 (Moderate),393,22.11,590,7080.0
5000,7515,300.0,Indian Rupees(Rs.),3.6,3.9,Yellow,Good,3.0 - 3.9 (Moderate),200,20.68,300,540.0
5001,308195,1800.0,Indian Rupees(Rs.),21.6,3.5,Yellow,Good,3.0 - 3.9 (Moderate),148,17.51,222,2397.6
5002,306088,600.0,Indian Rupees(Rs.),7.2,3.8,Yellow,Good,3.0 - 3.9 (Moderate),202,20.19,202,727.2
5003,307223,300.0,Indian Rupees(Rs.),3.6,3.6,Yellow,Good,3.0 - 3.9 (Moderate),58,14.68,58,104.4
5004,18472648,1000.0,Indian Rupees(Rs.),12.0,0.0,White,Not rated,Unrated,2,0.0,2,12.0
5005,658,450.0,Indian Rupees(Rs.),5.4,2.3,Red,Poor,< 3.0 (Low),52,9.13,52,140.4
5006,304931,2900.0,Indian Rupees(Rs.),34.8,4.1,Green,Very Good,4.0 - 4.4 (High),665,26.66,665,11571.0
5007,18277165,2100.0,Indian Rupees(Rs.),25.2,4.1,Green,Very Good,4.0 - 4.4 (High),278,23.09,278,3502.8
5008,1819,1000.0,Indian Rupees(Rs.),12.0,4.1,Green,Very Good,4.0 - 4.4 (High),3495,33.45,3495,20970.0
5009,6203,500.0,Indian Rupees(Rs.),6.0,2.8,Orange,Average,< 3.0 (Low),8,6.15,8,24.0
5010,5840,450.0,Indian Rupees(Rs.),5.4,3.0,Orange,Average,3.0 - 3.9 (Moderate),63,12.48,63,170.1
5011,307695,400.0,Indian Rupees(Rs.),4.8,3.3,Orange,Average,3.0 - 3.9 (Moderate),13,8.71,13,31.2
5012,307693,500.0,Indian Rupees(Rs.),6.0,2.7,Orange,Average,< 3.0 (Low),19,8.09,19,57.0
5013,301654,700.0,Indian Rupees(Rs.),8.4,3.1,Orange,Average,3.0 - 3.9 (Moderate),55,12.48,55,231.0
5014,307696,550.0,Indian Rupees(Rs.),6.6,3.1,Orange,Average,3.0 - 3.9 (Moderate),53,12.37,53,174.9
5015,6202,300.0,Indian Rupees(Rs.),3.6,2.9,Orange,Average,< 3.0 (Low),13,7.65,13,23.4
5016,300888,150.0,Indian Rupees(Rs.),1.8,2.9,Orange,Average,< 3.0 (Low),7,6.03,7,6.3
5017,307694,500.0,Indian Rupees(Rs.),6.0,3.2,Orange,Average,3.0 - 3.9 (Moderate),19,9.59,19,57.0
5018,311470,2000.0,Indian Rupees(Rs.),24.0,3.7,Yellow,Good,3.0 - 3.9 (Moderate),131,18.07,131,1572.0
5019,307692,200.0,Indian Rupees(Rs.),2.4,3.6,Yellow,Good,3.0 - 3.9 (Moderate),25,11.73,25,30.0
5020,4924,1000.0,Indian Rupees(Rs.),12.0,3.8,Yellow,Good,3.0 - 3.9 (Moderate),194,20.04,194,1164.0
5021,302742,450.0,Indian Rupees(Rs.),5.4,3.7,Yellow,Good,3.0 - 3.9 (Moderate),162,18.85,162,437.4
5022,18471330,400.0,Indian Rupees(Rs.),4.8,0.0,White,Not rated,Unrated,1,0.0,1,2.4
5023,6269,250.0,Indian Rupees(Rs.),3.0,0.0,White,Not rated,Unrated,2,0.0,2,3.0
5024,18423145,400.0,Indian Rupees(Rs.),4.8,0.0,White,Not rated,Unrated,0,0.0,0,0.0
5025,18444040,300.0,Indian Rupees(Rs.),3.6,0.0,White,Not rated,Unrated,0,0.0,0,0.0
5026,18391691,300.0,Indian Rupees(Rs.),3.6,0.0,White,Not rated,Unrated,2,0.0,2,3.6
5027,1188,2600.0,Indian Rupees(Rs.),31.2,4.2,Green,Very Good,4.0 - 4.4 (High),2549,32.94,3824,59654.4
5028,7353,400.0,Indian Rupees(Rs.),4.8,2.7,Orange,Average,< 3.0 (Low),11,6.71,11,26.4
5029,7365,200.0,Indian Rupees(Rs.),2.4,2.9,Orange,Average,< 3.0 (Low),5,5.2,5,6.0
5030,303851,1000.0,Indian Rupees(Rs.),12.0,2.9,Orange,Average,< 3.0 (Low),7,6.03,7,42.0
5031,9097,200.0,Indian Rupees(Rs.),2.4,2.7,Orange,Average,< 3.0 (Low),14,7.31,14,16.8
5032,7317,600.0,Indian Rupees(Rs.),7.2,2.9,Orange,Average,< 3.0 (Low),6,5.64,6,21.6
5033,311067,550.0,Indian Rupees(Rs.),6.6,3.0,Orange,Average,3.0 - 3.9 (Moderate),5,5.38,5,16.5
5034,305201,300.0,Indian Rupees(Rs.),3.6,3.2,Orange,Average,3.0 - 3.9 (Moderate),17,9.25,17,30.6
5035,18312458,600.0,Indian Rupees(Rs.),7.2,2.5,Orange,Average,< 3.0 (Low),6,4.86,9,32.4
5036,7332,600.0,Indian Rupees(Rs.),7.2,3.1,Orange,Average,3.0 - 3.9 (Moderate),16,8.78,16,57.6
5037,305180,400.0,Indian Rupees(Rs.),4.8,3.1,Orange,Average,3.0 - 3.9 (Moderate),12,7.95,12,28.8
5038,4312,600.0,Indian Rupees(Rs.),7.2,2.9,Orange,Average,< 3.0 (Low),11,7.21,11,39.6
5039,18356811,700.0,Indian Rupees(Rs.),8.4,3.1,Orange,Average,3.0 - 3.9 (Moderate),6,6.03,6,25.2
5040,7315,950.0,Indian Rupees(Rs.),11.4,2.8,Orange,Average,< 3.0 (Low),17,8.09,17,96.9
5041,9145,800.0,Indian Rupees(Rs.),9.6,3.0,Orange,Average,3.0 - 3.9 (Moderate),22,9.41,22,105.6
5042,18025111,550.0,Indian Rupees(Rs.),6.6,3.0,Orange,Average,3.0 - 3.9 (Moderate),5,5.38,5,16.5
5043,303958,500.0,Indian Rupees(Rs.),6.0,3.1,Orange,Average,3.0 - 3.9 (Moderate),8,6.81,8,24.0
5044,4311,900.0,Indian Rupees(Rs.),10.8,2.8,Orange,Average,< 3.0 (Low),10,6.71,10,54.0
5045,7309,500.0,Indian Rupees(Rs.),6.0,2.9,Orange,Average,< 3.0 (Low),15,8.04,15,45.0
5046,7307,900.0,Indian Rupees(Rs.),10.8,2.9,Orange,Average,< 3.0 (Low),6,5.64,6,32.4
5047,4315,300.0,Indian Rupees(Rs.),3.6,2.8,Orange,Average,< 3.0 (Low),5,5.02,5,9.0
5048,305151,550.0,Indian Rupees(Rs.),6.6,2.9,Orange,Average,< 3.0 (Low),5,5.2,5,16.5
5049,7366,1000.0,Indian Rupees(Rs.),12.0,3.1,Orange,Average,3.0 - 3.9 (Moderate),16,8.78,16,96.0
5050,9141,200.0,Indian Rupees(Rs.),2.4,2.9,Orange,Average,< 3.0 (Low),5,5.2,5,6.0
5051,18333396,450.0,Indian Rupees(Rs.),5.4,2.9,Orange,Average,< 3.0 (Low),6,5.64,6,16.2
5052,7363,700.0,Indian Rupees(Rs.),8.4,3.9,Yellow,Good,3.0 - 3.9 (Moderate),23,12.39,23,96.6
5053,305181,150.0,Indian Rupees(Rs.),1.8,0.0,White,Not rated,Unrated,0,0.0,0,0.0
5054,18403469,500.0,Indian Rupees(Rs.),6.0,0.0,White,Not rated,Unrated,0,0.0,0,0.0
5055,18416845,350.0,Indian Rupees(Rs.),4.2,0.0,White,Not rated,Unrated,0,0.0,0,0.0
5056,302475,150.0,Indian Rupees(Rs.),1.8,0.0,White,Not rated,Unrated,1,0.0,1,0.9
5057,18489805,200.0,Indian Rupees(Rs.),2.4,0.0,White,Not rated,Unrated,1,0.0,1,1.2
5058,302473,250.0,Indian Rupees(Rs.),3.0,0.0,White,Not rated,Unrated,0,0.0,0,0.0
5059,18361932,600.0,Indian Rupees(Rs.),7.2,0.0,White,Not rated,Unrated,0,0.0,0,0.0
5060,18414467,100.0,Indian Rupees(Rs.),1.2,0.0,White,Not rated,Unrated,0,0.0,0,0.0
5061,18358665,1000.0,Indian Rupees(Rs.),12.0,0.0,White,Not rated,Unrated,0,0.0,0,0.0
5062,18427203,600.0,Indian Rupees(Rs.),7.2,0.0,White,Not rated,Unrated,0,0.0,0,0.0
5063,18358663,150.0,Indian Rupees(Rs.),1.8,0.0,White,Not rated,Unrated,0,0.0,0,0.0
5064,18489807,300.0,Indian Rupees(Rs.),3.6,0.0,White,Not rated,Unrated,0,0.0,0,0.0
5065,305183,300.0,Indian Rupees(Rs.),3.6,0.0,White,Not rated,Unrated,2,0.0,2,3.6
5066,305153,650.0,Indian Rupees(Rs.),7.8,0.0,White,Not rated,Unrated,0,0.0,0,0.0
5067,18372674,600.0,Indian Rupees(Rs.),7.2,0.0,White,Not rated,Unrated,2,0.0,2,7.2
5068,18356797,300.0,Indian Rupees(Rs.),3.6,0.0,White,Not rated,Unrated,1,0.0,1,1.8
5069,18414511,350.0,Indian Rupees(Rs.),4.2,0.0,White,Not rated,Unrated,0,0.0,0,0.0
5070,18408033,150.0,Indian Rupees(Rs.),1.8,0.0,White,Not rated,Unrated,0,0.0,0,0.0
5071,18358661,350.0,Indian Rupees(Rs.),4.2,0.0,White,Not rated,Unrated,0,0.0,0,0.0
5072,18180072,100.0,Indian Rupees(Rs.),1.2,0.0,White,Not rated,Unrated,0,0.0,0,0.0
5073,18311961,400.0,Indian Rupees(Rs.),4.8,0.0,White,Not rated,Unrated,3,0.0,3,7.2
5074,18416830,450.0,Indian Rupees(Rs.),5.4,0.0,White,Not rated,Unrated,3,0.0,3,8.1
5075,18357534,350.0,Indian Rupees(Rs.),4.2,0.0,White,Not rated,Unrated,0,0.0,0,0.0
5076,18356819,250.0,Indian Rupees(Rs.),3.0,0.0,White,Not rated,Unrated,0,0.0,0,0.0
5077,18356795,500.0,Indian Rupees(Rs.),6.0,0.0,White,Not rated,Unrated,1,0.0,1,3.0
5078,18357529,250.0,Indian Rupees(Rs.),3.0,0.0,White,Not rated,Unrated,2,0.0,2,3.0
5079,311666,500.0,Indian Rupees(Rs.),6.0,0.0,White,Not rated,Unrated,0,0.0,0,0.0
5080,18357541,300.0,Indian Rupees(Rs.),3.6,0.0,White,Not rated,Unrated,0,0.0,0,0.0
5081,312970,300.0,Indian Rupees(Rs.),3.6,0.0,White,Not rated,Unrated,0,0.0,0,0.0
5082,305190,150.0,Indian Rupees(Rs.),1.8,0.0,White,Not rated,Unrated,2,0.0,2,1.8
5083,303149,500.0,Indian Rupees(Rs.),6.0,0.0,White,Not rated,Unrated,1,0.0,1,3.0
5084,18168164,250.0,Indian Rupees(Rs.),3.0,0.0,White,Not rated,Unrated,2,0.0,2,3.0
5085,18489540,450.0,Indian Rupees(Rs.),5.4,0.0,White,Not rated,Unrated,1,0.0,1,2.7
5086,18268344,500.0,Indian Rupees(Rs.),6.0,0.0,White,Not rated,Unrated,1,0.0,1,3.0
5087,309219,450.0,Indian Rupees(Rs.),5.4,0.0,White,Not rated,Unrated,2,0.0,2,5.4
5088,9129,300.0,Indian Rupees(Rs.),3.6,0.0,White,Not rated,Unrated,1,0.0,1,1.8
5089,18358657,300.0,Indian Rupees(Rs.),3.6,0.0,White,Not rated,Unrated,1,0.0,1,1.8
5090,312972,250.0,Indian Rupees(Rs.),3.0,0.0,White,Not rated,Unrated,2,0.0,2,3.0
5091,18415377,150.0,Indian Rupees(Rs.),1.8,0.0,White,Not rated,Unrated,0,0.0,0,0.0
5092,18489534,250.0,Indian Rupees(Rs.),3.0,0.0,White,Not rated,Unrated,0,0.0,0,0.0
5093,18313112,1000.0,Indian Rupees(Rs.),12.0,0.0,White,Not rated,Unrated,0,0.0,0,0.0
5094,18416842,350.0,Indian Rupees(Rs.),4.2,0.0,White,Not rated,Unrated,0,0.0,0,0.0
5095,7362,200.0,Indian Rupees(Rs.),2.4,0.0,White,Not rated,Unrated,0,0.0,0,0.0
5096,305189,150.0,Indian Rupees(Rs.),1.8,0.0,White,Not rated,Unrated,1,0.0,1,0.9
5097,3286,2000.0,Indian Rupees(Rs.),24.0,2.7,Orange,Average,< 3.0 (Low),17,7.8,17,204.0
5098,4374,3200.0,Indian Rupees(Rs.),38.4,3.4,Orange,Average,3.0 - 3.9 (Moderate),39,12.54,39,748.8
5099,4373,3000.0,Indian Rupees(Rs.),36.0,3.3,Orange,Average,3.0 - 3.9 (Moderate),57,13.4,57,1026.0
5100,18232577,500.0,Indian Rupees(Rs.),6.0,3.0,Orange,Average,3.0 - 3.9 (Moderate),8,6.59,8,24.0
5101,18317502,500.0,Indian Rupees(Rs.),6.0,3.2,Orange,Average,3.0 - 3.9 (Moderate),13,8.44,13,39.0
5102,18410770,450.0,Indian Rupees(Rs.),5.4,3.1,Orange,Average,3.0 - 3.9 (Moderate),7,6.45,7,18.9
5103,18303701,450.0,Indian Rupees(Rs.),5.4,3.1,Orange,Average,3.0 - 3.9 (Moderate),8,6.81,8,21.6
5104,18272391,300.0,Indian Rupees(Rs.),3.6,0.0,White,Not rated,Unrated,0,0.0,0,0.0
5105,18422748,400.0,Indian Rupees(Rs.),4.8,0.0,White,Not rated,Unrated,1,0.0,1,2.4
5106,18424643,400.0,Indian Rupees(Rs.),4.8,0.0,White,Not rated,Unrated,0,0.0,0,0.0
5107,18481209,600.0,Indian Rupees(Rs.),7.2,0.0,White,Not rated,Unrated,0,0.0,0,0.0
5108,304280,400.0,Indian Rupees(Rs.),4.8,0.0,White,Not rated,Unrated,3,0.0,3,7.2
5109,18272389,500.0,Indian Rupees(Rs.),6.0,0.0,White,Not rated,Unrated,0,0.0,0,0.0
5110,18261164,550.0,Indian Rupees(Rs.),6.6,0.0,White,Not rated,Unrated,0,0.0,0,0.0
5111,18391757,250.0,Indian Rupees(Rs.),3.0,0.0,White,Not rated,Unrated,0,0.0,0,0.0
5112,18273526,300.0,Indian Rupees(Rs.),3.6,0.0,White,Not rated,Unrated,0,0.0,0,0.0
5113,309101,400.0,Indian Rupees(Rs.),4.8,0.0,White,Not rated,Unrated,0,0.0,0,0.0
5114,18446419,300.0,Indian Rupees(Rs.),3.6,0.0,White,Not rated,Unrated,0,0.0,0,0.0
5115,18424639,300.0,Indian Rupees(Rs.),3.6,0.0,White,Not rated,Unrated,0,0.0,0,0.0
5116,18446411,300.0,Indian Rupees(Rs.),3.6,0.0,White,Not rated,Unrated,0,0.0,0,0.0
5117,18424646,300.0,Indian Rupees(Rs.),3.6,0.0,White,Not rated,Unrated,0,0.0,0,0.0
5118,18261162,600.0,Indian Rupees(Rs.),7.2,0.0,White,Not rated,Unrated,1,0.0,1,3.6
5119,18273530,400.0,Indian Rupees(Rs.),4.8,0.0,White,Not rated,Unrated,0,0.0,0,0.0
5120,18446424,300.0,Indian Rupees(Rs.),3.6,0.0,White,Not rated,Unrated,0,0.0,0,0.0
5121,18272385,450.0,Indian Rupees(Rs.),5.4,0.0,White,Not rated,Unrated,3,0.0,3,8.1
5122,18424635,500.0,Indian Rupees(Rs.),6.0,0.0,White,Not rated,Unrated,0,0.0,0,0.0
5123,18272376,350.0,Indian Rupees(Rs.),4.2,0.0,White,Not rated,Unrated,0,0.0,0,0.0
5124,18368943,600.0,Indian Rupees(Rs.),7.2,0.0,White,Not rated,Unrated,1,0.0,1,3.6
5125,308286,700.0,Indian Rupees(Rs.),8.4,3.2,Orange,Average,3.0 - 3.9 (Moderate),93,14.54,140,588.0
5126,18261723,400.0,Indian Rupees(Rs.),4.8,3.3,Orange,Average,3.0 - 3.9 (Moderate),78,14.42,78,187.2
5127,18463424,450.0,Indian Rupees(Rs.),5.4,3.1,Orange,Average,3.0 - 3.9 (Moderate),7,6.45,7,18.9
5128,650,450.0,Indian Rupees(Rs.),5.4,2.5,Orange,Average,< 3.0 (Low),52,9.93,52,140.4
5129,1037,1550.0,Indian Rupees(Rs.),18.6,3.3,Orange,Average,3.0 - 3.9 (Moderate),191,17.35,286,2659.8
5130,6377,500.0,Indian Rupees(Rs.),6.0,3.4,Orange,Average,3.0 - 3.9 (Moderate),75,14.72,75,225.0
5131,311609,350.0,Indian Rupees(Rs.),4.2,3.3,Orange,Average,3.0 - 3.9 (Moderate),51,13.04,51,107.1
5132,18175252,650.0,Indian Rupees(Rs.),7.8,3.3,Orange,Average,3.0 - 3.9 (Moderate),35,11.83,52,202.8
5133,309448,800.0,Indian Rupees(Rs.),9.6,3.4,Orange,Average,3.0 - 3.9 (Moderate),297,19.37,446,2140.8
5134,2863,800.0,Indian Rupees(Rs.),9.6,3.2,Orange,Average,3.0 - 3.9 (Moderate),245,17.62,245,1176.0
5135,5135,650.0,Indian Rupees(Rs.),7.8,2.7,Orange,Average,< 3.0 (Low),68,11.43,102,397.8
5136,300828,500.0,Indian Rupees(Rs.),6.0,3.3,Orange,Average,3.0 - 3.9 (Moderate),105,15.39,105,315.0
5137,18238307,200.0,Indian Rupees(Rs.),2.4,3.4,Orange,Average,3.0 - 3.9 (Moderate),45,13.02,68,81.6
5138,1040,800.0,Indian Rupees(Rs.),9.6,3.0,Orange,Average,3.0 - 3.9 (Moderate),183,15.64,274,1315.2
5139,18285199,200.0,Indian Rupees(Rs.),2.4,3.0,Orange,Average,3.0 - 3.9 (Moderate),15,8.32,15,18.0
5140,303423,400.0,Indian Rupees(Rs.),4.8,2.8,Orange,Average,< 3.0 (Low),75,12.13,112,268.8
5141,18354972,400.0,Indian Rupees(Rs.),4.8,3.2,Orange,Average,3.0 - 3.9 (Moderate),17,9.25,26,62.4
5142,18332076,300.0,Indian Rupees(Rs.),3.6,3.3,Orange,Average,3.0 - 3.9 (Moderate),20,10.05,30,54.0
5143,1406,300.0,Indian Rupees(Rs.),3.6,3.4,Orange,Average,3.0 - 3.9 (Moderate),214,18.26,214,385.2
5144,308444,600.0,Indian Rupees(Rs.),7.2,2.6,Orange,Average,< 3.0 (Low),146,12.98,219,788.4
5145,309452,250.0,Indian Rupees(Rs.),3.0,3.4,Orange,Average,3.0 - 3.9 (Moderate),103,15.79,154,231.0
5146,310312,550.0,Indian Rupees(Rs.),6.6,3.3,Orange,Average,3.0 - 3.9 (Moderate),250,18.23,375,1237.5
5147,305162,800.0,Indian Rupees(Rs.),9.6,3.4,Orange,Average,3.0 - 3.9 (Moderate),50,13.37,75,360.0
5148,18471299,400.0,Indian Rupees(Rs.),4.8,3.2,Orange,Average,3.0 - 3.9 (Moderate),14,8.67,14,33.6
5149,4855,800.0,Indian Rupees(Rs.),9.6,2.8,Orange,Average,< 3.0 (Low),120,13.43,180,864.0
5150,18272382,700.0,Indian Rupees(Rs.),8.4,3.0,Orange,Average,3.0 - 3.9 (Moderate),34,10.67,51,214.2
5151,313398,150.0,Indian Rupees(Rs.),1.8,3.3,Orange,Average,3.0 - 3.9 (Moderate),62,13.67,93,83.7
5152,307746,500.0,Indian Rupees(Rs.),6.0,3.4,Orange,Average,3.0 - 3.9 (Moderate),218,18.32,327,981.0
5153,3043,800.0,Indian Rupees(Rs.),9.6,3.4,Orange,Average,3.0 - 3.9 (Moderate),217,18.31,326,1564.8
5154,301190,500.0,Indian Rupees(Rs.),6.0,2.8,Orange,Average,< 3.0 (Low),183,14.6,274,822.0
5155,18233599,850.0,Indian Rupees(Rs.),10.2,3.4,Orange,Average,3.0 - 3.9 (Moderate),155,17.17,232,1183.2
5156,1036,800.0,Indian Rupees(Rs.),9.6,2.8,Orange,Average,< 3.0 (Low),198,14.82,297,1425.6
5157,310665,600.0,Indian Rupees(Rs.),7.2,3.4,Orange,Average,3.0 - 3.9 (Moderate),485,21.03,728,2620.8
5158,18322671,600.0,Indian Rupees(Rs.),7.2,3.2,Orange,Average,3.0 - 3.9 (Moderate),134,15.7,201,723.6
5159,18353692,350.0,Indian Rupees(Rs.),4.2,3.3,Orange,Average,3.0 - 3.9 (Moderate),37,12.0,56,117.6
5160,18365877,600.0,Indian Rupees(Rs.),7.2,3.6,Yellow,Good,3.0 - 3.9 (Moderate),61,14.86,92,331.2
5161,310848,900.0,Indian Rupees(Rs.),10.8,3.5,Yellow,Good,3.0 - 3.9 (Moderate),226,18.99,339,1830.6
5162,18398602,500.0,Indian Rupees(Rs.),6.0,3.9,Yellow,Good,3.0 - 3.9 (Moderate),100,18.0,150,450.0
5163,18376472,1000.0,Indian Rupees(Rs.),12.0,3.9,Yellow,Good,3.0 - 3.9 (Moderate),113,18.47,170,1020.0
5164,18455531,850.0,Indian Rupees(Rs.),10.2,3.9,Yellow,Good,3.0 - 3.9 (Moderate),50,15.33,75,382.5
5165,18208912,650.0,Indian Rupees(Rs.),7.8,3.8,Yellow,Good,3.0 - 3.9 (Moderate),306,21.76,459,1790.1
5166,2586,750.0,Indian Rupees(Rs.),9.0,3.5,Yellow,Good,3.0 - 3.9 (Moderate),361,20.62,542,2439.0
5167,301722,600.0,Indian Rupees(Rs.),7.2,3.6,Yellow,Good,3.0 - 3.9 (Moderate),290,20.42,435,1566.0
5168,18285729,800.0,Indian Rupees(Rs.),9.6,3.7,Yellow,Good,3.0 - 3.9 (Moderate),93,16.81,140,672.0
5169,305526,400.0,Indian Rupees(Rs.),4.8,3.7,Yellow,Good,3.0 - 3.9 (Moderate),370,21.89,555,1332.0
5170,18357542,700.0,Indian Rupees(Rs.),8.4,3.8,Yellow,Good,3.0 - 3.9 (Moderate),55,15.3,82,344.4
5171,18291199,600.0,Indian Rupees(Rs.),7.2,3.7,Yellow,Good,3.0 - 3.9 (Moderate),132,18.09,198,712.8
5172,5726,400.0,Indian Rupees(Rs.),4.8,3.7,Yellow,Good,3.0 - 3.9 (Moderate),145,18.44,218,523.2
5173,302922,250.0,Indian Rupees(Rs.),3.0,3.8,Yellow,Good,3.0 - 3.9 (Moderate),45,14.55,45,67.5
5174,7658,350.0,Indian Rupees(Rs.),4.2,3.5,Yellow,Good,3.0 - 3.9 (Moderate),52,13.9,52,109.2
5175,18286490,500.0,Indian Rupees(Rs.),6.0,3.7,Yellow,Good,3.0 - 3.9 (Moderate),99,17.04,148,444.0
5176,7654,150.0,Indian Rupees(Rs.),1.8,3.6,Yellow,Good,3.0 - 3.9 (Moderate),82,15.91,82,73.8
5177,18254534,850.0,Indian Rupees(Rs.),10.2,3.5,Yellow,Good,3.0 - 3.9 (Moderate),99,16.12,148,754.8
5178,9100,100.0,Indian Rupees(Rs.),1.2,3.6,Yellow,Good,3.0 - 3.9 (Moderate),114,17.08,114,68.4
5179,6475,650.0,Indian Rupees(Rs.),7.8,3.6,Yellow,Good,3.0 - 3.9 (Moderate),427,21.81,427,1665.3
5180,300302,600.0,Indian Rupees(Rs.),7.2,3.7,Yellow,Good,3.0 - 3.9 (Moderate),408,22.25,408,1468.8
5181,304302,700.0,Indian Rupees(Rs.),8.4,3.5,Yellow,Good,3.0 - 3.9 (Moderate),60,14.39,90,378.0
5182,306166,700.0,Indian Rupees(Rs.),8.4,3.6,Yellow,Good,3.0 - 3.9 (Moderate),412,21.68,618,2595.6
5183,18345755,1500.0,Indian Rupees(Rs.),18.0,3.9,Yellow,Good,3.0 - 3.9 (Moderate),38,14.29,38,342.0
5184,9751,450.0,Indian Rupees(Rs.),5.4,3.7,Yellow,Good,3.0 - 3.9 (Moderate),137,18.23,137,369.9
5185,2867,700.0,Indian Rupees(Rs.),8.4,3.5,Yellow,Good,3.0 - 3.9 (Moderate),259,19.46,388,1629.6
5186,8346,1500.0,Indian Rupees(Rs.),18.0,3.6,Yellow,Good,3.0 - 3.9 (Moderate),148,18.01,222,1998.0
5187,305871,850.0,Indian Rupees(Rs.),10.2,3.6,Yellow,Good,3.0 - 3.9 (Moderate),268,20.14,402,2050.2
5188,18425151,400.0,Indian Rupees(Rs.),4.8,3.9,Yellow,Good,3.0 - 3.9 (Moderate),91,17.63,136,326.4
5189,998,1500.0,Indian Rupees(Rs.),18.0,3.5,Yellow,Good,3.0 - 3.9 (Moderate),104,16.29,156,1404.0
5190,452,1500.0,Indian Rupees(Rs.),18.0,3.5,Yellow,Good,3.0 - 3.9 (Moderate),168,17.95,168,1512.0
5191,18163892,1000.0,Indian Rupees(Rs.),12.0,3.6,Yellow,Good,3.0 - 3.9 (Moderate),305,20.6,458,2748.0
5192,18432219,650.0,Indian Rupees(Rs.),7.8,3.8,Yellow,Good,3.0 - 3.9 (Moderate),75,16.46,112,436.8
5193,18458339,950.0,Indian Rupees(Rs.),11.4,3.7,Yellow,Good,3.0 - 3.9 (Moderate),41,13.83,62,353.4
5194,18375421,800.0,Indian Rupees(Rs.),9.6,3.5,Yellow,Good,3.0 - 3.9 (Moderate),34,12.44,51,244.8
5195,209,700.0,Indian Rupees(Rs.),8.4,2.3,Red,Poor,< 3.0 (Low),185,12.02,185,777.0
5196,18428394,450.0,Indian Rupees(Rs.),5.4,2.3,Red,Poor,< 3.0 (Low),18,6.77,27,72.9
5197,1030,550.0,Indian Rupees(Rs.),6.6,2.4,Red,Poor,< 3.0 (Low),137,11.83,206,679.8
5198,7661,400.0,Indian Rupees(Rs.),4.8,2.0,Red,Poor,< 3.0 (Low),84,8.89,126,302.4
5199,6179,600.0,Indian Rupees(Rs.),7.2,2.2,Red,Poor,< 3.0 (Low),182,11.46,273,982.8
5200,18446475,700.0,Indian Rupees(Rs.),8.4,4.4,Green,Very Good,4.0 - 4.4 (High),84,19.55,126,529.2
5201,311161,300.0,Indian Rupees(Rs.),3.6,4.0,Green,Very Good,4.0 - 4.4 (High),308,22.93,462,831.6
5202,313206,900.0,Indian Rupees(Rs.),10.8,4.0,Green,Very Good,4.0 - 4.4 (High),153,20.15,230,1242.0
5203,18334452,500.0,Indian Rupees(Rs.),6.0,4.0,Green,Very Good,4.0 - 4.4 (High),244,22.01,366,1098.0
5204,18253111,700.0,Indian Rupees(Rs.),8.4,4.1,Green,Very Good,4.0 - 4.4 (High),84,18.21,126,529.2
5205,18219545,800.0,Indian Rupees(Rs.),9.6,4.0,Green,Very Good,4.0 - 4.4 (High),255,22.18,382,1833.6
5206,18348970,300.0,Indian Rupees(Rs.),3.6,4.3,Green,Very Good,4.0 - 4.4 (High),126,20.83,189,340.2
5207,18334465,1000.0,Indian Rupees(Rs.),12.0,4.0,Green,Very Good,4.0 - 4.4 (High),53,15.96,80,480.0
5208,18272370,250.0,Indian Rupees(Rs.),3.0,4.1,Green,Very Good,4.0 - 4.4 (High),135,20.14,202,303.0
5209,311846,300.0,Indian Rupees(Rs.),3.6,3.2,Orange,Average,3.0 - 3.9 (Moderate),10,7.67,10,18.0
5210,311432,300.0,Indian Rupees(Rs.),3.6,3.3,Orange,Average,3.0 - 3.9 (Moderate),47,12.77,47,84.6
5211,304972,100.0,Indian Rupees(Rs.),1.2,0.0,White,Not rated,Unrated,1,0.0,1,0.6
5212,18356812,600.0,Indian Rupees(Rs.),7.2,0.0,White,Not rated,Unrated,2,0.0,2,7.2
5213,18294392,300.0,Indian Rupees(Rs.),3.6,0.0,White,Not rated,Unrated,2,0.0,2,3.6
5214,308489,500.0,Indian Rupees(Rs.),6.0,0.0,White,Not rated,Unrated,2,0.0,2,6.0
5215,313175,1200.0,Indian Rupees(Rs.),14.4,4.2,Green,Very Good,4.0 - 4.4 (High),278,23.65,417,3002.4
5216,301842,300.0,Indian Rupees(Rs.),3.6,3.2,Orange,Average,3.0 - 3.9 (Moderate),20,9.74,20,36.0
5217,311378,350.0,Indian Rupees(Rs.),4.2,2.7,Orange,Average,< 3.0 (Low),7,5.61,10,21.0
5218,301830,350.0,Indian Rupees(Rs.),4.2,3.0,Orange,Average,3.0 - 3.9 (Moderate),6,5.84,6,12.6
5219,18323144,400.0,Indian Rupees(Rs.),4.8,3.2,Orange,Average,3.0 - 3.9 (Moderate),13,8.44,13,31.2
5220,311377,300.0,Indian Rupees(Rs.),3.6,3.1,Orange,Average,3.0 - 3.9 (Moderate),14,8.39,14,25.2
5221,301848,150.0,Indian Rupees(Rs.),1.8,2.9,Orange,Average,< 3.0 (Low),18,8.54,18,16.2
5222,307998,250.0,Indian Rupees(Rs.),3.0,3.0,Orange,Average,3.0 - 3.9 (Moderate),6,5.84,6,9.0
5223,5940,450.0,Indian Rupees(Rs.),5.4,3.1,Orange,Average,3.0 - 3.9 (Moderate),7,6.45,7,18.9
5224,301826,350.0,Indian Rupees(Rs.),4.2,3.1,Orange,Average,3.0 - 3.9 (Moderate),10,7.43,10,21.0
5225,312923,700.0,Indian Rupees(Rs.),8.4,3.2,Orange,Average,3.0 - 3.9 (Moderate),21,9.89,21,88.2
5226,301817,350.0,Indian Rupees(Rs.),4.2,3.5,Yellow,Good,3.0 - 3.9 (Moderate),25,11.4,25,52.5
5227,301820,600.0,Indian Rupees(Rs.),7.2,3.5,Yellow,Good,3.0 - 3.9 (Moderate),24,11.27,36,129.6
5228,18460315,300.0,Indian Rupees(Rs.),3.6,0.0,White,Not rated,Unrated,3,0.0,3,5.4
5229,301809,200.0,Indian Rupees(Rs.),2.4,0.0,White,Not rated,Unrated,3,0.0,3,3.6
5230,18368012,450.0,Indian Rupees(Rs.),5.4,0.0,White,Not rated,Unrated,2,0.0,2,5.4
5231,18429423,300.0,Indian Rupees(Rs.),3.6,2.6,Orange,Average,< 3.0 (Low),4,4.18,6,10.8
5232,6180,450.0,Indian Rupees(Rs.),5.4,3.2,Orange,Average,3.0 - 3.9 (Moderate),19,9.59,19,51.3
5233,301108,150.0,Indian Rupees(Rs.),1.8,2.9,Orange,Average,< 3.0 (Low),5,5.2,5,4.5
5234,8105,150.0,Indian Rupees(Rs.),1.8,2.9,Orange,Average,< 3.0 (Low),7,6.03,7,6.3
5235,313185,350.0,Indian Rupees(Rs.),4.2,2.8,Orange,Average,< 3.0 (Low),7,5.82,10,21.0
5236,8109,300.0,Indian Rupees(Rs.),3.6,2.9,Orange,Average,< 3.0 (Low),4,4.67,4,7.2
5237,304267,150.0,Indian Rupees(Rs.),1.8,2.7,Orange,Average,< 3.0 (Low),20,8.22,20,18.0
5238,313351,300.0,Indian Rupees(Rs.),3.6,3.1,Orange,Average,3.0 - 3.9 (Moderate),13,8.18,20,36.0
5239,309227,1100.0,Indian Rupees(Rs.),13.2,3.2,Orange,Average,3.0 - 3.9 (Moderate),51,12.64,76,501.6
5240,18285695,500.0,Indian Rupees(Rs.),6.0,2.7,Orange,Average,< 3.0 (Low),14,7.31,14,42.0
5241,18146358,250.0,Indian Rupees(Rs.),3.0,3.0,Orange,Average,3.0 - 3.9 (Moderate),8,6.59,8,12.0
5242,312715,750.0,Indian Rupees(Rs.),9.0,2.7,Orange,Average,< 3.0 (Low),29,9.18,29,130.5
5243,311245,300.0,Indian Rupees(Rs.),3.6,2.7,Orange,Average,< 3.0 (Low),11,6.71,16,28.8
5244,6173,350.0,Indian Rupees(Rs.),4.2,2.7,Orange,Average,< 3.0 (Low),28,9.09,28,58.8
5245,301353,150.0,Indian Rupees(Rs.),1.8,2.6,Orange,Average,< 3.0 (Low),25,8.47,25,22.5
5246,300957,650.0,Indian Rupees(Rs.),7.8,3.2,Orange,Average,3.0 - 3.9 (Moderate),86,14.29,86,335.4
5247,312703,200.0,Indian Rupees(Rs.),2.4,2.9,Orange,Average,< 3.0 (Low),6,5.64,6,7.2
5248,6183,500.0,Indian Rupees(Rs.),6.0,2.7,Orange,Average,< 3.0 (Low),33,9.52,33,99.0
5249,301037,200.0,Indian Rupees(Rs.),2.4,3.1,Orange,Average,3.0 - 3.9 (Moderate),34,11.02,34,40.8
5250,8069,100.0,Indian Rupees(Rs.),1.2,3.0,Orange,Average,3.0 - 3.9 (Moderate),8,6.59,8,4.8
5251,306107,900.0,Indian Rupees(Rs.),10.8,3.1,Orange,Average,3.0 - 3.9 (Moderate),77,13.51,116,626.4
5252,308359,350.0,Indian Rupees(Rs.),4.2,3.2,Orange,Average,3.0 - 3.9 (Moderate),24,10.3,24,50.4
5253,18260604,250.0,Indian Rupees(Rs.),3.0,2.7,Orange,Average,< 3.0 (Low),14,7.31,14,21.0
5254,6185,500.0,Indian Rupees(Rs.),6.0,2.7,Orange,Average,< 3.0 (Low),46,10.4,46,138.0
5255,304259,350.0,Indian Rupees(Rs.),4.2,2.6,Orange,Average,< 3.0 (Low),61,10.73,61,128.1
5256,300959,650.0,Indian Rupees(Rs.),7.8,2.7,Orange,Average,< 3.0 (Low),60,11.1,90,351.0
5257,18238249,400.0,Indian Rupees(Rs.),4.8,3.0,Orange,Average,3.0 - 3.9 (Moderate),20,9.13,30,72.0
5258,309346,300.0,Indian Rupees(Rs.),3.6,3.3,Orange,Average,3.0 - 3.9 (Moderate),45,12.63,45,81.0
5259,307306,300.0,Indian Rupees(Rs.),3.6,2.8,Orange,Average,< 3.0 (Low),8,6.15,12,21.6
5260,18203881,500.0,Indian Rupees(Rs.),6.0,3.3,Orange,Average,3.0 - 3.9 (Moderate),21,10.2,32,96.0
5261,18138441,250.0,Indian Rupees(Rs.),3.0,2.9,Orange,Average,< 3.0 (Low),5,5.2,5,7.5
5262,8531,100.0,Indian Rupees(Rs.),1.2,3.0,Orange,Average,3.0 - 3.9 (Moderate),22,9.41,22,13.2
5263,18267785,500.0,Indian Rupees(Rs.),6.0,2.7,Orange,Average,< 3.0 (Low),5,4.84,8,24.0
5264,8110,250.0,Indian Rupees(Rs.),3.0,2.9,Orange,Average,< 3.0 (Low),5,5.2,5,7.5
5265,18281964,400.0,Indian Rupees(Rs.),4.8,3.0,Orange,Average,3.0 - 3.9 (Moderate),4,4.83,4,9.6
5266,2932,600.0,Indian Rupees(Rs.),7.2,2.6,Orange,Average,< 3.0 (Low),53,10.37,80,288.0
5267,6182,400.0,Indian Rupees(Rs.),4.8,2.8,Orange,Average,< 3.0 (Low),11,6.96,11,26.4
5268,18324529,350.0,Indian Rupees(Rs.),4.2,3.3,Orange,Average,3.0 - 3.9 (Moderate),58,13.46,87,182.7
5269,308237,350.0,Indian Rupees(Rs.),4.2,2.8,Orange,Average,< 3.0 (Low),15,7.76,22,46.2
5270,311894,300.0,Indian Rupees(Rs.),3.6,3.1,Orange,Average,3.0 - 3.9 (Moderate),26,10.22,26,46.8
5271,300960,200.0,Indian Rupees(Rs.),2.4,3.0,Orange,Average,3.0 - 3.9 (Moderate),18,8.83,18,21.6
5272,308222,600.0,Indian Rupees(Rs.),7.2,2.8,Orange,Average,< 3.0 (Low),49,10.95,49,176.4
5273,18258510,400.0,Indian Rupees(Rs.),4.8,3.1,Orange,Average,3.0 - 3.9 (Moderate),7,6.45,7,16.8
5274,308526,250.0,Indian Rupees(Rs.),3.0,3.1,Orange,Average,3.0 - 3.9 (Moderate),7,6.45,7,10.5
5275,301118,600.0,Indian Rupees(Rs.),7.2,3.2,Orange,Average,3.0 - 3.9 (Moderate),23,10.17,34,122.4
5276,309551,400.0,Indian Rupees(Rs.),4.8,3.1,Orange,Average,3.0 - 3.9 (Moderate),53,12.37,80,192.0
5277,9736,2000.0,Indian Rupees(Rs.),24.0,3.1,Orange,Average,3.0 - 3.9 (Moderate),80,13.62,80,960.0
5278,18022625,550.0,Indian Rupees(Rs.),6.6,3.4,Orange,Average,3.0 - 3.9 (Moderate),33,11.99,50,165.0
5279,18420679,150.0,Indian Rupees(Rs.),1.8,3.7,Yellow,Good,3.0 - 3.9 (Moderate),39,13.65,39,35.1
5280,301361,500.0,Indian Rupees(Rs.),6.0,3.6,Yellow,Good,3.0 - 3.9 (Moderate),165,18.4,248,744.0
5281,312991,250.0,Indian Rupees(Rs.),3.0,3.7,Yellow,Good,3.0 - 3.9 (Moderate),72,15.87,72,108.0
5282,18277153,500.0,Indian Rupees(Rs.),6.0,3.7,Yellow,Good,3.0 - 3.9 (Moderate),49,14.47,74,222.0
5283,18273548,550.0,Indian Rupees(Rs.),6.6,3.7,Yellow,Good,3.0 - 3.9 (Moderate),57,15.02,57,188.1
5284,18399818,300.0,Indian Rupees(Rs.),3.6,3.7,Yellow,Good,3.0 - 3.9 (Moderate),65,15.5,98,176.4
5285,8062,150.0,Indian Rupees(Rs.),1.8,0.0,White,Not rated,Unrated,1,0.0,1,0.9
5286,304254,200.0,Indian Rupees(Rs.),2.4,0.0,White,Not rated,Unrated,2,0.0,2,2.4
5287,18469823,300.0,Indian Rupees(Rs.),3.6,0.0,White,Not rated,Unrated,0,0.0,0,0.0
5288,18057803,300.0,Indian Rupees(Rs.),3.6,0.0,White,Not rated,Unrated,0,0.0,0,0.0
5289,18208900,250.0,Indian Rupees(Rs.),3.0,0.0,White,Not rated,Unrated,2,0.0,2,3.0
5290,18420694,500.0,Indian Rupees(Rs.),6.0,0.0,White,Not rated,Unrated,1,0.0,1,3.0
5291,18438463,200.0,Indian Rupees(Rs.),2.4,0.0,White,Not rated,Unrated,0,0.0,0,0.0
5292,18317329,400.0,Indian Rupees(Rs.),4.8,0.0,White,Not rated,Unrated,0,0.0,0,0.0
5293,18442896,150.0,Indian Rupees(Rs.),1.8,0.0,White,Not rated,Unrated,0,0.0,0,0.0
5294,18494989,200.0,Indian Rupees(Rs.),2.4,0.0,White,Not rated,Unrated,0,0.0,0,0.0
5295,18432170,400.0,Indian Rupees(Rs.),4.8,0.0,White,Not rated,Unrated,1,0.0,1,2.4
5296,18489526,300.0,Indian Rupees(Rs.),3.6,0.0,White,Not rated,Unrated,0,0.0,0,0.0
5297,18375372,250.0,Indian Rupees(Rs.),3.0,0.0,White,Not rated,Unrated,1,0.0,1,1.5
5298,8108,450.0,Indian Rupees(Rs.),5.4,0.0,White,Not rated,Unrated,3,0.0,3,8.1
5299,6237,600.0,Indian Rupees(Rs.),7.2,0.0,White,Not rated,Unrated,2,0.0,2,7.2
5300,311993,200.0,Indian Rupees(Rs.),2.4,0.0,White,Not rated,Unrated,2,0.0,2,2.4
5301,18479003,550.0,Indian Rupees(Rs.),6.6,0.0,White,Not rated,Unrated,0,0.0,0,0.0
5302,18472612,200.0,Indian Rupees(Rs.),2.4,0.0,White,Not rated,Unrated,0,0.0,0,0.0
5303,18357972,300.0,Indian Rupees(Rs.),3.6,0.0,White,Not rated,Unrated,0,0.0,0,0.0
5304,18375388,300.0,Indian Rupees(Rs.),3.6,0.0,White,Not rated,Unrated,3,0.0,3,5.4
5305,18292453,200.0,Indian Rupees(Rs.),2.4,0.0,White,Not rated,Unrated,0,0.0,0,0.0
5306,18421494,150.0,Indian Rupees(Rs.),1.8,0.0,White,Not rated,Unrated,0,0.0,0,0.0
5307,8033,100.0,Indian Rupees(Rs.),1.2,0.0,White,Not rated,Unrated,0,0.0,0,0.0
5308,18360957,300.0,Indian Rupees(Rs.),3.6,0.0,White,Not rated,Unrated,0,0.0,0,0.0
5309,18281993,200.0,Indian Rupees(Rs.),2.4,0.0,White,Not rated,Unrated,1,0.0,1,1.2
5310,18282003,150.0,Indian Rupees(Rs.),1.8,0.0,White,Not rated,Unrated,3,0.0,3,2.7
5311,18421492,300.0,Indian Rupees(Rs.),3.6,0.0,White,Not rated,Unrated,0,0.0,0,0.0
5312,6190,450.0,Indian Rupees(Rs.),5.4,2.4,Red,Poor,< 3.0 (Low),49,9.39,49,132.3
5313,2017,500.0,Indian Rupees(Rs.),6.0,2.4,Red,Poor,< 3.0 (Low),76,10.43,114,342.0
5314,308812,300.0,Indian Rupees(Rs.),3.6,2.4,Red,Poor,< 3.0 (Low),36,8.67,54,97.2
5315,308848,100.0,Indian Rupees(Rs.),1.2,3.1,Orange,Average,3.0 - 3.9 (Moderate),12,7.95,12,7.2
5316,301056,100.0,Indian Rupees(Rs.),1.2,2.8,Orange,Average,< 3.0 (Low),14,7.58,14,8.4
5317,301692,300.0,Indian Rupees(Rs.),3.6,3.3,Orange,Average,3.0 - 3.9 (Moderate),48,12.84,72,129.6
5318,18265707,350.0,Indian Rupees(Rs.),4.2,3.2,Orange,Average,3.0 - 3.9 (Moderate),12,8.21,12,25.2
5319,18368006,300.0,Indian Rupees(Rs.),3.6,2.9,Orange,Average,< 3.0 (Low),4,4.67,4,7.2
5320,18225277,300.0,Indian Rupees(Rs.),3.6,3.0,Orange,Average,3.0 - 3.9 (Moderate),7,6.24,7,12.6
5321,2936,500.0,Indian Rupees(Rs.),6.0,2.7,Orange,Average,< 3.0 (Low),49,10.56,74,222.0
5322,18291201,300.0,Indian Rupees(Rs.),3.6,3.0,Orange,Average,3.0 - 3.9 (Moderate),5,5.38,5,9.0
5323,3854,500.0,Indian Rupees(Rs.),6.0,2.5,Orange,Average,< 3.0 (Low),25,8.15,38,114.0
5324,308831,250.0,Indian Rupees(Rs.),3.0,2.8,Orange,Average,< 3.0 (Low),11,6.96,11,16.5
5325,301062,250.0,Indian Rupees(Rs.),3.0,3.2,Orange,Average,3.0 - 3.9 (Moderate),44,12.18,44,66.0
5326,5186,250.0,Indian Rupees(Rs.),3.0,2.8,Orange,Average,< 3.0 (Low),8,6.15,8,12.0
5327,3851,500.0,Indian Rupees(Rs.),6.0,3.1,Orange,Average,3.0 - 3.9 (Moderate),22,9.72,22,66.0
5328,305357,300.0,Indian Rupees(Rs.),3.6,3.3,Orange,Average,3.0 - 3.9 (Moderate),23,10.49,23,41.4
5329,2019,400.0,Indian Rupees(Rs.),4.8,2.8,Orange,Average,< 3.0 (Low),69,11.9,69,165.6
5330,305370,1000.0,Indian Rupees(Rs.),12.0,2.6,Orange,Average,< 3.0 (Low),94,11.84,141,846.0
5331,301053,400.0,Indian Rupees(Rs.),4.8,3.1,Orange,Average,3.0 - 3.9 (Moderate),81,13.66,122,292.8
5332,308844,150.0,Indian Rupees(Rs.),1.8,3.3,Orange,Average,3.0 - 3.9 (Moderate),16,9.35,16,14.4
5333,308839,50.0,Indian Rupees(Rs.),0.6,3.6,Yellow,Good,3.0 - 3.9 (Moderate),32,12.59,32,9.6
5334,18440191,150.0,Indian Rupees(Rs.),1.8,3.5,Yellow,Good,3.0 - 3.9 (Moderate),16,9.92,16,14.4
5335,18203185,400.0,Indian Rupees(Rs.),4.8,3.7,Yellow,Good,3.0 - 3.9 (Moderate),79,16.21,118,283.2
5336,301047,200.0,Indian Rupees(Rs.),2.4,3.8,Yellow,Good,3.0 - 3.9 (Moderate),94,17.3,94,112.8
5337,312492,500.0,Indian Rupees(Rs.),6.0,3.9,Yellow,Good,3.0 - 3.9 (Moderate),254,21.61,381,1143.0
5338,4672,400.0,Indian Rupees(Rs.),4.8,3.7,Yellow,Good,3.0 - 3.9 (Moderate),410,22.27,615,1476.0
5339,311336,450.0,Indian Rupees(Rs.),5.4,3.6,Yellow,Good,3.0 - 3.9 (Moderate),100,16.61,150,405.0
5340,18379056,300.0,Indian Rupees(Rs.),3.6,0.0,White,Not rated,Unrated,0,0.0,0,0.0
5341,18440185,350.0,Indian Rupees(Rs.),4.2,0.0,White,Not rated,Unrated,3,0.0,3,6.3
5342,18440429,300.0,Indian Rupees(Rs.),3.6,0.0,White,Not rated,Unrated,0,0.0,0,0.0
5343,2942,700.0,Indian Rupees(Rs.),8.4,2.2,Red,Poor,< 3.0 (Low),119,10.53,178,747.6
5344,301103,700.0,Indian Rupees(Rs.),8.4,2.6,Orange,Average,< 3.0 (Low),27,8.66,27,113.4
5345,18292451,450.0,Indian Rupees(Rs.),5.4,3.1,Orange,Average,3.0 - 3.9 (Moderate),5,5.55,5,13.5
5346,9740,900.0,Indian Rupees(Rs.),10.8,3.0,Orange,Average,3.0 - 3.9 (Moderate),25,9.77,25,135.0
5347,301106,300.0,Indian Rupees(Rs.),3.6,2.8,Orange,Average,< 3.0 (Low),4,4.51,4,7.2
5348,6225,300.0,Indian Rupees(Rs.),3.6,3.0,Orange,Average,3.0 - 3.9 (Moderate),24,9.66,24,43.2
5349,301120,400.0,Indian Rupees(Rs.),4.8,3.0,Orange,Average,3.0 - 3.9 (Moderate),30,10.3,30,72.0
5350,307850,400.0,Indian Rupees(Rs.),4.8,2.8,Orange,Average,< 3.0 (Low),19,8.39,19,45.6
5351,18292449,400.0,Indian Rupees(Rs.),4.8,2.6,Orange,Average,< 3.0 (Low),35,9.32,35,84.0
5352,301116,450.0,Indian Rupees(Rs.),5.4,3.3,Orange,Average,3.0 - 3.9 (Moderate),28,11.11,28,75.6
5353,8462,100.0,Indian Rupees(Rs.),1.2,2.7,Orange,Average,< 3.0 (Low),11,6.71,11,6.6
5354,309599,500.0,Indian Rupees(Rs.),6.0,2.7,Orange,Average,< 3.0 (Low),29,9.18,44,132.0
5355,309499,200.0,Indian Rupees(Rs.),2.4,3.0,Orange,Average,3.0 - 3.9 (Moderate),6,5.84,6,7.2
5356,300958,200.0,Indian Rupees(Rs.),2.4,3.0,Orange,Average,3.0 - 3.9 (Moderate),6,5.84,6,7.2
5357,301105,300.0,Indian Rupees(Rs.),3.6,2.9,Orange,Average,< 3.0 (Low),9,6.68,9,16.2
5358,311228,400.0,Indian Rupees(Rs.),4.8,2.9,Orange,Average,< 3.0 (Low),5,5.2,5,12.0
5359,6226,250.0,Indian Rupees(Rs.),3.0,2.8,Orange,Average,< 3.0 (Low),10,6.71,10,15.0
5360,311229,500.0,Indian Rupees(Rs.),6.0,2.9,Orange,Average,< 3.0 (Low),4,4.67,4,12.0
5361,306555,900.0,Indian Rupees(Rs.),10.8,3.3,Orange,Average,3.0 - 3.9 (Moderate),26,10.88,26,140.4
5362,301110,150.0,Indian Rupees(Rs.),1.8,3.0,Orange,Average,3.0 - 3.9 (Moderate),13,7.92,13,11.7
5363,304986,500.0,Indian Rupees(Rs.),6.0,3.5,Yellow,Good,3.0 - 3.9 (Moderate),90,15.79,135,405.0
5364,311256,300.0,Indian Rupees(Rs.),3.6,0.0,White,Not rated,Unrated,3,0.0,3,5.4
5365,307847,100.0,Indian Rupees(Rs.),1.2,0.0,White,Not rated,Unrated,1,0.0,1,0.6
5366,18376492,200.0,Indian Rupees(Rs.),2.4,0.0,White,Not rated,Unrated,2,0.0,2,2.4
5367,6216,300.0,Indian Rupees(Rs.),3.6,0.0,White,Not rated,Unrated,1,0.0,1,1.8
5368,313360,200.0,Indian Rupees(Rs.),2.4,0.0,White,Not rated,Unrated,2,0.0,2,2.4
5369,18490756,300.0,Indian Rupees(Rs.),3.6,0.0,White,Not rated,Unrated,1,0.0,1,1.8
5370,18375376,500.0,Indian Rupees(Rs.),6.0,0.0,White,Not rated,Unrated,3,0.0,3,9.0
5371,18089212,300.0,Indian Rupees(Rs.),3.6,0.0,White,Not rated,Unrated,1,0.0,1,1.8
5372,18375395,300.0,Indian Rupees(Rs.),3.6,0.0,White,Not rated,Unrated,0,0.0,0,0.0
5373,18237719,500.0,Indian Rupees(Rs.),6.0,0.0,White,Not rated,Unrated,1,0.0,1,3.0
5374,18082236,250.0,Indian Rupees(Rs.),3.0,0.0,White,Not rated,Unrated,2,0.0,2,3.0
5375,18375383,500.0,Indian Rupees(Rs.),6.0,0.0,White,Not rated,Unrated,0,0.0,0,0.0
5376,309979,350.0,Indian Rupees(Rs.),4.2,3.0,Orange,Average,3.0 - 3.9 (Moderate),7,6.24,7,14.7
5377,18025093,400.0,Indian Rupees(Rs.),4.8,2.9,Orange,Average,< 3.0 (Low),4,4.67,4,9.6
5378,307990,250.0,Indian Rupees(Rs.),3.0,2.9,Orange,Average,< 3.0 (Low),9,6.68,9,13.5
5379,309517,400.0,Indian Rupees(Rs.),4.8,2.9,Orange,Average,< 3.0 (Low),6,5.64,6,14.4
5380,18489842,500.0,Indian Rupees(Rs.),6.0,0.0,White,Not rated,Unrated,0,0.0,0,0.0
5381,18350159,300.0,Indian Rupees(Rs.),3.6,0.0,White,Not rated,Unrated,1,0.0,1,1.8
5382,18375201,700.0,Indian Rupees(Rs.),8.4,0.0,White,Not rated,Unrated,0,0.0,0,0.0
5383,18025127,250.0,Indian Rupees(Rs.),3.0,0.0,White,Not rated,Unrated,2,0.0,2,3.0
5384,18478990,250.0,Indian Rupees(Rs.),3.0,0.0,White,Not rated,Unrated,0,0.0,0,0.0
5385,18433297,200.0,Indian Rupees(Rs.),2.4,0.0,White,Not rated,Unrated,0,0.0,0,0.0
5386,18472695,200.0,Indian Rupees(Rs.),2.4,0.0,White,Not rated,Unrated,0,0.0,0,0.0
5387,18415339,500.0,Indian Rupees(Rs.),6.0,0.0,White,Not rated,Unrated,3,0.0,3,9.0
5388,311683,400.0,Indian Rupees(Rs.),4.8,0.0,White,Not rated,Unrated,1,0.0,1,2.4
5389,313073,400.0,Indian Rupees(Rs.),4.8,0.0,White,Not rated,Unrated,3,0.0,3,7.2
5390,18415338,200.0,Indian Rupees(Rs.),2.4,0.0,White,Not rated,Unrated,0,0.0,0,0.0
5391,18168122,250.0,Indian Rupees(Rs.),3.0,0.0,White,Not rated,Unrated,0,0.0,0,0.0
5392,18478992,300.0,Indian Rupees(Rs.),3.6,0.0,White,Not rated,Unrated,0,0.0,0,0.0
5393,18168124,250.0,Indian Rupees(Rs.),3.0,0.0,White,Not rated,Unrated,1,0.0,1,1.5
5394,18414506,600.0,Indian Rupees(Rs.),7.2,0.0,White,Not rated,Unrated,1,0.0,1,3.6
5395,18409207,300.0,Indian Rupees(Rs.),3.6,0.0,White,Not rated,Unrated,0,0.0,0,0.0
5396,6341,500.0,Indian Rupees(Rs.),6.0,3.4,Orange,Average,3.0 - 3.9 (Moderate),91,15.37,91,273.0
5397,1951,1000.0,Indian Rupees(Rs.),12.0,3.2,Orange,Average,3.0 - 3.9 (Moderate),151,16.08,226,1356.0
5398,250,1000.0,Indian Rupees(Rs.),12.0,2.8,Orange,Average,< 3.0 (Low),83,12.41,83,498.0
5399,312753,700.0,Indian Rupees(Rs.),8.4,2.9,Orange,Average,< 3.0 (Low),4,4.67,4,16.8
5400,312983,500.0,Indian Rupees(Rs.),6.0,3.0,Orange,Average,3.0 - 3.9 (Moderate),4,4.83,4,12.0
5401,18492029,400.0,Indian Rupees(Rs.),4.8,0.0,White,Not rated,Unrated,0,0.0,0,0.0
5402,18489541,250.0,Indian Rupees(Rs.),3.0,0.0,White,Not rated,Unrated,0,0.0,0,0.0
5403,18486862,300.0,Indian Rupees(Rs.),3.6,0.0,White,Not rated,Unrated,1,0.0,1,1.8
5404,18492025,400.0,Indian Rupees(Rs.),4.8,0.0,White,Not rated,Unrated,0,0.0,0,0.0
5405,18352672,150.0,Indian Rupees(Rs.),1.8,0.0,White,Not rated,Unrated,0,0.0,0,0.0
5406,18489825,200.0,Indian Rupees(Rs.),2.4,0.0,White,Not rated,Unrated,0,0.0,0,0.0
5407,18340302,600.0,Indian Rupees(Rs.),7.2,0.0,White,Not rated,Unrated,0,0.0,0,0.0
5408,18489819,150.0,Indian Rupees(Rs.),1.8,0.0,White,Not rated,Unrated,0,0.0,0,0.0
5409,18175297,350.0,Indian Rupees(Rs.),4.2,0.0,White,Not rated,Unrated,2,0.0,2,4.2
5410,18034037,350.0,Indian Rupees(Rs.),4.2,0.0,White,Not rated,Unrated,0,0.0,0,0.0
5411,18175282,350.0,Indian Rupees(Rs.),4.2,0.0,White,Not rated,Unrated,3,0.0,3,6.3
5412,18489532,200.0,Indian Rupees(Rs.),2.4,0.0,White,Not rated,Unrated,0,0.0,0,0.0
5413,18277178,200.0,Indian Rupees(Rs.),2.4,0.0,White,Not rated,Unrated,1,0.0,1,1.2
5414,18408079,500.0,Indian Rupees(Rs.),6.0,0.0,White,Not rated,Unrated,2,0.0,2,6.0
5415,18232989,200.0,Indian Rupees(Rs.),2.4,0.0,White,Not rated,Unrated,0,0.0,0,0.0
5416,18492033,350.0,Indian Rupees(Rs.),4.2,0.0,White,Not rated,Unrated,0,0.0,0,0.0
5417,18489832,100.0,Indian Rupees(Rs.),1.2,0.0,White,Not rated,Unrated,0,0.0,0,0.0
5418,18467388,1000.0,Indian Rupees(Rs.),12.0,0.0,White,Not rated,Unrated,0,0.0,0,0.0
5419,18175299,200.0,Indian Rupees(Rs.),2.4,0.0,White,Not rated,Unrated,1,0.0,1,1.2
5420,18337908,1200.0,Indian Rupees(Rs.),14.4,0.0,White,Not rated,Unrated,1,0.0,1,7.2
5421,18463608,400.0,Indian Rupees(Rs.),4.8,0.0,White,Not rated,Unrated,2,0.0,2,4.8
5422,18489836,250.0,Indian Rupees(Rs.),3.0,0.0,White,Not rated,Unrated,0,0.0,0,0.0
5423,18277163,250.0,Indian Rupees(Rs.),3.0,0.0,White,Not rated,Unrated,2,0.0,3,4.5
5424,18489545,200.0,Indian Rupees(Rs.),2.4,0.0,White,Not rated,Unrated,0,0.0,0,0.0
5425,18277176,250.0,Indian Rupees(Rs.),3.0,0.0,White,Not rated,Unrated,1,0.0,1,1.5
5426,18175278,250.0,Indian Rupees(Rs.),3.0,0.0,White,Not rated,Unrated,1,0.0,1,1.5
5427,18489808,200.0,Indian Rupees(Rs.),2.4,0.0,White,Not rated,Unrated,2,0.0,2,2.4
5428,18446867,500.0,Indian Rupees(Rs.),6.0,0.0,White,Not rated,Unrated,0,0.0,0,0.0
5429,18486879,200.0,Indian Rupees(Rs.),2.4,0.0,White,Not rated,Unrated,0,0.0,0,0.0
5430,18489852,200.0,Indian Rupees(Rs.),2.4,0.0,White,Not rated,Unrated,0,0.0,0,0.0
5431,18489804,150.0,Indian Rupees(Rs.),1.8,0.0,White,Not rated,Unrated,0,0.0,0,0.0
5432,18489802,350.0,Indian Rupees(Rs.),4.2,0.0,White,Not rated,Unrated,0,0.0,0,0.0
5433,3207,2000.0,Indian Rupees(Rs.),24.0,3.4,Orange,Average,3.0 - 3.9 (Moderate),220,18.35,330,3960.0
5434,4752,2100.0,Indian Rupees(Rs.),25.2,3.4,Orange,Average,3.0 - 3.9 (Moderate),570,21.58,570,7182.0
5435,4830,1100.0,Indian Rupees(Rs.),13.2,3.8,Yellow,Good,3.0 - 3.9 (Moderate),565,24.09,848,5596.8
5436,4341,2200.0,Indian Rupees(Rs.),26.4,3.5,Yellow,Good,3.0 - 3.9 (Moderate),498,21.74,747,9860.4
5437,307237,700.0,Indian Rupees(Rs.),8.4,4.1,Green,Very Good,4.0 - 4.4 (High),92,18.58,92,386.4
5438,18260028,1200.0,Indian Rupees(Rs.),14.4,3.2,Orange,Average,3.0 - 3.9 (Moderate),20,9.74,20,144.0
5439,18317481,2000.0,Indian Rupees(Rs.),24.0,0.0,White,Not rated,Unrated,2,0.0,2,24.0
5440,18317473,1000.0,Indian Rupees(Rs.),12.0,0.0,White,Not rated,Unrated,0,0.0,0,0.0
5441,18317479,2000.0,Indian Rupees(Rs.),24.0,0.0,White,Not rated,Unrated,0,0.0,0,0.0
5442,18317476,2000.0,Indian Rupees(Rs.),24.0,0.0,White,Not rated,Unrated,1,0.0,1,12.0
5443,18317483,1000.0,Indian Rupees(Rs.),12.0,0.0,White,Not rated,Unrated,0,0.0,0,0.0
5444,312576,350.0,Indian Rupees(Rs.),4.2,3.8,Yellow,Good,3.0 - 3.9 (Moderate),727,25.04,1090,2289.0
5445,5347,250.0,Indian Rupees(Rs.),3.0,3.2,Orange,Average,3.0 - 3.9 (Moderate),62,13.26,62,93.0
5446,300945,400.0,Indian Rupees(Rs.),4.8,2.6,Orange,Average,< 3.0 (Low),52,10.32,78,187.2
5447,300934,200.0,Indian Rupees(Rs.),2.4,3.2,Orange,Average,3.0 - 3.9 (Moderate),16,9.07,16,19.2
5448,3223,700.0,Indian Rupees(Rs.),8.4,2.8,Orange,Average,< 3.0 (Low),94,12.75,94,394.8
5449,307554,400.0,Indian Rupees(Rs.),4.8,2.9,Orange,Average,< 3.0 (Low),39,10.7,58,139.2
5450,967,800.0,Indian Rupees(Rs.),9.6,3.3,Orange,Average,3.0 - 3.9 (Moderate),255,18.3,382,1833.6
5451,6196,1200.0,Indian Rupees(Rs.),14.4,2.7,Orange,Average,< 3.0 (Low),47,10.45,47,338.4
5452,18381220,400.0,Indian Rupees(Rs.),4.8,3.1,Orange,Average,3.0 - 3.9 (Moderate),25,10.1,38,91.2
5453,2491,500.0,Indian Rupees(Rs.),6.0,3.1,Orange,Average,3.0 - 3.9 (Moderate),16,8.78,16,48.0
5454,1041,500.0,Indian Rupees(Rs.),6.0,3.1,Orange,Average,3.0 - 3.9 (Moderate),105,14.46,105,315.0
5455,982,700.0,Indian Rupees(Rs.),8.4,3.0,Orange,Average,3.0 - 3.9 (Moderate),12,7.69,12,50.4
5456,18352186,400.0,Indian Rupees(Rs.),4.8,3.1,Orange,Average,3.0 - 3.9 (Moderate),17,8.96,17,40.8
5457,9380,200.0,Indian Rupees(Rs.),2.4,3.3,Orange,Average,3.0 - 3.9 (Moderate),32,11.54,32,38.4
5458,1303,850.0,Indian Rupees(Rs.),10.2,3.4,Orange,Average,3.0 - 3.9 (Moderate),101,15.72,152,775.2
5459,18168462,300.0,Indian Rupees(Rs.),3.6,3.2,Orange,Average,3.0 - 3.9 (Moderate),8,7.03,8,14.4
5460,311734,500.0,Indian Rupees(Rs.),6.0,3.4,Orange,Average,3.0 - 3.9 (Moderate),68,14.4,102,306.0
5461,2291,450.0,Indian Rupees(Rs.),5.4,2.7,Orange,Average,< 3.0 (Low),20,8.22,20,54.0
5462,9427,100.0,Indian Rupees(Rs.),1.2,3.7,Yellow,Good,3.0 - 3.9 (Moderate),78,16.17,78,46.8
5463,5874,300.0,Indian Rupees(Rs.),3.6,3.5,Yellow,Good,3.0 - 3.9 (Moderate),62,14.5,62,111.6
5464,3375,300.0,Indian Rupees(Rs.),3.6,3.7,Yellow,Good,3.0 - 3.9 (Moderate),142,18.36,142,255.6
5465,312353,300.0,Indian Rupees(Rs.),3.6,3.5,Yellow,Good,3.0 - 3.9 (Moderate),41,13.08,41,73.8
5466,180,500.0,Indian Rupees(Rs.),6.0,3.6,Yellow,Good,3.0 - 3.9 (Moderate),122,17.32,183,549.0
5467,18057822,300.0,Indian Rupees(Rs.),3.6,3.5,Yellow,Good,3.0 - 3.9 (Moderate),20,10.66,20,36.0
5468,6607,300.0,Indian Rupees(Rs.),3.6,3.7,Yellow,Good,3.0 - 3.9 (Moderate),128,17.98,128,230.4
5469,18247031,1600.0,Indian Rupees(Rs.),19.2,4.1,Green,Very Good,4.0 - 4.4 (High),155,20.7,232,2227.2
5470,18264447,600.0,Indian Rupees(Rs.),7.2,3.3,Orange,Average,3.0 - 3.9 (Moderate),28,11.11,42,151.2
5471,300911,200.0,Indian Rupees(Rs.),2.4,3.2,Orange,Average,3.0 - 3.9 (Moderate),15,8.87,15,18.0
5472,4090,400.0,Indian Rupees(Rs.),4.8,3.2,Orange,Average,3.0 - 3.9 (Moderate),21,9.89,21,50.4
5473,5729,400.0,Indian Rupees(Rs.),4.8,2.7,Orange,Average,< 3.0 (Low),9,6.22,9,21.6
5474,309704,150.0,Indian Rupees(Rs.),1.8,2.8,Orange,Average,< 3.0 (Low),13,7.39,13,11.7
5475,964,800.0,Indian Rupees(Rs.),9.6,3.3,Orange,Average,3.0 - 3.9 (Moderate),97,15.13,97,465.6
5476,307333,350.0,Indian Rupees(Rs.),4.2,3.5,Yellow,Good,3.0 - 3.9 (Moderate),38,12.82,38,79.8
5477,5765,250.0,Indian Rupees(Rs.),3.0,3.8,Yellow,Good,3.0 - 3.9 (Moderate),234,20.75,234,351.0
5478,18037821,300.0,Indian Rupees(Rs.),3.6,0.0,White,Not rated,Unrated,3,0.0,3,5.4
5479,18400738,1200.0,Indian Rupees(Rs.),14.4,4.3,Green,Very Good,4.0 - 4.4 (High),113,20.37,113,813.6
5480,307730,400.0,Indian Rupees(Rs.),4.8,3.4,Orange,Average,3.0 - 3.9 (Moderate),33,11.99,33,79.2
5481,305251,650.0,Indian Rupees(Rs.),7.8,3.1,Orange,Average,3.0 - 3.9 (Moderate),18,9.13,18,70.2
5482,312087,300.0,Indian Rupees(Rs.),3.6,3.1,Orange,Average,3.0 - 3.9 (Moderate),6,6.03,6,10.8
5483,18070503,500.0,Indian Rupees(Rs.),6.0,2.7,Orange,Average,< 3.0 (Low),31,9.36,31,93.0
5484,18454460,500.0,Indian Rupees(Rs.),6.0,3.3,Orange,Average,3.0 - 3.9 (Moderate),19,9.89,28,84.0
5485,18419902,300.0,Indian Rupees(Rs.),3.6,3.2,Orange,Average,3.0 - 3.9 (Moderate),13,8.44,13,23.4
5486,307356,800.0,Indian Rupees(Rs.),9.6,2.9,Orange,Average,< 3.0 (Low),48,11.29,48,230.4
5487,8580,300.0,Indian Rupees(Rs.),3.6,3.1,Orange,Average,3.0 - 3.9 (Moderate),25,10.1,25,45.0
5488,18324914,400.0,Indian Rupees(Rs.),4.8,3.2,Orange,Average,3.0 - 3.9 (Moderate),13,8.44,13,31.2
5489,300473,700.0,Indian Rupees(Rs.),8.4,3.3,Orange,Average,3.0 - 3.9 (Moderate),79,14.46,79,331.8
5490,306250,600.0,Indian Rupees(Rs.),7.2,3.2,Orange,Average,3.0 - 3.9 (Moderate),32,11.19,32,115.2
5491,18356784,400.0,Indian Rupees(Rs.),4.8,3.3,Orange,Average,3.0 - 3.9 (Moderate),11,8.2,11,26.4
5492,8373,500.0,Indian Rupees(Rs.),6.0,2.6,Orange,Average,< 3.0 (Low),87,11.64,130,390.0
5493,308101,350.0,Indian Rupees(Rs.),4.2,3.3,Orange,Average,3.0 - 3.9 (Moderate),28,11.11,28,58.8
5494,8840,500.0,Indian Rupees(Rs.),6.0,2.6,Orange,Average,< 3.0 (Low),69,11.05,104,312.0
5495,18228870,350.0,Indian Rupees(Rs.),4.2,3.2,Orange,Average,3.0 - 3.9 (Moderate),41,11.96,41,86.1
5496,7066,1100.0,Indian Rupees(Rs.),13.2,3.5,Yellow,Good,3.0 - 3.9 (Moderate),120,16.79,180,1188.0
5497,305479,600.0,Indian Rupees(Rs.),7.2,3.5,Yellow,Good,3.0 - 3.9 (Moderate),107,16.39,107,385.2
5498,8845,400.0,Indian Rupees(Rs.),4.8,3.5,Yellow,Good,3.0 - 3.9 (Moderate),33,12.34,33,79.2
5499,7509,1200.0,Indian Rupees(Rs.),14.4,3.8,Yellow,Good,3.0 - 3.9 (Moderate),371,22.49,371,2671.2
5500,302715,1000.0,Indian Rupees(Rs.),12.0,2.4,Red,Poor,< 3.0 (Low),96,10.98,144,864.0
5501,18241509,400.0,Indian Rupees(Rs.),4.8,4.1,Green,Very Good,4.0 - 4.4 (High),60,16.85,60,144.0
5502,18277003,800.0,Indian Rupees(Rs.),9.6,4.1,Green,Very Good,4.0 - 4.4 (High),137,20.2,206,988.8
5503,7547,700.0,Indian Rupees(Rs.),8.4,2.6,Orange,Average,< 3.0 (Low),34,9.24,51,214.2
5504,301236,250.0,Indian Rupees(Rs.),3.0,2.9,Orange,Average,< 3.0 (Low),22,9.09,22,33.0
5505,18082630,750.0,Indian Rupees(Rs.),9.0,3.3,Orange,Average,3.0 - 3.9 (Moderate),27,11.0,40,180.0
5506,7548,600.0,Indian Rupees(Rs.),7.2,3.6,Yellow,Good,3.0 - 3.9 (Moderate),62,14.92,62,223.2
5507,310419,350.0,Indian Rupees(Rs.),4.2,3.5,Yellow,Good,3.0 - 3.9 (Moderate),57,14.21,86,180.6
5508,4634,300.0,Indian Rupees(Rs.),3.6,3.1,Orange,Average,3.0 - 3.9 (Moderate),15,8.6,15,27.0
5509,18228874,700.0,Indian Rupees(Rs.),8.4,3.1,Orange,Average,3.0 - 3.9 (Moderate),17,8.96,17,71.4
5510,18433904,400.0,Indian Rupees(Rs.),4.8,3.2,Orange,Average,3.0 - 3.9 (Moderate),10,7.67,10,24.0
5511,312145,300.0,Indian Rupees(Rs.),3.6,3.1,Orange,Average,3.0 - 3.9 (Moderate),21,9.58,21,37.8
5512,304585,500.0,Indian Rupees(Rs.),6.0,2.5,Orange,Average,< 3.0 (Low),20,7.61,20,60.0
5513,312916,150.0,Indian Rupees(Rs.),1.8,3.1,Orange,Average,3.0 - 3.9 (Moderate),7,6.45,7,6.3
5514,313006,500.0,Indian Rupees(Rs.),6.0,3.0,Orange,Average,3.0 - 3.9 (Moderate),5,5.38,5,15.0
5515,305861,150.0,Indian Rupees(Rs.),1.8,3.2,Orange,Average,3.0 - 3.9 (Moderate),7,6.65,7,6.3
5516,9026,700.0,Indian Rupees(Rs.),8.4,3.4,Orange,Average,3.0 - 3.9 (Moderate),57,13.81,57,239.4
5517,309178,300.0,Indian Rupees(Rs.),3.6,3.2,Orange,Average,3.0 - 3.9 (Moderate),31,11.09,31,55.8
5518,18249097,600.0,Indian Rupees(Rs.),7.2,3.0,Orange,Average,3.0 - 3.9 (Moderate),6,5.84,6,21.6
5519,308880,550.0,Indian Rupees(Rs.),6.6,2.9,Orange,Average,< 3.0 (Low),8,6.37,8,26.4
5520,18382113,500.0,Indian Rupees(Rs.),6.0,3.0,Orange,Average,3.0 - 3.9 (Moderate),4,4.83,4,12.0
5521,18241861,900.0,Indian Rupees(Rs.),10.8,3.0,Orange,Average,3.0 - 3.9 (Moderate),8,6.59,8,43.2
5522,310162,500.0,Indian Rupees(Rs.),6.0,3.1,Orange,Average,3.0 - 3.9 (Moderate),9,7.14,9,27.0
5523,303589,200.0,Indian Rupees(Rs.),2.4,2.9,Orange,Average,< 3.0 (Low),5,5.2,5,6.0
5524,311459,400.0,Indian Rupees(Rs.),4.8,3.4,Orange,Average,3.0 - 3.9 (Moderate),25,11.08,38,91.2
5525,9053,100.0,Indian Rupees(Rs.),1.2,3.8,Yellow,Good,3.0 - 3.9 (Moderate),85,16.93,128,76.8
5526,312893,500.0,Indian Rupees(Rs.),6.0,3.5,Yellow,Good,3.0 - 3.9 (Moderate),53,13.96,53,159.0
5527,18273640,200.0,Indian Rupees(Rs.),2.4,3.7,Yellow,Good,3.0 - 3.9 (Moderate),39,13.65,58,69.6
5528,308130,150.0,Indian Rupees(Rs.),1.8,3.7,Yellow,Good,3.0 - 3.9 (Moderate),39,13.65,39,35.1
5529,5663,700.0,Indian Rupees(Rs.),8.4,3.6,Yellow,Good,3.0 - 3.9 (Moderate),99,16.58,99,415.8
5530,18247005,400.0,Indian Rupees(Rs.),4.8,3.6,Yellow,Good,3.0 - 3.9 (Moderate),20,10.96,20,48.0
5531,18449827,200.0,Indian Rupees(Rs.),2.4,0.0,White,Not rated,Unrated,0,0.0,0,0.0
5532,18342574,500.0,Indian Rupees(Rs.),6.0,0.0,White,Not rated,Unrated,0,0.0,0,0.0
5533,18391689,250.0,Indian Rupees(Rs.),3.0,0.0,White,Not rated,Unrated,0,0.0,0,0.0
5534,304573,350.0,Indian Rupees(Rs.),4.2,0.0,White,Not rated,Unrated,0,0.0,0,0.0
5535,304586,200.0,Indian Rupees(Rs.),2.4,0.0,White,Not rated,Unrated,2,0.0,2,2.4
5536,18449629,400.0,Indian Rupees(Rs.),4.8,0.0,White,Not rated,Unrated,0,0.0,0,0.0
5537,18451179,300.0,Indian Rupees(Rs.),3.6,0.0,White,Not rated,Unrated,0,0.0,0,0.0
5538,18451158,250.0,Indian Rupees(Rs.),3.0,0.0,White,Not rated,Unrated,0,0.0,0,0.0
5539,18451166,250.0,Indian Rupees(Rs.),3.0,0.0,White,Not rated,Unrated,0,0.0,0,0.0
5540,18238245,500.0,Indian Rupees(Rs.),6.0,0.0,White,Not rated,Unrated,1,0.0,1,3.0
5541,308110,400.0,Indian Rupees(Rs.),4.8,0.0,White,Not rated,Unrated,0,0.0,0,0.0
5542,312213,600.0,Indian Rupees(Rs.),7.2,0.0,White,Not rated,Unrated,3,0.0,3,10.8
5543,18410370,100.0,Indian Rupees(Rs.),1.2,0.0,White,Not rated,Unrated,0,0.0,0,0.0
5544,18236975,500.0,Indian Rupees(Rs.),6.0,0.0,White,Not rated,Unrated,0,0.0,0,0.0
5545,18471517,700.0,Indian Rupees(Rs.),8.4,0.0,White,Not rated,Unrated,1,0.0,1,4.2
5546,304469,100.0,Indian Rupees(Rs.),1.2,0.0,White,Not rated,Unrated,0,0.0,0,0.0
5547,18451144,200.0,Indian Rupees(Rs.),2.4,0.0,White,Not rated,Unrated,0,0.0,0,0.0
5548,4084,200.0,Indian Rupees(Rs.),2.4,2.9,Orange,Average,< 3.0 (Low),4,4.67,4,4.8
5549,310947,100.0,Indian Rupees(Rs.),1.2,3.0,Orange,Average,3.0 - 3.9 (Moderate),5,5.38,5,3.0
5550,310989,200.0,Indian Rupees(Rs.),2.4,2.9,Orange,Average,< 3.0 (Low),5,5.2,5,6.0
5551,18358295,300.0,Indian Rupees(Rs.),3.6,3.0,Orange,Average,3.0 - 3.9 (Moderate),4,4.83,4,7.2
5552,18317756,300.0,Indian Rupees(Rs.),3.6,3.1,Orange,Average,3.0 - 3.9 (Moderate),8,6.81,8,14.4
5553,310936,300.0,Indian Rupees(Rs.),3.6,3.1,Orange,Average,3.0 - 3.9 (Moderate),9,7.14,9,16.2
5554,308796,350.0,Indian Rupees(Rs.),4.2,3.1,Orange,Average,3.0 - 3.9 (Moderate),14,8.39,14,29.4
5555,18460320,200.0,Indian Rupees(Rs.),2.4,3.0,Orange,Average,3.0 - 3.9 (Moderate),6,5.84,6,7.2
5556,18241893,350.0,Indian Rupees(Rs.),4.2,3.0,Orange,Average,3.0 - 3.9 (Moderate),4,4.83,4,8.4
5557,18363053,400.0,Indian Rupees(Rs.),4.8,3.0,Orange,Average,3.0 - 3.9 (Moderate),4,4.83,4,9.6
5558,310997,450.0,Indian Rupees(Rs.),5.4,2.7,Orange,Average,< 3.0 (Low),11,6.71,11,29.7
5559,6629,100.0,Indian Rupees(Rs.),1.2,3.1,Orange,Average,3.0 - 3.9 (Moderate),12,7.95,12,7.2
5560,302685,200.0,Indian Rupees(Rs.),2.4,2.8,Orange,Average,< 3.0 (Low),11,6.96,11,13.2
5561,18241860,250.0,Indian Rupees(Rs.),3.0,3.1,Orange,Average,3.0 - 3.9 (Moderate),7,6.45,7,10.5
5562,2920,200.0,Indian Rupees(Rs.),2.4,3.1,Orange,Average,3.0 - 3.9 (Moderate),10,7.43,10,12.0
5563,18238281,150.0,Indian Rupees(Rs.),1.8,3.1,Orange,Average,3.0 - 3.9 (Moderate),6,6.03,6,5.4
5564,18204485,400.0,Indian Rupees(Rs.),4.8,3.0,Orange,Average,3.0 - 3.9 (Moderate),4,4.83,4,9.6
5565,18126086,500.0,Indian Rupees(Rs.),6.0,3.1,Orange,Average,3.0 - 3.9 (Moderate),8,6.81,8,24.0
5566,9031,100.0,Indian Rupees(Rs.),1.2,3.0,Orange,Average,3.0 - 3.9 (Moderate),14,8.12,14,8.4
5567,18254532,200.0,Indian Rupees(Rs.),2.4,3.0,Orange,Average,3.0 - 3.9 (Moderate),11,7.45,11,13.2
5568,18380219,700.0,Indian Rupees(Rs.),8.4,3.1,Orange,Average,3.0 - 3.9 (Moderate),5,5.55,8,33.6
5569,18258473,250.0,Indian Rupees(Rs.),3.0,2.6,Orange,Average,< 3.0 (Low),6,5.06,9,13.5
5570,303602,400.0,Indian Rupees(Rs.),4.8,2.9,Orange,Average,< 3.0 (Low),11,7.21,11,26.4
5571,18396163,400.0,Indian Rupees(Rs.),4.8,3.5,Yellow,Good,3.0 - 3.9 (Moderate),14,9.48,14,33.6
5572,18485962,100.0,Indian Rupees(Rs.),1.2,0.0,White,Not rated,Unrated,0,0.0,0,0.0
5573,18421485,100.0,Indian Rupees(Rs.),1.2,0.0,White,Not rated,Unrated,0,0.0,0,0.0
5574,18363044,100.0,Indian Rupees(Rs.),1.2,0.0,White,Not rated,Unrated,0,0.0,0,0.0
5575,18424171,300.0,Indian Rupees(Rs.),3.6,0.0,White,Not rated,Unrated,0,0.0,0,0.0
5576,18363051,400.0,Indian Rupees(Rs.),4.8,0.0,White,Not rated,Unrated,1,0.0,1,2.4
5577,18449788,200.0,Indian Rupees(Rs.),2.4,0.0,White,Not rated,Unrated,3,0.0,3,3.6
5578,18466410,50.0,Indian Rupees(Rs.),0.6,0.0,White,Not rated,Unrated,0,0.0,0,0.0
5579,18107851,300.0,Indian Rupees(Rs.),3.6,0.0,White,Not rated,Unrated,1,0.0,1,1.8
5580,18466408,400.0,Indian Rupees(Rs.),4.8,0.0,White,Not rated,Unrated,0,0.0,0,0.0
5581,18466400,300.0,Indian Rupees(Rs.),3.6,0.0,White,Not rated,Unrated,0,0.0,0,0.0
5582,18361765,200.0,Indian Rupees(Rs.),2.4,0.0,White,Not rated,Unrated,0,0.0,0,0.0
5583,18424169,700.0,Indian Rupees(Rs.),8.4,0.0,White,Not rated,Unrated,1,0.0,1,4.2
5584,18449653,100.0,Indian Rupees(Rs.),1.2,0.0,White,Not rated,Unrated,0,0.0,0,0.0
5585,18449786,100.0,Indian Rupees(Rs.),1.2,0.0,White,Not rated,Unrated,0,0.0,0,0.0
5586,18466675,200.0,Indian Rupees(Rs.),2.4,0.0,White,Not rated,Unrated,0,0.0,0,0.0
5587,18449647,300.0,Indian Rupees(Rs.),3.6,0.0,White,Not rated,Unrated,0,0.0,0,0.0
5588,18361779,100.0,Indian Rupees(Rs.),1.2,0.0,White,Not rated,Unrated,0,0.0,0,0.0
5589,18363048,200.0,Indian Rupees(Rs.),2.4,0.0,White,Not rated,Unrated,1,0.0,1,1.2
5590,310954,250.0,Indian Rupees(Rs.),3.0,0.0,White,Not rated,Unrated,1,0.0,1,1.5
5591,312413,200.0,Indian Rupees(Rs.),2.4,0.0,White,Not rated,Unrated,0,0.0,0,0.0
5592,18361767,150.0,Indian Rupees(Rs.),1.8,0.0,White,Not rated,Unrated,0,0.0,0,0.0
5593,18421473,300.0,Indian Rupees(Rs.),3.6,0.0,White,Not rated,Unrated,1,0.0,1,1.8
5594,310995,250.0,Indian Rupees(Rs.),3.0,0.0,White,Not rated,Unrated,2,0.0,2,3.0
5595,18421475,150.0,Indian Rupees(Rs.),1.8,0.0,White,Not rated,Unrated,1,0.0,1,0.9
5596,18418268,100.0,Indian Rupees(Rs.),1.2,0.0,White,Not rated,Unrated,1,0.0,1,0.6
5597,18421459,200.0,Indian Rupees(Rs.),2.4,0.0,White,Not rated,Unrated,0,0.0,0,0.0
5598,18361771,300.0,Indian Rupees(Rs.),3.6,0.0,White,Not rated,Unrated,0,0.0,0,0.0
5599,18241864,100.0,Indian Rupees(Rs.),1.2,0.0,White,Not rated,Unrated,0,0.0,0,0.0
5600,18449657,500.0,Indian Rupees(Rs.),6.0,0.0,White,Not rated,Unrated,0,0.0,0,0.0
5601,18396177,350.0,Indian Rupees(Rs.),4.2,0.0,White,Not rated,Unrated,0,0.0,0,0.0
5602,18449639,300.0,Indian Rupees(Rs.),3.6,0.0,White,Not rated,Unrated,0,0.0,0,0.0
5603,18357954,300.0,Indian Rupees(Rs.),3.6,0.0,White,Not rated,Unrated,0,0.0,0,0.0
5604,310965,150.0,Indian Rupees(Rs.),1.8,0.0,White,Not rated,Unrated,2,0.0,2,1.8
5605,18418278,100.0,Indian Rupees(Rs.),1.2,0.0,White,Not rated,Unrated,1,0.0,1,0.6
5606,18449664,200.0,Indian Rupees(Rs.),2.4,0.0,White,Not rated,Unrated,0,0.0,0,0.0
5607,18480435,100.0,Indian Rupees(Rs.),1.2,0.0,White,Not rated,Unrated,3,0.0,3,1.8
5608,311009,500.0,Indian Rupees(Rs.),6.0,0.0,White,Not rated,Unrated,3,0.0,3,9.0
5609,310988,50.0,Indian Rupees(Rs.),0.6,0.0,White,Not rated,Unrated,0,0.0,0,0.0
5610,18421461,100.0,Indian Rupees(Rs.),1.2,0.0,White,Not rated,Unrated,0,0.0,0,0.0
5611,310952,50.0,Indian Rupees(Rs.),0.6,0.0,White,Not rated,Unrated,0,0.0,0,0.0
5612,18449667,200.0,Indian Rupees(Rs.),2.4,0.0,White,Not rated,Unrated,0,0.0,0,0.0
5613,18449661,100.0,Indian Rupees(Rs.),1.2,0.0,White,Not rated,Unrated,0,0.0,0,0.0
5614,18449643,150.0,Indian Rupees(Rs.),1.8,0.0,White,Not rated,Unrated,0,0.0,0,0.0
5615,300791,200.0,Indian Rupees(Rs.),2.4,0.0,White,Not rated,Unrated,1,0.0,1,1.2
5616,300264,250.0,Indian Rupees(Rs.),3.0,2.8,Orange,Average,< 3.0 (Low),22,8.78,22,33.0
5617,18425751,350.0,Indian Rupees(Rs.),4.2,3.2,Orange,Average,3.0 - 3.9 (Moderate),11,7.95,11,23.1
5618,7388,250.0,Indian Rupees(Rs.),3.0,2.9,Orange,Average,< 3.0 (Low),8,6.37,8,12.0
5619,311485,350.0,Indian Rupees(Rs.),4.2,2.9,Orange,Average,< 3.0 (Low),10,6.95,10,21.0
5620,2870,400.0,Indian Rupees(Rs.),4.8,3.3,Orange,Average,3.0 - 3.9 (Moderate),86,14.74,86,206.4
5621,18397908,1000.0,Indian Rupees(Rs.),12.0,3.0,Orange,Average,3.0 - 3.9 (Moderate),6,5.84,6,36.0
5622,312765,500.0,Indian Rupees(Rs.),6.0,3.2,Orange,Average,3.0 - 3.9 (Moderate),12,8.21,12,36.0
5623,5879,600.0,Indian Rupees(Rs.),7.2,3.4,Orange,Average,3.0 - 3.9 (Moderate),135,16.7,202,727.2
5624,304621,200.0,Indian Rupees(Rs.),2.4,3.3,Orange,Average,3.0 - 3.9 (Moderate),16,9.35,16,19.2
5625,18472788,500.0,Indian Rupees(Rs.),6.0,2.9,Orange,Average,< 3.0 (Low),4,4.67,4,12.0
5626,309510,350.0,Indian Rupees(Rs.),4.2,2.9,Orange,Average,< 3.0 (Low),10,6.95,10,21.0
5627,300259,200.0,Indian Rupees(Rs.),2.4,2.8,Orange,Average,< 3.0 (Low),7,5.82,7,8.4
5628,310430,700.0,Indian Rupees(Rs.),8.4,2.8,Orange,Average,< 3.0 (Low),17,8.09,17,71.4
5629,300273,250.0,Indian Rupees(Rs.),3.0,2.7,Orange,Average,< 3.0 (Low),16,7.65,16,24.0
5630,7393,250.0,Indian Rupees(Rs.),3.0,2.8,Orange,Average,< 3.0 (Low),12,7.18,12,18.0
5631,311451,500.0,Indian Rupees(Rs.),6.0,3.4,Orange,Average,3.0 - 3.9 (Moderate),78,14.86,117,351.0
5632,7240,400.0,Indian Rupees(Rs.),4.8,2.9,Orange,Average,< 3.0 (Low),20,8.83,20,48.0
5633,300268,650.0,Indian Rupees(Rs.),7.8,2.7,Orange,Average,< 3.0 (Low),66,11.35,66,257.4
5634,310328,400.0,Indian Rupees(Rs.),4.8,3.5,Yellow,Good,3.0 - 3.9 (Moderate),27,11.66,27,64.8
5635,309471,400.0,Indian Rupees(Rs.),4.8,3.5,Yellow,Good,3.0 - 3.9 (Moderate),21,10.82,32,76.8
5636,18383522,550.0,Indian Rupees(Rs.),6.6,3.7,Yellow,Good,3.0 - 3.9 (Moderate),21,11.44,32,105.6
5637,18424615,100.0,Indian Rupees(Rs.),1.2,0.0,White,Not rated,Unrated,1,0.0,1,0.6
5638,18425758,150.0,Indian Rupees(Rs.),1.8,0.0,White,Not rated,Unrated,2,0.0,2,1.8
5639,18425178,100.0,Indian Rupees(Rs.),1.2,0.0,White,Not rated,Unrated,0,0.0,0,0.0
5640,18354994,400.0,Indian Rupees(Rs.),4.8,0.0,White,Not rated,Unrated,0,0.0,0,0.0
5641,18146362,400.0,Indian Rupees(Rs.),4.8,0.0,White,Not rated,Unrated,3,0.0,3,7.2
5642,18425175,300.0,Indian Rupees(Rs.),3.6,0.0,White,Not rated,Unrated,0,0.0,0,0.0
5643,18225831,300.0,Indian Rupees(Rs.),3.6,0.0,White,Not rated,Unrated,3,0.0,3,5.4
5644,18354988,300.0,Indian Rupees(Rs.),3.6,0.0,White,Not rated,Unrated,0,0.0,0,0.0
5645,18425772,100.0,Indian Rupees(Rs.),1.2,0.0,White,Not rated,Unrated,0,0.0,0,0.0
5646,18354998,100.0,Indian Rupees(Rs.),1.2,0.0,White,Not rated,Unrated,0,0.0,0,0.0
5647,18354992,200.0,Indian Rupees(Rs.),2.4,0.0,White,Not rated,Unrated,1,0.0,1,1.2
5648,309509,300.0,Indian Rupees(Rs.),3.6,0.0,White,Not rated,Unrated,1,0.0,1,1.8
5649,18423905,200.0,Indian Rupees(Rs.),2.4,0.0,White,Not rated,Unrated,0,0.0,0,0.0
5650,18357566,200.0,Indian Rupees(Rs.),2.4,0.0,White,Not rated,Unrated,2,0.0,2,2.4
5651,18425768,100.0,Indian Rupees(Rs.),1.2,0.0,White,Not rated,Unrated,0,0.0,0,0.0
5652,18025119,300.0,Indian Rupees(Rs.),3.6,0.0,White,Not rated,Unrated,0,0.0,0,0.0
5653,18472683,400.0,Indian Rupees(Rs.),4.8,0.0,White,Not rated,Unrated,0,0.0,0,0.0
5654,18425739,100.0,Indian Rupees(Rs.),1.2,0.0,White,Not rated,Unrated,1,0.0,1,0.6
5655,18468524,250.0,Indian Rupees(Rs.),3.0,0.0,White,Not rated,Unrated,0,0.0,0,0.0
5656,18354996,500.0,Indian Rupees(Rs.),6.0,0.0,White,Not rated,Unrated,0,0.0,0,0.0
5657,18229077,300.0,Indian Rupees(Rs.),3.6,0.0,White,Not rated,Unrated,2,0.0,2,3.6
5658,300275,500.0,Indian Rupees(Rs.),6.0,2.3,Red,Poor,< 3.0 (Low),32,8.04,48,144.0
5659,9251,150.0,Indian Rupees(Rs.),1.8,2.9,Orange,Average,< 3.0 (Low),4,4.67,4,3.6
5660,18471235,250.0,Indian Rupees(Rs.),3.0,0.0,White,Not rated,Unrated,0,0.0,0,0.0
5661,306695,100.0,Indian Rupees(Rs.),1.2,0.0,White,Not rated,Unrated,1,0.0,1,0.6
5662,9281,200.0,Indian Rupees(Rs.),2.4,0.0,White,Not rated,Unrated,1,0.0,1,1.2
5663,18432222,400.0,Indian Rupees(Rs.),4.8,0.0,White,Not rated,Unrated,0,0.0,0,0.0
5664,18471254,200.0,Indian Rupees(Rs.),2.4,0.0,White,Not rated,Unrated,0,0.0,0,0.0
5665,18371414,300.0,Indian Rupees(Rs.),3.6,0.0,White,Not rated,Unrated,0,0.0,0,0.0
5666,306678,100.0,Indian Rupees(Rs.),1.2,0.0,White,Not rated,Unrated,0,0.0,0,0.0
5667,18371416,200.0,Indian Rupees(Rs.),2.4,0.0,White,Not rated,Unrated,0,0.0,0,0.0
5668,18361199,200.0,Indian Rupees(Rs.),2.4,0.0,White,Not rated,Unrated,0,0.0,0,0.0
5669,312620,150.0,Indian Rupees(Rs.),1.8,0.0,White,Not rated,Unrated,1,0.0,1,0.9
5670,18432206,500.0,Indian Rupees(Rs.),6.0,0.0,White,Not rated,Unrated,1,0.0,1,3.0
5671,311394,250.0,Indian Rupees(Rs.),3.0,0.0,White,Not rated,Unrated,2,0.0,2,3.0
5672,18471270,350.0,Indian Rupees(Rs.),4.2,0.0,White,Not rated,Unrated,0,0.0,0,0.0
5673,313349,400.0,Indian Rupees(Rs.),4.8,0.0,White,Not rated,Unrated,3,0.0,3,7.2
5674,18359302,250.0,Indian Rupees(Rs.),3.0,0.0,White,Not rated,Unrated,0,0.0,0,0.0
5675,18352287,300.0,Indian Rupees(Rs.),3.6,0.0,White,Not rated,Unrated,0,0.0,0,0.0
5676,9262,300.0,Indian Rupees(Rs.),3.6,0.0,White,Not rated,Unrated,2,0.0,2,3.6
5677,18469981,250.0,Indian Rupees(Rs.),3.0,0.0,White,Not rated,Unrated,0,0.0,0,0.0
5678,18349922,400.0,Indian Rupees(Rs.),4.8,0.0,White,Not rated,Unrated,1,0.0,1,2.4
5679,18432214,400.0,Indian Rupees(Rs.),4.8,0.0,White,Not rated,Unrated,0,0.0,0,0.0
5680,310357,250.0,Indian Rupees(Rs.),3.0,0.0,White,Not rated,Unrated,2,0.0,2,3.0
5681,18429155,350.0,Indian Rupees(Rs.),4.2,0.0,White,Not rated,Unrated,0,0.0,0,0.0
5682,18471319,250.0,Indian Rupees(Rs.),3.0,0.0,White,Not rated,Unrated,0,0.0,0,0.0
5683,18471263,350.0,Indian Rupees(Rs.),4.2,0.0,White,Not rated,Unrated,0,0.0,0,0.0
5684,18432200,700.0,Indian Rupees(Rs.),8.4,0.0,White,Not rated,Unrated,0,0.0,0,0.0
5685,18430911,300.0,Indian Rupees(Rs.),3.6,0.0,White,Not rated,Unrated,0,0.0,0,0.0
5686,18354672,150.0,Indian Rupees(Rs.),1.8,0.0,White,Not rated,Unrated,0,0.0,0,0.0
5687,18352275,250.0,Indian Rupees(Rs.),3.0,0.0,White,Not rated,Unrated,0,0.0,0,0.0
5688,303500,100.0,Indian Rupees(Rs.),1.2,0.0,White,Not rated,Unrated,2,0.0,2,1.2
5689,18431998,200.0,Indian Rupees(Rs.),2.4,0.0,White,Not rated,Unrated,0,0.0,0,0.0
5690,18430900,400.0,Indian Rupees(Rs.),4.8,0.0,White,Not rated,Unrated,0,0.0,0,0.0
5691,18313125,200.0,Indian Rupees(Rs.),2.4,0.0,White,Not rated,Unrated,0,0.0,0,0.0
5692,18430579,300.0,Indian Rupees(Rs.),3.6,0.0,White,Not rated,Unrated,0,0.0,0,0.0
5693,8957,200.0,Indian Rupees(Rs.),2.4,0.0,White,Not rated,Unrated,1,0.0,1,1.2
5694,9635,200.0,Indian Rupees(Rs.),2.4,0.0,White,Not rated,Unrated,2,0.0,2,2.4
5695,18352288,400.0,Indian Rupees(Rs.),4.8,0.0,White,Not rated,Unrated,0,0.0,0,0.0
5696,18349914,200.0,Indian Rupees(Rs.),2.4,0.0,White,Not rated,Unrated,1,0.0,1,1.2
5697,18430569,800.0,Indian Rupees(Rs.),9.6,0.0,White,Not rated,Unrated,0,0.0,0,0.0
5698,18361211,150.0,Indian Rupees(Rs.),1.8,0.0,White,Not rated,Unrated,0,0.0,0,0.0
5699,18471287,200.0,Indian Rupees(Rs.),2.4,0.0,White,Not rated,Unrated,0,0.0,0,0.0
5700,304393,250.0,Indian Rupees(Rs.),3.0,0.0,White,Not rated,Unrated,2,0.0,2,3.0
5701,18361217,250.0,Indian Rupees(Rs.),3.0,0.0,White,Not rated,Unrated,0,0.0,0,0.0
5702,5483,150.0,Indian Rupees(Rs.),1.8,0.0,White,Not rated,Unrated,2,0.0,2,1.8
5703,9271,50.0,Indian Rupees(Rs.),0.6,0.0,White,Not rated,Unrated,0,0.0,0,0.0
5704,304610,300.0,Indian Rupees(Rs.),3.6,0.0,White,Not rated,Unrated,0,0.0,0,0.0
5705,303537,150.0,Indian Rupees(Rs.),1.8,0.0,White,Not rated,Unrated,1,0.0,1,0.9
5706,18430576,200.0,Indian Rupees(Rs.),2.4,0.0,White,Not rated,Unrated,0,0.0,0,0.0
5707,304405,100.0,Indian Rupees(Rs.),1.2,0.0,White,Not rated,Unrated,0,0.0,0,0.0
5708,18471313,300.0,Indian Rupees(Rs.),3.6,0.0,White,Not rated,Unrated,0,0.0,0,0.0
5709,306710,100.0,Indian Rupees(Rs.),1.2,0.0,White,Not rated,Unrated,0,0.0,0,0.0
5710,18430570,150.0,Indian Rupees(Rs.),1.8,0.0,White,Not rated,Unrated,0,0.0,0,0.0
5711,303497,150.0,Indian Rupees(Rs.),1.8,0.0,White,Not rated,Unrated,0,0.0,0,0.0
5712,18270343,600.0,Indian Rupees(Rs.),7.2,0.0,White,Not rated,Unrated,1,0.0,1,3.6
5713,18361200,300.0,Indian Rupees(Rs.),3.6,0.0,White,Not rated,Unrated,0,0.0,0,0.0
5714,18261678,350.0,Indian Rupees(Rs.),4.2,0.0,White,Not rated,Unrated,1,0.0,1,2.1
5715,18317507,350.0,Indian Rupees(Rs.),4.2,0.0,White,Not rated,Unrated,1,0.0,1,2.1
5716,9269,400.0,Indian Rupees(Rs.),4.8,0.0,White,Not rated,Unrated,2,0.0,2,4.8
5717,18363067,200.0,Indian Rupees(Rs.),2.4,0.0,White,Not rated,Unrated,1,0.0,1,1.2
5718,18371421,150.0,Indian Rupees(Rs.),1.8,0.0,White,Not rated,Unrated,1,0.0,1,0.9
5719,304809,100.0,Indian Rupees(Rs.),1.2,0.0,White,Not rated,Unrated,0,0.0,0,0.0
5720,304769,100.0,Indian Rupees(Rs.),1.2,0.0,White,Not rated,Unrated,1,0.0,1,0.6
5721,304803,100.0,Indian Rupees(Rs.),1.2,0.0,White,Not rated,Unrated,1,0.0,1,0.6
5722,18261151,400.0,Indian Rupees(Rs.),4.8,0.0,White,Not rated,Unrated,0,0.0,0,0.0
5723,18464636,250.0,Indian Rupees(Rs.),3.0,0.0,White,Not rated,Unrated,0,0.0,0,0.0
5724,18017260,300.0,Indian Rupees(Rs.),3.6,0.0,White,Not rated,Unrated,0,0.0,0,0.0
5725,304753,200.0,Indian Rupees(Rs.),2.4,0.0,White,Not rated,Unrated,0,0.0,0,0.0
5726,18464641,350.0,Indian Rupees(Rs.),4.2,0.0,White,Not rated,Unrated,0,0.0,0,0.0
5727,304822,100.0,Indian Rupees(Rs.),1.2,0.0,White,Not rated,Unrated,0,0.0,0,0.0
5728,18312665,650.0,Indian Rupees(Rs.),7.8,0.0,White,Not rated,Unrated,0,0.0,0,0.0
5729,9181,100.0,Indian Rupees(Rs.),1.2,0.0,White,Not rated,Unrated,0,0.0,0,0.0
5730,18435332,450.0,Indian Rupees(Rs.),5.4,0.0,White,Not rated,Unrated,0,0.0,0,0.0
5731,18261710,400.0,Indian Rupees(Rs.),4.8,0.0,White,Not rated,Unrated,0,0.0,0,0.0
5732,18312662,100.0,Indian Rupees(Rs.),1.2,0.0,White,Not rated,Unrated,0,0.0,0,0.0
5733,18322599,350.0,Indian Rupees(Rs.),4.2,0.0,White,Not rated,Unrated,0,0.0,0,0.0
5734,9226,100.0,Indian Rupees(Rs.),1.2,0.0,White,Not rated,Unrated,0,0.0,0,0.0
5735,18434072,200.0,Indian Rupees(Rs.),2.4,0.0,White,Not rated,Unrated,0,0.0,0,0.0
5736,305699,100.0,Indian Rupees(Rs.),1.2,0.0,White,Not rated,Unrated,0,0.0,0,0.0
5737,9194,100.0,Indian Rupees(Rs.),1.2,0.0,White,Not rated,Unrated,0,0.0,0,0.0
5738,304888,150.0,Indian Rupees(Rs.),1.8,0.0,White,Not rated,Unrated,0,0.0,0,0.0
5739,306177,200.0,Indian Rupees(Rs.),2.4,0.0,White,Not rated,Unrated,0,0.0,0,0.0
5740,18261708,400.0,Indian Rupees(Rs.),4.8,0.0,White,Not rated,Unrated,0,0.0,0,0.0
5741,9173,100.0,Indian Rupees(Rs.),1.2,0.0,White,Not rated,Unrated,0,0.0,0,0.0
5742,304831,200.0,Indian Rupees(Rs.),2.4,0.0,White,Not rated,Unrated,0,0.0,0,0.0
5743,9176,100.0,Indian Rupees(Rs.),1.2,0.0,White,Not rated,Unrated,1,0.0,1,0.6
5744,18233572,250.0,Indian Rupees(Rs.),3.0,0.0,White,Not rated,Unrated,1,0.0,1,1.5
5745,18464649,300.0,Indian Rupees(Rs.),3.6,0.0,White,Not rated,Unrated,0,0.0,0,0.0
5746,18375389,300.0,Indian Rupees(Rs.),3.6,0.0,White,Not rated,Unrated,0,0.0,0,0.0
5747,18466387,250.0,Indian Rupees(Rs.),3.0,0.0,White,Not rated,Unrated,0,0.0,0,0.0
5748,304782,150.0,Indian Rupees(Rs.),1.8,0.0,White,Not rated,Unrated,0,0.0,0,0.0
5749,18261719,350.0,Indian Rupees(Rs.),4.2,0.0,White,Not rated,Unrated,0,0.0,0,0.0
5750,18466389,250.0,Indian Rupees(Rs.),3.0,0.0,White,Not rated,Unrated,0,0.0,0,0.0
5751,18378051,350.0,Indian Rupees(Rs.),4.2,0.0,White,Not rated,Unrated,0,0.0,0,0.0
5752,7484,150.0,Indian Rupees(Rs.),1.8,0.0,White,Not rated,Unrated,1,0.0,1,0.9
5753,18464634,250.0,Indian Rupees(Rs.),3.0,0.0,White,Not rated,Unrated,0,0.0,0,0.0
5754,18464647,200.0,Indian Rupees(Rs.),2.4,0.0,White,Not rated,Unrated,0,0.0,0,0.0
5755,18371391,100.0,Indian Rupees(Rs.),1.2,0.0,White,Not rated,Unrated,0,0.0,0,0.0
5756,18017240,200.0,Indian Rupees(Rs.),2.4,0.0,White,Not rated,Unrated,1,0.0,1,1.2
5757,18464640,350.0,Indian Rupees(Rs.),4.2,0.0,White,Not rated,Unrated,0,0.0,0,0.0
5758,18261161,400.0,Indian Rupees(Rs.),4.8,0.0,White,Not rated,Unrated,0,0.0,0,0.0
5759,18464638,300.0,Indian Rupees(Rs.),3.6,0.0,White,Not rated,Unrated,0,0.0,0,0.0
5760,302694,150.0,Indian Rupees(Rs.),1.8,3.0,Orange,Average,3.0 - 3.9 (Moderate),8,6.59,8,7.2
5761,18358184,500.0,Indian Rupees(Rs.),6.0,3.4,Orange,Average,3.0 - 3.9 (Moderate),23,10.81,34,102.0
5762,8715,200.0,Indian Rupees(Rs.),2.4,3.0,Orange,Average,3.0 - 3.9 (Moderate),7,6.24,7,8.4
5763,641,450.0,Indian Rupees(Rs.),5.4,2.6,Orange,Average,< 3.0 (Low),23,8.26,23,62.1
5764,308033,300.0,Indian Rupees(Rs.),3.6,2.9,Orange,Average,< 3.0 (Low),4,4.67,4,7.2
5765,307099,150.0,Indian Rupees(Rs.),1.8,3.2,Orange,Average,3.0 - 3.9 (Moderate),15,8.87,15,13.5
5766,18312575,500.0,Indian Rupees(Rs.),6.0,3.0,Orange,Average,3.0 - 3.9 (Moderate),4,4.83,4,12.0
5767,18312652,350.0,Indian Rupees(Rs.),4.2,3.1,Orange,Average,3.0 - 3.9 (Moderate),13,8.18,13,27.3
5768,310666,750.0,Indian Rupees(Rs.),9.0,2.8,Orange,Average,< 3.0 (Low),8,6.15,8,36.0
5769,7434,200.0,Indian Rupees(Rs.),2.4,3.0,Orange,Average,3.0 - 3.9 (Moderate),7,6.24,7,8.4
5770,305859,200.0,Indian Rupees(Rs.),2.4,3.0,Orange,Average,3.0 - 3.9 (Moderate),4,4.83,4,4.8
5771,308037,350.0,Indian Rupees(Rs.),4.2,3.2,Orange,Average,3.0 - 3.9 (Moderate),16,9.07,16,33.6
5772,18435837,300.0,Indian Rupees(Rs.),3.6,3.2,Orange,Average,3.0 - 3.9 (Moderate),10,7.67,15,27.0
5773,18441658,150.0,Indian Rupees(Rs.),1.8,3.4,Orange,Average,3.0 - 3.9 (Moderate),13,8.97,13,11.7
5774,558,900.0,Indian Rupees(Rs.),10.8,2.8,Orange,Average,< 3.0 (Low),12,7.18,12,64.8
5775,300485,250.0,Indian Rupees(Rs.),3.0,2.8,Orange,Average,< 3.0 (Low),12,7.18,12,18.0
5776,7416,150.0,Indian Rupees(Rs.),1.8,3.3,Orange,Average,3.0 - 3.9 (Moderate),30,11.33,30,27.0
5777,301927,100.0,Indian Rupees(Rs.),1.2,3.1,Orange,Average,3.0 - 3.9 (Moderate),10,7.43,10,6.0
5778,18288199,1100.0,Indian Rupees(Rs.),13.2,3.1,Orange,Average,3.0 - 3.9 (Moderate),15,8.6,15,99.0
5779,301931,150.0,Indian Rupees(Rs.),1.8,2.8,Orange,Average,< 3.0 (Low),12,7.18,12,10.8
5780,311385,600.0,Indian Rupees(Rs.),7.2,2.6,Orange,Average,< 3.0 (Low),32,9.09,48,172.8
5781,18175322,120.0,Indian Rupees(Rs.),1.44,3.0,Orange,Average,3.0 - 3.9 (Moderate),7,6.24,7,5.04
5782,7419,200.0,Indian Rupees(Rs.),2.4,2.8,Orange,Average,< 3.0 (Low),20,8.52,20,24.0
5783,9280,150.0,Indian Rupees(Rs.),1.8,3.1,Orange,Average,3.0 - 3.9 (Moderate),21,9.58,21,18.9
5784,18241874,350.0,Indian Rupees(Rs.),4.2,3.2,Orange,Average,3.0 - 3.9 (Moderate),14,8.67,14,29.4
5785,303250,300.0,Indian Rupees(Rs.),3.6,2.8,Orange,Average,< 3.0 (Low),14,7.58,14,25.2
5786,313163,200.0,Indian Rupees(Rs.),2.4,0.0,White,Not rated,Unrated,0,0.0,0,0.0
5787,18398504,100.0,Indian Rupees(Rs.),1.2,0.0,White,Not rated,Unrated,0,0.0,0,0.0
5788,301932,200.0,Indian Rupees(Rs.),2.4,0.0,White,Not rated,Unrated,1,0.0,1,1.2
5789,18312572,200.0,Indian Rupees(Rs.),2.4,0.0,White,Not rated,Unrated,0,0.0,0,0.0
5790,18371399,150.0,Indian Rupees(Rs.),1.8,0.0,White,Not rated,Unrated,0,0.0,0,0.0
5791,18431177,200.0,Indian Rupees(Rs.),2.4,0.0,White,Not rated,Unrated,0,0.0,0,0.0
5792,18371405,150.0,Indian Rupees(Rs.),1.8,0.0,White,Not rated,Unrated,0,0.0,0,0.0
5793,312926,300.0,Indian Rupees(Rs.),3.6,0.0,White,Not rated,Unrated,1,0.0,1,1.8
5794,18349241,200.0,Indian Rupees(Rs.),2.4,0.0,White,Not rated,Unrated,0,0.0,0,0.0
5795,18431181,300.0,Indian Rupees(Rs.),3.6,0.0,White,Not rated,Unrated,0,0.0,0,0.0
5796,18431187,400.0,Indian Rupees(Rs.),4.8,0.0,White,Not rated,Unrated,0,0.0,0,0.0
5797,18393288,300.0,Indian Rupees(Rs.),3.6,0.0,White,Not rated,Unrated,0,0.0,0,0.0
5798,8718,150.0,Indian Rupees(Rs.),1.8,0.0,White,Not rated,Unrated,2,0.0,2,1.8
5799,18462571,200.0,Indian Rupees(Rs.),2.4,0.0,White,Not rated,Unrated,0,0.0,0,0.0
5800,18460302,300.0,Indian Rupees(Rs.),3.6,0.0,White,Not rated,Unrated,0,0.0,0,0.0
5801,18431183,250.0,Indian Rupees(Rs.),3.0,0.0,White,Not rated,Unrated,1,0.0,1,1.5
5802,301925,100.0,Indian Rupees(Rs.),1.2,0.0,White,Not rated,Unrated,1,0.0,1,0.6
5803,301885,300.0,Indian Rupees(Rs.),3.6,0.0,White,Not rated,Unrated,3,0.0,3,5.4
5804,18295497,100.0,Indian Rupees(Rs.),1.2,0.0,White,Not rated,Unrated,2,0.0,2,1.2
5805,18460299,300.0,Indian Rupees(Rs.),3.6,0.0,White,Not rated,Unrated,0,0.0,0,0.0
5806,1973,600.0,Indian Rupees(Rs.),7.2,0.0,White,Not rated,Unrated,2,0.0,2,7.2
5807,18369770,150.0,Indian Rupees(Rs.),1.8,0.0,White,Not rated,Unrated,0,0.0,0,0.0
5808,312848,250.0,Indian Rupees(Rs.),3.0,0.0,White,Not rated,Unrated,0,0.0,0,0.0
5809,18474850,150.0,Indian Rupees(Rs.),1.8,0.0,White,Not rated,Unrated,0,0.0,0,0.0
5810,18429186,250.0,Indian Rupees(Rs.),3.0,0.0,White,Not rated,Unrated,0,0.0,0,0.0
5811,18312656,250.0,Indian Rupees(Rs.),3.0,0.0,White,Not rated,Unrated,2,0.0,2,3.0
5812,18416741,300.0,Indian Rupees(Rs.),3.6,0.0,White,Not rated,Unrated,0,0.0,0,0.0
5813,18425182,350.0,Indian Rupees(Rs.),4.2,0.0,White,Not rated,Unrated,1,0.0,1,2.1
5814,18464625,350.0,Indian Rupees(Rs.),4.2,0.0,White,Not rated,Unrated,0,0.0,0,0.0
5815,18435330,250.0,Indian Rupees(Rs.),3.0,0.0,White,Not rated,Unrated,0,0.0,0,0.0
5816,18435326,500.0,Indian Rupees(Rs.),6.0,0.0,White,Not rated,Unrated,0,0.0,0,0.0
5817,18464648,300.0,Indian Rupees(Rs.),3.6,0.0,White,Not rated,Unrated,0,0.0,0,0.0
5818,18464629,300.0,Indian Rupees(Rs.),3.6,0.0,White,Not rated,Unrated,0,0.0,0,0.0
5819,18435322,450.0,Indian Rupees(Rs.),5.4,0.0,White,Not rated,Unrated,0,0.0,0,0.0
5820,18014151,500.0,Indian Rupees(Rs.),6.0,0.0,White,Not rated,Unrated,0,0.0,0,0.0
5821,18375378,400.0,Indian Rupees(Rs.),4.8,0.0,White,Not rated,Unrated,0,0.0,0,0.0
5822,310408,400.0,Indian Rupees(Rs.),4.8,2.7,Orange,Average,< 3.0 (Low),38,9.89,38,91.2
5823,1185,1900.0,Indian Rupees(Rs.),22.8,2.8,Orange,Average,< 3.0 (Low),105,13.06,105,1197.0
5824,5536,150.0,Indian Rupees(Rs.),1.8,2.8,Orange,Average,< 3.0 (Low),11,6.96,11,9.9
5825,18393213,450.0,Indian Rupees(Rs.),5.4,2.9,Orange,Average,< 3.0 (Low),4,4.67,4,10.8
5826,308336,450.0,Indian Rupees(Rs.),5.4,3.1,Orange,Average,3.0 - 3.9 (Moderate),13,8.18,13,35.1
5827,637,450.0,Indian Rupees(Rs.),5.4,3.0,Orange,Average,3.0 - 3.9 (Moderate),38,10.99,57,153.9
5828,313159,300.0,Indian Rupees(Rs.),3.6,3.2,Orange,Average,3.0 - 3.9 (Moderate),9,7.37,14,25.2
5829,3608,700.0,Indian Rupees(Rs.),8.4,3.0,Orange,Average,3.0 - 3.9 (Moderate),71,12.83,71,298.2
5830,3636,150.0,Indian Rupees(Rs.),1.8,3.0,Orange,Average,3.0 - 3.9 (Moderate),12,7.69,12,10.8
5831,312790,200.0,Indian Rupees(Rs.),2.4,3.1,Orange,Average,3.0 - 3.9 (Moderate),8,6.81,8,9.6
5832,5537,250.0,Indian Rupees(Rs.),3.0,3.1,Orange,Average,3.0 - 3.9 (Moderate),14,8.39,14,21.0
5833,308347,200.0,Indian Rupees(Rs.),2.4,3.2,Orange,Average,3.0 - 3.9 (Moderate),14,8.67,14,16.8
5834,2602,250.0,Indian Rupees(Rs.),3.0,3.1,Orange,Average,3.0 - 3.9 (Moderate),11,7.7,11,16.5
5835,3638,250.0,Indian Rupees(Rs.),3.0,3.0,Orange,Average,3.0 - 3.9 (Moderate),27,10.0,27,40.5
5836,18017281,400.0,Indian Rupees(Rs.),4.8,3.4,Orange,Average,3.0 - 3.9 (Moderate),29,11.56,29,69.6
5837,3607,450.0,Indian Rupees(Rs.),5.4,2.5,Orange,Average,< 3.0 (Low),94,11.38,141,380.7
5838,3069,1000.0,Indian Rupees(Rs.),12.0,3.1,Orange,Average,3.0 - 3.9 (Moderate),14,8.39,21,126.0
5839,18268390,4700.0,Indian Rupees(Rs.),56.4,3.7,Yellow,Good,3.0 - 3.9 (Moderate),142,18.36,142,4004.4
5840,196,500.0,Indian Rupees(Rs.),6.0,3.7,Yellow,Good,3.0 - 3.9 (Moderate),177,19.17,266,798.0
5841,5487,200.0,Indian Rupees(Rs.),2.4,3.9,Yellow,Good,3.0 - 3.9 (Moderate),104,18.15,104,124.8
5842,308331,800.0,Indian Rupees(Rs.),9.6,3.6,Yellow,Good,3.0 - 3.9 (Moderate),103,16.72,154,739.2
5843,18126080,800.0,Indian Rupees(Rs.),9.6,3.6,Yellow,Good,3.0 - 3.9 (Moderate),58,14.68,58,278.4
5844,148,500.0,Indian Rupees(Rs.),6.0,3.6,Yellow,Good,3.0 - 3.9 (Moderate),142,17.87,142,426.0
5845,18412898,250.0,Indian Rupees(Rs.),3.0,0.0,White,Not rated,Unrated,2,0.0,2,3.0
5846,5528,150.0,Indian Rupees(Rs.),1.8,0.0,White,Not rated,Unrated,1,0.0,1,0.9
5847,17953929,550.0,Indian Rupees(Rs.),6.6,0.0,White,Not rated,Unrated,1,0.0,1,3.3
5848,18355121,400.0,Indian Rupees(Rs.),4.8,0.0,White,Not rated,Unrated,0,0.0,0,0.0
5849,9210,200.0,Indian Rupees(Rs.),2.4,0.0,White,Not rated,Unrated,1,0.0,1,1.2
5850,2703,400.0,Indian Rupees(Rs.),4.8,0.0,White,Not rated,Unrated,1,0.0,1,2.4
5851,18478963,200.0,Indian Rupees(Rs.),2.4,0.0,White,Not rated,Unrated,0,0.0,0,0.0
5852,2232,1000.0,Indian Rupees(Rs.),12.0,2.4,Red,Poor,< 3.0 (Low),184,12.53,276,1656.0
5853,2775,1400.0,Indian Rupees(Rs.),16.8,4.4,Green,Very Good,4.0 - 4.4 (High),1293,31.53,1940,16296.0
5854,311623,1800.0,Indian Rupees(Rs.),21.6,2.8,Orange,Average,< 3.0 (Low),21,8.65,21,226.8
5855,311077,300.0,Indian Rupees(Rs.),3.6,3.1,Orange,Average,3.0 - 3.9 (Moderate),110,14.6,110,198.0
5856,492,550.0,Indian Rupees(Rs.),6.6,3.4,Orange,Average,3.0 - 3.9 (Moderate),89,15.3,134,442.2
5857,304030,450.0,Indian Rupees(Rs.),5.4,3.3,Orange,Average,3.0 - 3.9 (Moderate),32,11.54,32,86.4
5858,18366028,500.0,Indian Rupees(Rs.),6.0,3.4,Orange,Average,3.0 - 3.9 (Moderate),42,12.79,63,189.0
5859,18168143,300.0,Indian Rupees(Rs.),3.6,3.3,Orange,Average,3.0 - 3.9 (Moderate),32,11.54,48,86.4
5860,18294246,450.0,Indian Rupees(Rs.),5.4,3.4,Orange,Average,3.0 - 3.9 (Moderate),24,10.94,24,64.8
5861,2370,300.0,Indian Rupees(Rs.),3.6,2.8,Orange,Average,< 3.0 (Low),23,8.9,23,41.4
5862,3893,700.0,Indian Rupees(Rs.),8.4,3.4,Orange,Average,3.0 - 3.9 (Moderate),85,15.14,85,357.0
5863,5366,550.0,Indian Rupees(Rs.),6.6,2.9,Orange,Average,< 3.0 (Low),45,11.1,45,148.5
5864,18037828,300.0,Indian Rupees(Rs.),3.6,3.4,Orange,Average,3.0 - 3.9 (Moderate),80,14.94,120,216.0
5865,2377,300.0,Indian Rupees(Rs.),3.6,2.7,Orange,Average,< 3.0 (Low),66,11.35,66,118.8
5866,18384151,400.0,Indian Rupees(Rs.),4.8,3.2,Orange,Average,3.0 - 3.9 (Moderate),31,11.09,46,110.4
5867,2966,1000.0,Indian Rupees(Rs.),12.0,2.7,Orange,Average,< 3.0 (Low),261,15.03,392,2352.0
5868,257,1000.0,Indian Rupees(Rs.),12.0,3.3,Orange,Average,3.0 - 3.9 (Moderate),211,17.68,316,1896.0
5869,2380,350.0,Indian Rupees(Rs.),4.2,3.4,Orange,Average,3.0 - 3.9 (Moderate),84,15.11,126,264.6
5870,18285222,450.0,Indian Rupees(Rs.),5.4,3.4,Orange,Average,3.0 - 3.9 (Moderate),49,13.3,74,199.8
5871,309463,500.0,Indian Rupees(Rs.),6.0,3.4,Orange,Average,3.0 - 3.9 (Moderate),80,14.94,120,360.0
5872,18219550,600.0,Indian Rupees(Rs.),7.2,3.4,Orange,Average,3.0 - 3.9 (Moderate),60,13.98,60,216.0
5873,3230,500.0,Indian Rupees(Rs.),6.0,3.4,Orange,Average,3.0 - 3.9 (Moderate),131,16.6,196,588.0
5874,309542,1400.0,Indian Rupees(Rs.),16.8,3.4,Orange,Average,3.0 - 3.9 (Moderate),391,20.3,586,4922.4
5875,2965,350.0,Indian Rupees(Rs.),4.2,3.9,Yellow,Good,3.0 - 3.9 (Moderate),813,26.14,813,1707.3
5876,3372,200.0,Indian Rupees(Rs.),2.4,3.7,Yellow,Good,3.0 - 3.9 (Moderate),459,22.69,459,550.8
5877,312223,500.0,Indian Rupees(Rs.),6.0,3.6,Yellow,Good,3.0 - 3.9 (Moderate),426,21.8,639,1917.0
5878,8828,450.0,Indian Rupees(Rs.),5.4,3.5,Yellow,Good,3.0 - 3.9 (Moderate),50,13.76,50,135.0
5879,2524,350.0,Indian Rupees(Rs.),4.2,3.6,Yellow,Good,3.0 - 3.9 (Moderate),69,15.29,104,218.4
5880,18458640,300.0,Indian Rupees(Rs.),3.6,3.8,Yellow,Good,3.0 - 3.9 (Moderate),22,11.91,22,39.6
5881,2532,400.0,Indian Rupees(Rs.),4.8,3.6,Yellow,Good,3.0 - 3.9 (Moderate),87,16.12,130,312.0
5882,5368,400.0,Indian Rupees(Rs.),4.8,3.8,Yellow,Good,3.0 - 3.9 (Moderate),201,20.17,201,482.4
5883,18272383,450.0,Indian Rupees(Rs.),5.4,3.6,Yellow,Good,3.0 - 3.9 (Moderate),139,17.79,208,561.6
5884,18332018,400.0,Indian Rupees(Rs.),4.8,3.8,Yellow,Good,3.0 - 3.9 (Moderate),121,18.26,182,436.8
5885,18423901,200.0,Indian Rupees(Rs.),2.4,3.8,Yellow,Good,3.0 - 3.9 (Moderate),23,12.08,23,27.6
5886,1969,1200.0,Indian Rupees(Rs.),14.4,3.7,Yellow,Good,3.0 - 3.9 (Moderate),151,18.59,226,1627.2
5887,18455548,450.0,Indian Rupees(Rs.),5.4,3.8,Yellow,Good,3.0 - 3.9 (Moderate),29,12.92,44,118.8
5888,310126,400.0,Indian Rupees(Rs.),4.8,3.5,Yellow,Good,3.0 - 3.9 (Moderate),82,15.47,82,196.8
5889,5291,150.0,Indian Rupees(Rs.),1.8,3.5,Yellow,Good,3.0 - 3.9 (Moderate),34,12.44,34,30.6
5890,3522,500.0,Indian Rupees(Rs.),6.0,3.8,Yellow,Good,3.0 - 3.9 (Moderate),99,17.5,99,297.0
5891,18345519,400.0,Indian Rupees(Rs.),4.8,3.9,Yellow,Good,3.0 - 3.9 (Moderate),155,19.69,155,372.0
5892,305967,700.0,Indian Rupees(Rs.),8.4,3.7,Yellow,Good,3.0 - 3.9 (Moderate),294,21.04,294,1234.8
5893,18432015,300.0,Indian Rupees(Rs.),3.6,3.6,Yellow,Good,3.0 - 3.9 (Moderate),22,11.29,22,39.6
5894,18204820,1400.0,Indian Rupees(Rs.),16.8,3.8,Yellow,Good,3.0 - 3.9 (Moderate),457,23.28,457,3838.8
5895,18361244,250.0,Indian Rupees(Rs.),3.0,3.5,Yellow,Good,3.0 - 3.9 (Moderate),13,9.24,13,19.5
5896,9561,1600.0,Indian Rupees(Rs.),19.2,4.1,Green,Very Good,4.0 - 4.4 (High),937,28.06,937,8995.2
5897,18466059,500.0,Indian Rupees(Rs.),6.0,4.0,Green,Very Good,4.0 - 4.4 (High),20,12.18,20,60.0
5898,18361780,1000.0,Indian Rupees(Rs.),12.0,4.2,Green,Very Good,4.0 - 4.4 (High),42,15.8,63,378.0
5899,18208880,400.0,Indian Rupees(Rs.),4.8,4.1,Green,Very Good,4.0 - 4.4 (High),156,20.73,234,561.6
5900,307620,1650.0,Indian Rupees(Rs.),19.8,4.0,Green,Very Good,4.0 - 4.4 (High),537,25.15,537,5316.3
5901,302242,1200.0,Indian Rupees(Rs.),14.4,4.0,Green,Very Good,4.0 - 4.4 (High),277,22.51,416,2995.2
5902,310348,2500.0,Indian Rupees(Rs.),30.0,2.7,Orange,Average,< 3.0 (Low),24,8.69,24,360.0
5903,309680,700.0,Indian Rupees(Rs.),8.4,2.9,Orange,Average,< 3.0 (Low),8,6.37,8,33.6
5904,1508,350.0,Indian Rupees(Rs.),4.2,3.2,Orange,Average,3.0 - 3.9 (Moderate),88,14.36,132,277.2
5905,18312565,800.0,Indian Rupees(Rs.),9.6,3.0,Orange,Average,3.0 - 3.9 (Moderate),5,5.38,5,24.0
5906,311553,500.0,Indian Rupees(Rs.),6.0,3.3,Orange,Average,3.0 - 3.9 (Moderate),47,12.77,47,141.0
5907,7720,650.0,Indian Rupees(Rs.),7.8,3.3,Orange,Average,3.0 - 3.9 (Moderate),62,13.67,93,362.7
5908,308332,400.0,Indian Rupees(Rs.),4.8,2.7,Orange,Average,< 3.0 (Low),16,7.65,16,38.4
5909,306331,700.0,Indian Rupees(Rs.),8.4,2.9,Orange,Average,< 3.0 (Low),4,4.67,4,16.8
5910,18303863,600.0,Indian Rupees(Rs.),7.2,2.7,Orange,Average,< 3.0 (Low),15,7.49,15,54.0
5911,212,700.0,Indian Rupees(Rs.),8.4,2.8,Orange,Average,< 3.0 (Low),95,12.78,95,399.0
5912,304183,350.0,Indian Rupees(Rs.),4.2,2.8,Orange,Average,< 3.0 (Low),14,7.58,14,29.4
5913,1915,250.0,Indian Rupees(Rs.),3.0,3.0,Orange,Average,3.0 - 3.9 (Moderate),7,6.24,7,10.5
5914,5901,350.0,Indian Rupees(Rs.),4.2,3.0,Orange,Average,3.0 - 3.9 (Moderate),12,7.69,12,25.2
5915,311824,450.0,Indian Rupees(Rs.),5.4,3.1,Orange,Average,3.0 - 3.9 (Moderate),7,6.45,7,18.9
5916,18376488,400.0,Indian Rupees(Rs.),4.8,3.3,Orange,Average,3.0 - 3.9 (Moderate),13,8.71,20,48.0
5917,300013,500.0,Indian Rupees(Rs.),6.0,2.9,Orange,Average,< 3.0 (Low),9,6.68,9,27.0
5918,181,500.0,Indian Rupees(Rs.),6.0,3.4,Orange,Average,3.0 - 3.9 (Moderate),127,16.5,190,570.0
5919,18277019,550.0,Indian Rupees(Rs.),6.6,3.1,Orange,Average,3.0 - 3.9 (Moderate),10,7.43,10,33.0
5920,7721,800.0,Indian Rupees(Rs.),9.6,2.9,Orange,Average,< 3.0 (Low),44,11.04,66,316.8
5921,308334,700.0,Indian Rupees(Rs.),8.4,2.9,Orange,Average,< 3.0 (Low),28,9.77,28,117.6
5922,309675,350.0,Indian Rupees(Rs.),4.2,2.9,Orange,Average,< 3.0 (Low),5,5.2,5,10.5
5923,300020,550.0,Indian Rupees(Rs.),6.6,2.9,Orange,Average,< 3.0 (Low),6,5.64,6,19.8
5924,7717,200.0,Indian Rupees(Rs.),2.4,2.7,Orange,Average,< 3.0 (Low),14,7.31,14,16.8
5925,303547,250.0,Indian Rupees(Rs.),3.0,3.2,Orange,Average,3.0 - 3.9 (Moderate),27,10.66,27,40.5
5926,18228903,750.0,Indian Rupees(Rs.),9.0,2.8,Orange,Average,< 3.0 (Low),4,4.51,4,18.0
5927,18428200,600.0,Indian Rupees(Rs.),7.2,3.0,Orange,Average,3.0 - 3.9 (Moderate),8,6.59,8,28.8
5928,18144480,800.0,Indian Rupees(Rs.),9.6,2.8,Orange,Average,< 3.0 (Low),21,8.65,21,100.8
5929,302945,400.0,Indian Rupees(Rs.),4.8,3.6,Yellow,Good,3.0 - 3.9 (Moderate),129,17.52,129,309.6
5930,18471283,800.0,Indian Rupees(Rs.),9.6,3.5,Yellow,Good,3.0 - 3.9 (Moderate),29,11.9,44,211.2
5931,18337892,700.0,Indian Rupees(Rs.),8.4,3.8,Yellow,Good,3.0 - 3.9 (Moderate),17,10.98,17,71.4
5932,267,800.0,Indian Rupees(Rs.),9.6,3.9,Yellow,Good,3.0 - 3.9 (Moderate),189,20.46,284,1363.2
5933,18424893,800.0,Indian Rupees(Rs.),9.6,3.5,Yellow,Good,3.0 - 3.9 (Moderate),30,12.02,45,216.0
5934,306526,350.0,Indian Rupees(Rs.),4.2,3.6,Yellow,Good,3.0 - 3.9 (Moderate),52,14.29,52,109.2
5935,18133511,200.0,Indian Rupees(Rs.),2.4,0.0,White,Not rated,Unrated,1,0.0,1,1.2
5936,18456744,400.0,Indian Rupees(Rs.),4.8,0.0,White,Not rated,Unrated,0,0.0,0,0.0
5937,303559,250.0,Indian Rupees(Rs.),3.0,0.0,White,Not rated,Unrated,2,0.0,2,3.0
5938,18352261,150.0,Indian Rupees(Rs.),1.8,0.0,White,Not rated,Unrated,2,0.0,2,1.8
5939,310692,300.0,Indian Rupees(Rs.),3.6,0.0,White,Not rated,Unrated,2,0.0,2,3.6
5940,18313141,450.0,Indian Rupees(Rs.),5.4,0.0,White,Not rated,Unrated,2,0.0,2,5.4
5941,312446,300.0,Indian Rupees(Rs.),3.6,0.0,White,Not rated,Unrated,1,0.0,1,1.8
5942,18245296,300.0,Indian Rupees(Rs.),3.6,0.0,White,Not rated,Unrated,2,0.0,2,3.6
5943,18254540,450.0,Indian Rupees(Rs.),5.4,0.0,White,Not rated,Unrated,2,0.0,2,5.4
5944,18354644,100.0,Indian Rupees(Rs.),1.2,0.0,White,Not rated,Unrated,0,0.0,0,0.0
5945,7684,100.0,Indian Rupees(Rs.),1.2,0.0,White,Not rated,Unrated,3,0.0,3,1.8
5946,18180047,700.0,Indian Rupees(Rs.),8.4,0.0,White,Not rated,Unrated,2,0.0,2,8.4
5947,18366586,500.0,Indian Rupees(Rs.),6.0,0.0,White,Not rated,Unrated,1,0.0,1,3.0
5948,112,1800.0,Indian Rupees(Rs.),21.6,4.2,Green,Very Good,4.0 - 4.4 (High),391,25.08,586,6328.8
5949,1903,1000.0,Indian Rupees(Rs.),12.0,3.2,Orange,Average,3.0 - 3.9 (Moderate),36,11.55,36,216.0
5950,300710,300.0,Indian Rupees(Rs.),3.6,3.4,Orange,Average,3.0 - 3.9 (Moderate),38,12.46,38,68.4
5951,308065,350.0,Indian Rupees(Rs.),4.2,2.9,Orange,Average,< 3.0 (Low),10,6.95,10,21.0
5952,18441549,350.0,Indian Rupees(Rs.),4.2,3.1,Orange,Average,3.0 - 3.9 (Moderate),7,6.45,7,14.7
5953,3685,350.0,Indian Rupees(Rs.),4.2,3.2,Orange,Average,3.0 - 3.9 (Moderate),40,11.88,40,84.0
5954,303599,300.0,Indian Rupees(Rs.),3.6,3.9,Yellow,Good,3.0 - 3.9 (Moderate),251,21.56,251,451.8
5955,462,800.0,Indian Rupees(Rs.),9.6,3.7,Yellow,Good,3.0 - 3.9 (Moderate),360,21.79,540,2592.0
5956,18474567,350.0,Indian Rupees(Rs.),4.2,0.0,White,Not rated,Unrated,2,0.0,2,4.2
5957,18434504,400.0,Indian Rupees(Rs.),4.8,0.0,White,Not rated,Unrated,0,0.0,0,0.0
5958,680,350.0,Indian Rupees(Rs.),4.2,2.2,Red,Poor,< 3.0 (Low),251,12.16,251,527.1
5959,18222581,250.0,Indian Rupees(Rs.),3.0,3.3,Orange,Average,3.0 - 3.9 (Moderate),27,11.0,27,40.5
5960,18432628,500.0,Indian Rupees(Rs.),6.0,0.0,White,Not rated,Unrated,0,0.0,0,0.0
5961,18357551,300.0,Indian Rupees(Rs.),3.6,0.0,White,Not rated,Unrated,0,0.0,0,0.0
5962,18360900,300.0,Indian Rupees(Rs.),3.6,0.0,White,Not rated,Unrated,0,0.0,0,0.0
5963,18358168,250.0,Indian Rupees(Rs.),3.0,0.0,White,Not rated,Unrated,0,0.0,0,0.0
5964,18472680,300.0,Indian Rupees(Rs.),3.6,0.0,White,Not rated,Unrated,0,0.0,0,0.0
5965,18409180,300.0,Indian Rupees(Rs.),3.6,0.0,White,Not rated,Unrated,0,0.0,0,0.0
5966,18429188,300.0,Indian Rupees(Rs.),3.6,0.0,White,Not rated,Unrated,0,0.0,0,0.0
5967,310164,500.0,Indian Rupees(Rs.),6.0,3.0,Orange,Average,3.0 - 3.9 (Moderate),10,7.19,15,45.0
5968,7712,500.0,Indian Rupees(Rs.),6.0,3.2,Orange,Average,3.0 - 3.9 (Moderate),18,9.42,18,54.0
5969,18311948,700.0,Indian Rupees(Rs.),8.4,3.0,Orange,Average,3.0 - 3.9 (Moderate),6,5.84,6,25.2
5970,7483,400.0,Indian Rupees(Rs.),4.8,3.5,Yellow,Good,3.0 - 3.9 (Moderate),26,11.54,26,62.4
5971,18355004,100.0,Indian Rupees(Rs.),1.2,0.0,White,Not rated,Unrated,0,0.0,0,0.0
5972,18291238,600.0,Indian Rupees(Rs.),7.2,0.0,White,Not rated,Unrated,2,0.0,2,7.2
5973,18472436,1100.0,Indian Rupees(Rs.),13.2,3.1,Orange,Average,3.0 - 3.9 (Moderate),5,5.55,5,33.0
5974,9037,500.0,Indian Rupees(Rs.),6.0,2.6,Orange,Average,< 3.0 (Low),55,10.47,55,165.0
5975,18391581,200.0,Indian Rupees(Rs.),2.4,3.1,Orange,Average,3.0 - 3.9 (Moderate),8,6.81,8,9.6
5976,7077,750.0,Indian Rupees(Rs.),9.0,2.6,Orange,Average,< 3.0 (Low),29,8.84,29,130.5
5977,306586,800.0,Indian Rupees(Rs.),9.6,3.2,Orange,Average,3.0 - 3.9 (Moderate),69,13.6,69,331.2
5978,306495,700.0,Indian Rupees(Rs.),8.4,3.3,Orange,Average,3.0 - 3.9 (Moderate),69,14.02,69,289.8
5979,9061,500.0,Indian Rupees(Rs.),6.0,3.2,Orange,Average,3.0 - 3.9 (Moderate),36,11.55,36,108.0
5980,18357946,600.0,Indian Rupees(Rs.),7.2,3.4,Orange,Average,3.0 - 3.9 (Moderate),36,12.28,36,129.6
5981,308991,200.0,Indian Rupees(Rs.),2.4,3.3,Orange,Average,3.0 - 3.9 (Moderate),18,9.72,18,21.6
5982,7071,250.0,Indian Rupees(Rs.),3.0,2.7,Orange,Average,< 3.0 (Low),17,7.8,26,39.0
5983,18282040,400.0,Indian Rupees(Rs.),4.8,3.2,Orange,Average,3.0 - 3.9 (Moderate),19,9.59,19,45.6
5984,8379,500.0,Indian Rupees(Rs.),6.0,2.6,Orange,Average,< 3.0 (Low),47,10.07,70,210.0
5985,9040,150.0,Indian Rupees(Rs.),1.8,3.3,Orange,Average,3.0 - 3.9 (Moderate),18,9.72,18,16.2
5986,18367984,400.0,Indian Rupees(Rs.),4.8,2.8,Orange,Average,< 3.0 (Low),6,5.45,6,14.4
5987,4455,800.0,Indian Rupees(Rs.),9.6,2.6,Orange,Average,< 3.0 (Low),71,11.12,71,340.8
5988,4454,700.0,Indian Rupees(Rs.),8.4,2.6,Orange,Average,< 3.0 (Low),46,10.01,46,193.2
5989,4560,600.0,Indian Rupees(Rs.),7.2,3.6,Yellow,Good,3.0 - 3.9 (Moderate),53,14.36,53,190.8
5990,4563,400.0,Indian Rupees(Rs.),4.8,3.9,Yellow,Good,3.0 - 3.9 (Moderate),51,15.41,51,122.4
5991,5062,1600.0,Indian Rupees(Rs.),19.2,3.7,Yellow,Good,3.0 - 3.9 (Moderate),792,24.7,1188,11404.8
5992,4568,2000.0,Indian Rupees(Rs.),24.0,3.8,Yellow,Good,3.0 - 3.9 (Moderate),601,24.32,902,10824.0
5993,4566,500.0,Indian Rupees(Rs.),6.0,3.5,Yellow,Good,3.0 - 3.9 (Moderate),65,14.66,65,195.0
5994,18383434,250.0,Indian Rupees(Rs.),3.0,3.9,Yellow,Good,3.0 - 3.9 (Moderate),31,13.52,31,46.5
5995,308972,250.0,Indian Rupees(Rs.),3.0,3.5,Yellow,Good,3.0 - 3.9 (Moderate),35,12.54,35,52.5
5996,307560,200.0,Indian Rupees(Rs.),2.4,0.0,White,Not rated,Unrated,0,0.0,0,0.0
5997,18336478,1000.0,Indian Rupees(Rs.),12.0,0.0,White,Not rated,Unrated,3,0.0,3,18.0
5998,309004,100.0,Indian Rupees(Rs.),1.2,0.0,White,Not rated,Unrated,1,0.0,1,0.6
5999,18492109,400.0,Indian Rupees(Rs.),4.8,0.0,White,Not rated,Unrated,1,0.0,1,2.4
6000,6283,400.0,Indian Rupees(Rs.),4.8,2.9,Orange,Average,< 3.0 (Low),5,5.2,5,12.0
6001,6356,600.0,Indian Rupees(Rs.),7.2,2.8,Orange,Average,< 3.0 (Low),6,5.45,6,21.6
6002,18356800,600.0,Indian Rupees(Rs.),7.2,3.1,Orange,Average,3.0 - 3.9 (Moderate),14,8.39,14,50.4
6003,18253103,500.0,Indian Rupees(Rs.),6.0,3.0,Orange,Average,3.0 - 3.9 (Moderate),4,4.83,4,12.0
6004,304152,450.0,Indian Rupees(Rs.),5.4,2.7,Orange,Average,< 3.0 (Low),16,7.65,16,43.2
6005,18287392,350.0,Indian Rupees(Rs.),4.2,3.4,Orange,Average,3.0 - 3.9 (Moderate),21,10.51,21,44.1
6006,3116,600.0,Indian Rupees(Rs.),7.2,3.2,Orange,Average,3.0 - 3.9 (Moderate),38,11.72,57,205.2
6007,308620,1100.0,Indian Rupees(Rs.),13.2,2.8,Orange,Average,< 3.0 (Low),8,6.15,8,52.8
6008,300608,200.0,Indian Rupees(Rs.),2.4,2.9,Orange,Average,< 3.0 (Low),4,4.67,4,4.8
6009,302162,900.0,Indian Rupees(Rs.),10.8,2.9,Orange,Average,< 3.0 (Low),32,10.14,32,172.8
6010,308187,700.0,Indian Rupees(Rs.),8.4,3.1,Orange,Average,3.0 - 3.9 (Moderate),29,10.54,29,121.8
6011,8292,700.0,Indian Rupees(Rs.),8.4,2.8,Orange,Average,< 3.0 (Low),19,8.39,19,79.8
6012,307114,550.0,Indian Rupees(Rs.),6.6,3.2,Orange,Average,3.0 - 3.9 (Moderate),18,9.42,18,59.4
6013,18408059,600.0,Indian Rupees(Rs.),7.2,3.0,Orange,Average,3.0 - 3.9 (Moderate),5,5.38,8,28.8
6014,308614,500.0,Indian Rupees(Rs.),6.0,2.9,Orange,Average,< 3.0 (Low),11,7.21,11,33.0
6015,304217,300.0,Indian Rupees(Rs.),3.6,2.9,Orange,Average,< 3.0 (Low),7,6.03,7,12.6
6016,302724,850.0,Indian Rupees(Rs.),10.2,2.9,Orange,Average,< 3.0 (Low),8,6.37,8,40.8
6017,5799,250.0,Indian Rupees(Rs.),3.0,2.9,Orange,Average,< 3.0 (Low),4,4.67,4,6.0
6018,3117,800.0,Indian Rupees(Rs.),9.6,2.8,Orange,Average,< 3.0 (Low),17,8.09,17,81.6
6019,300639,200.0,Indian Rupees(Rs.),2.4,3.0,Orange,Average,3.0 - 3.9 (Moderate),8,6.59,8,9.6
6020,18384879,200.0,Indian Rupees(Rs.),2.4,3.0,Orange,Average,3.0 - 3.9 (Moderate),6,5.84,6,7.2
6021,18481280,250.0,Indian Rupees(Rs.),3.0,3.0,Orange,Average,3.0 - 3.9 (Moderate),4,4.83,4,6.0
6022,300635,200.0,Indian Rupees(Rs.),2.4,3.0,Orange,Average,3.0 - 3.9 (Moderate),9,6.91,9,10.8
6023,302159,400.0,Indian Rupees(Rs.),4.8,3.2,Orange,Average,3.0 - 3.9 (Moderate),18,9.42,18,43.2
6024,18204494,900.0,Indian Rupees(Rs.),10.8,3.0,Orange,Average,3.0 - 3.9 (Moderate),10,7.19,10,54.0
6025,305135,1000.0,Indian Rupees(Rs.),12.0,3.1,Orange,Average,3.0 - 3.9 (Moderate),17,8.96,17,102.0
6026,302155,300.0,Indian Rupees(Rs.),3.6,3.1,Orange,Average,3.0 - 3.9 (Moderate),28,10.44,28,50.4
6027,3119,800.0,Indian Rupees(Rs.),9.6,2.9,Orange,Average,< 3.0 (Low),32,10.14,32,153.6
6028,3254,700.0,Indian Rupees(Rs.),8.4,3.0,Orange,Average,3.0 - 3.9 (Moderate),22,9.41,22,92.4
6029,302272,800.0,Indian Rupees(Rs.),9.6,2.8,Orange,Average,< 3.0 (Low),18,8.24,18,86.4
6030,300616,200.0,Indian Rupees(Rs.),2.4,2.9,Orange,Average,< 3.0 (Low),4,4.67,4,4.8
6031,5796,700.0,Indian Rupees(Rs.),8.4,3.2,Orange,Average,3.0 - 3.9 (Moderate),679,20.87,679,2851.8
6032,310595,1000.0,Indian Rupees(Rs.),12.0,2.7,Orange,Average,< 3.0 (Low),19,8.09,19,114.0
6033,303788,600.0,Indian Rupees(Rs.),7.2,3.2,Orange,Average,3.0 - 3.9 (Moderate),22,10.03,22,79.2
6034,305490,500.0,Indian Rupees(Rs.),6.0,3.0,Orange,Average,3.0 - 3.9 (Moderate),5,5.38,5,15.0
6035,300620,300.0,Indian Rupees(Rs.),3.6,3.3,Orange,Average,3.0 - 3.9 (Moderate),25,10.75,25,45.0
6036,18218076,350.0,Indian Rupees(Rs.),4.2,3.1,Orange,Average,3.0 - 3.9 (Moderate),6,6.03,6,12.6
6037,308682,800.0,Indian Rupees(Rs.),9.6,2.8,Orange,Average,< 3.0 (Low),26,9.23,39,187.2
6038,18198465,1300.0,Indian Rupees(Rs.),15.6,3.1,Orange,Average,3.0 - 3.9 (Moderate),14,8.39,14,109.2
6039,311879,200.0,Indian Rupees(Rs.),2.4,3.2,Orange,Average,3.0 - 3.9 (Moderate),12,8.21,12,14.4
6040,1888,500.0,Indian Rupees(Rs.),6.0,2.7,Orange,Average,< 3.0 (Low),37,9.82,56,168.0
6041,301191,600.0,Indian Rupees(Rs.),7.2,2.9,Orange,Average,< 3.0 (Low),9,6.68,9,32.4
6042,6345,800.0,Indian Rupees(Rs.),9.6,2.8,Orange,Average,< 3.0 (Low),8,6.15,8,38.4
6043,18272388,100.0,Indian Rupees(Rs.),1.2,3.1,Orange,Average,3.0 - 3.9 (Moderate),5,5.55,5,3.0
6044,6355,300.0,Indian Rupees(Rs.),3.6,2.9,Orange,Average,< 3.0 (Low),8,6.37,8,14.4
6045,300571,250.0,Indian Rupees(Rs.),3.0,2.7,Orange,Average,< 3.0 (Low),7,5.61,7,10.5
6046,302173,200.0,Indian Rupees(Rs.),2.4,2.7,Orange,Average,< 3.0 (Low),12,6.93,12,14.4
6047,5801,600.0,Indian Rupees(Rs.),7.2,3.4,Orange,Average,3.0 - 3.9 (Moderate),37,12.37,37,133.2
6048,18261165,850.0,Indian Rupees(Rs.),10.2,3.0,Orange,Average,3.0 - 3.9 (Moderate),8,6.59,8,40.8
6049,302188,1400.0,Indian Rupees(Rs.),16.8,3.2,Orange,Average,3.0 - 3.9 (Moderate),18,9.42,18,151.2
6050,18017258,600.0,Indian Rupees(Rs.),7.2,2.8,Orange,Average,< 3.0 (Low),10,6.71,10,36.0
6051,3094,900.0,Indian Rupees(Rs.),10.8,3.0,Orange,Average,3.0 - 3.9 (Moderate),11,7.45,11,59.4
6052,3118,600.0,Indian Rupees(Rs.),7.2,3.0,Orange,Average,3.0 - 3.9 (Moderate),16,8.5,16,57.6
6053,6359,550.0,Indian Rupees(Rs.),6.6,2.9,Orange,Average,< 3.0 (Low),7,6.03,7,23.1
6054,18252250,200.0,Indian Rupees(Rs.),2.4,2.8,Orange,Average,< 3.0 (Low),4,4.51,4,4.8
6055,5949,1100.0,Indian Rupees(Rs.),13.2,2.7,Orange,Average,< 3.0 (Low),13,7.13,13,85.8
6056,18409188,400.0,Indian Rupees(Rs.),4.8,3.5,Yellow,Good,3.0 - 3.9 (Moderate),27,11.66,27,64.8
6057,5753,400.0,Indian Rupees(Rs.),4.8,3.5,Yellow,Good,3.0 - 3.9 (Moderate),39,12.91,39,93.6
6058,18354666,600.0,Indian Rupees(Rs.),7.2,0.0,White,Not rated,Unrated,3,0.0,3,10.8
6059,305025,100.0,Indian Rupees(Rs.),1.2,0.0,White,Not rated,Unrated,1,0.0,1,0.6
6060,311468,100.0,Indian Rupees(Rs.),1.2,0.0,White,Not rated,Unrated,1,0.0,1,0.6
6061,18381669,1000.0,Indian Rupees(Rs.),12.0,0.0,White,Not rated,Unrated,2,0.0,2,12.0
6062,18273527,400.0,Indian Rupees(Rs.),4.8,2.2,Red,Poor,< 3.0 (Low),16,6.23,16,38.4
6063,6075,100.0,Indian Rupees(Rs.),1.2,4.3,Green,Very Good,4.0 - 4.4 (High),1317,30.89,1976,1185.6
6064,306750,300.0,Indian Rupees(Rs.),3.6,2.9,Orange,Average,< 3.0 (Low),5,5.2,5,9.0
6065,306739,200.0,Indian Rupees(Rs.),2.4,2.9,Orange,Average,< 3.0 (Low),5,5.2,5,6.0
6066,18312564,600.0,Indian Rupees(Rs.),7.2,3.0,Orange,Average,3.0 - 3.9 (Moderate),7,6.24,7,25.2
6067,306741,400.0,Indian Rupees(Rs.),4.8,2.9,Orange,Average,< 3.0 (Low),4,4.67,4,9.6
6068,9974,400.0,Indian Rupees(Rs.),4.8,2.9,Orange,Average,< 3.0 (Low),7,6.03,7,16.8
6069,300529,200.0,Indian Rupees(Rs.),2.4,3.0,Orange,Average,3.0 - 3.9 (Moderate),10,7.19,10,12.0
6070,312169,650.0,Indian Rupees(Rs.),7.8,2.7,Orange,Average,< 3.0 (Low),8,5.93,8,31.2
6071,301783,100.0,Indian Rupees(Rs.),1.2,2.9,Orange,Average,< 3.0 (Low),5,5.2,5,3.0
6072,9218,200.0,Indian Rupees(Rs.),2.4,2.8,Orange,Average,< 3.0 (Low),6,5.45,6,7.2
6073,301994,450.0,Indian Rupees(Rs.),5.4,3.0,Orange,Average,3.0 - 3.9 (Moderate),5,5.38,5,13.5
6074,306729,150.0,Indian Rupees(Rs.),1.8,3.0,Orange,Average,3.0 - 3.9 (Moderate),6,5.84,6,5.4
6075,9207,100.0,Indian Rupees(Rs.),1.2,2.8,Orange,Average,< 3.0 (Low),6,5.45,6,3.6
6076,306743,100.0,Indian Rupees(Rs.),1.2,0.0,White,Not rated,Unrated,2,0.0,2,1.2
6077,306733,150.0,Indian Rupees(Rs.),1.8,0.0,White,Not rated,Unrated,2,0.0,2,1.8
6078,302042,100.0,Indian Rupees(Rs.),1.2,0.0,White,Not rated,Unrated,2,0.0,2,1.2
6079,18231755,200.0,Indian Rupees(Rs.),2.4,0.0,White,Not rated,Unrated,1,0.0,1,1.2
6080,18228878,300.0,Indian Rupees(Rs.),3.6,0.0,White,Not rated,Unrated,0,0.0,0,0.0
6081,302011,100.0,Indian Rupees(Rs.),1.2,0.0,White,Not rated,Unrated,1,0.0,1,0.6
6082,18366001,200.0,Indian Rupees(Rs.),2.4,0.0,White,Not rated,Unrated,0,0.0,0,0.0
6083,18368020,200.0,Indian Rupees(Rs.),2.4,0.0,White,Not rated,Unrated,1,0.0,1,1.2
6084,301786,200.0,Indian Rupees(Rs.),2.4,0.0,White,Not rated,Unrated,0,0.0,0,0.0
6085,302221,100.0,Indian Rupees(Rs.),1.2,0.0,White,Not rated,Unrated,1,0.0,1,0.6
6086,302175,350.0,Indian Rupees(Rs.),4.2,0.0,White,Not rated,Unrated,2,0.0,2,4.2
6087,18431171,600.0,Indian Rupees(Rs.),7.2,0.0,White,Not rated,Unrated,1,0.0,1,3.6
6088,17989108,150.0,Indian Rupees(Rs.),1.8,0.0,White,Not rated,Unrated,0,0.0,0,0.0
6089,18449798,700.0,Indian Rupees(Rs.),8.4,0.0,White,Not rated,Unrated,1,0.0,1,4.2
6090,313287,200.0,Indian Rupees(Rs.),2.4,0.0,White,Not rated,Unrated,1,0.0,1,1.2
6091,312161,200.0,Indian Rupees(Rs.),2.4,0.0,White,Not rated,Unrated,0,0.0,0,0.0
6092,18368003,100.0,Indian Rupees(Rs.),1.2,0.0,White,Not rated,Unrated,0,0.0,0,0.0
6093,312153,200.0,Indian Rupees(Rs.),2.4,0.0,White,Not rated,Unrated,2,0.0,2,2.4
6094,18449651,600.0,Indian Rupees(Rs.),7.2,0.0,White,Not rated,Unrated,2,0.0,2,7.2
6095,18431159,450.0,Indian Rupees(Rs.),5.4,0.0,White,Not rated,Unrated,1,0.0,1,2.7
6096,18350870,500.0,Indian Rupees(Rs.),6.0,0.0,White,Not rated,Unrated,1,0.0,1,3.0
6097,302002,100.0,Indian Rupees(Rs.),1.2,0.0,White,Not rated,Unrated,1,0.0,1,0.6
6098,312146,150.0,Indian Rupees(Rs.),1.8,0.0,White,Not rated,Unrated,3,0.0,3,2.7
6099,18431173,400.0,Indian Rupees(Rs.),4.8,0.0,White,Not rated,Unrated,0,0.0,0,0.0
6100,18372324,250.0,Indian Rupees(Rs.),3.0,0.0,White,Not rated,Unrated,0,0.0,0,0.0
6101,18445631,200.0,Indian Rupees(Rs.),2.4,0.0,White,Not rated,Unrated,1,0.0,1,1.2
6102,18431151,350.0,Indian Rupees(Rs.),4.2,0.0,White,Not rated,Unrated,1,0.0,1,2.1
6103,18378581,350.0,Indian Rupees(Rs.),4.2,0.0,White,Not rated,Unrated,0,0.0,0,0.0
6104,18406823,150.0,Indian Rupees(Rs.),1.8,0.0,White,Not rated,Unrated,0,0.0,0,0.0
6105,301867,100.0,Indian Rupees(Rs.),1.2,0.0,White,Not rated,Unrated,3,0.0,3,1.8
6106,306657,200.0,Indian Rupees(Rs.),2.4,0.0,White,Not rated,Unrated,0,0.0,0,0.0
6107,306747,100.0,Indian Rupees(Rs.),1.2,0.0,White,Not rated,Unrated,1,0.0,1,0.6
6108,18376478,500.0,Indian Rupees(Rs.),6.0,0.0,White,Not rated,Unrated,2,0.0,2,6.0
6109,301775,500.0,Indian Rupees(Rs.),6.0,0.0,White,Not rated,Unrated,2,0.0,2,6.0
6110,313012,500.0,Indian Rupees(Rs.),6.0,0.0,White,Not rated,Unrated,2,0.0,3,9.0
6111,18466429,100.0,Indian Rupees(Rs.),1.2,0.0,White,Not rated,Unrated,0,0.0,0,0.0
6112,18222029,200.0,Indian Rupees(Rs.),2.4,0.0,White,Not rated,Unrated,1,0.0,1,1.2
6113,302782,100.0,Indian Rupees(Rs.),1.2,0.0,White,Not rated,Unrated,1,0.0,1,0.6
6114,18440259,500.0,Indian Rupees(Rs.),6.0,0.0,White,Not rated,Unrated,3,0.0,3,9.0
6115,18369764,550.0,Indian Rupees(Rs.),6.6,0.0,White,Not rated,Unrated,0,0.0,0,0.0
6116,17989110,400.0,Indian Rupees(Rs.),4.8,0.0,White,Not rated,Unrated,1,0.0,1,2.4
6117,18369751,200.0,Indian Rupees(Rs.),2.4,0.0,White,Not rated,Unrated,1,0.0,1,1.2
6118,302046,200.0,Indian Rupees(Rs.),2.4,0.0,White,Not rated,Unrated,1,0.0,1,1.2
6119,18431105,400.0,Indian Rupees(Rs.),4.8,0.0,White,Not rated,Unrated,0,0.0,0,0.0
6120,18489651,500.0,Indian Rupees(Rs.),6.0,0.0,White,Not rated,Unrated,1,0.0,1,3.0
6121,306749,200.0,Indian Rupees(Rs.),2.4,0.0,White,Not rated,Unrated,3,0.0,3,3.6
6122,308128,100.0,Indian Rupees(Rs.),1.2,0.0,White,Not rated,Unrated,1,0.0,1,0.6
6123,306653,50.0,Indian Rupees(Rs.),0.6,0.0,White,Not rated,Unrated,1,0.0,1,0.3
6124,18433910,500.0,Indian Rupees(Rs.),6.0,3.2,Orange,Average,3.0 - 3.9 (Moderate),10,7.67,10,30.0
6125,18435287,400.0,Indian Rupees(Rs.),4.8,3.2,Orange,Average,3.0 - 3.9 (Moderate),4,5.15,6,14.4
6126,18433897,900.0,Indian Rupees(Rs.),10.8,0.0,White,Not rated,Unrated,2,0.0,2,10.8
6127,18435820,600.0,Indian Rupees(Rs.),7.2,0.0,White,Not rated,Unrated,0,0.0,0,0.0
6128,18435289,700.0,Indian Rupees(Rs.),8.4,0.0,White,Not rated,Unrated,0,0.0,0,0.0
6129,18438424,600.0,Indian Rupees(Rs.),7.2,0.0,White,Not rated,Unrated,0,0.0,0,0.0
6130,18435290,400.0,Indian Rupees(Rs.),4.8,0.0,White,Not rated,Unrated,2,0.0,2,4.8
6131,18433864,650.0,Indian Rupees(Rs.),7.8,0.0,White,Not rated,Unrated,1,0.0,1,3.9
6132,18435829,350.0,Indian Rupees(Rs.),4.2,0.0,White,Not rated,Unrated,0,0.0,0,0.0
6133,7618,400.0,Indian Rupees(Rs.),4.8,3.3,Orange,Average,3.0 - 3.9 (Moderate),46,12.71,46,110.4
6134,3637,550.0,Indian Rupees(Rs.),6.6,3.4,Orange,Average,3.0 - 3.9 (Moderate),66,14.3,99,326.7
6135,302277,700.0,Indian Rupees(Rs.),8.4,3.1,Orange,Average,3.0 - 3.9 (Moderate),11,7.7,11,46.2
6136,18216942,900.0,Indian Rupees(Rs.),10.8,4.3,Green,Very Good,4.0 - 4.4 (High),108,20.17,162,874.8
6137,5784,400.0,Indian Rupees(Rs.),4.8,3.3,Orange,Average,3.0 - 3.9 (Moderate),39,12.17,39,93.6
6138,5783,300.0,Indian Rupees(Rs.),3.6,3.5,Yellow,Good,3.0 - 3.9 (Moderate),39,12.91,39,70.2
6139,800,1500.0,Indian Rupees(Rs.),18.0,3.6,Yellow,Good,3.0 - 3.9 (Moderate),447,21.98,670,6030.0
6140,73,1200.0,Indian Rupees(Rs.),14.4,3.9,Yellow,Good,3.0 - 3.9 (Moderate),768,25.92,1152,8294.4
6141,308537,200.0,Indian Rupees(Rs.),2.4,3.8,Yellow,Good,3.0 - 3.9 (Moderate),154,19.17,154,184.8
6142,803,1700.0,Indian Rupees(Rs.),20.4,3.8,Yellow,Good,3.0 - 3.9 (Moderate),337,22.13,506,5161.2
6143,103,1200.0,Indian Rupees(Rs.),14.4,3.8,Yellow,Good,3.0 - 3.9 (Moderate),600,24.31,900,6480.0
6144,18421051,1600.0,Indian Rupees(Rs.),19.2,4.4,Green,Very Good,4.0 - 4.4 (High),64,18.37,64,614.4
6145,799,1500.0,Indian Rupees(Rs.),18.0,4.4,Green,Very Good,4.0 - 4.4 (High),4373,36.89,6560,59040.0
6146,801,1500.0,Indian Rupees(Rs.),18.0,4.1,Green,Very Good,4.0 - 4.4 (High),1157,28.92,1157,10413.0
6147,308845,250.0,Indian Rupees(Rs.),3.0,2.9,Orange,Average,< 3.0 (Low),5,5.2,5,7.5
6148,306826,350.0,Indian Rupees(Rs.),4.2,2.9,Orange,Average,< 3.0 (Low),4,4.67,4,8.4
6149,18432030,350.0,Indian Rupees(Rs.),4.2,0.0,White,Not rated,Unrated,0,0.0,0,0.0
6150,18466825,300.0,Indian Rupees(Rs.),3.6,0.0,White,Not rated,Unrated,1,0.0,1,1.8
6151,18491638,300.0,Indian Rupees(Rs.),3.6,0.0,White,Not rated,Unrated,1,0.0,1,1.8
6152,18499474,700.0,Indian Rupees(Rs.),8.4,0.0,White,Not rated,Unrated,0,0.0,0,0.0
6153,18440169,250.0,Indian Rupees(Rs.),3.0,0.0,White,Not rated,Unrated,0,0.0,0,0.0
6154,18393448,250.0,Indian Rupees(Rs.),3.0,0.0,White,Not rated,Unrated,0,0.0,0,0.0
6155,18294222,200.0,Indian Rupees(Rs.),2.4,0.0,White,Not rated,Unrated,0,0.0,0,0.0
6156,18232109,500.0,Indian Rupees(Rs.),6.0,0.0,White,Not rated,Unrated,0,0.0,0,0.0
6157,303468,250.0,Indian Rupees(Rs.),3.0,0.0,White,Not rated,Unrated,1,0.0,1,1.5
6158,18289272,200.0,Indian Rupees(Rs.),2.4,0.0,White,Not rated,Unrated,0,0.0,0,0.0
6159,18440436,350.0,Indian Rupees(Rs.),4.2,0.0,White,Not rated,Unrated,0,0.0,0,0.0
6160,18372299,600.0,Indian Rupees(Rs.),7.2,0.0,White,Not rated,Unrated,0,0.0,0,0.0
6161,18244429,200.0,Indian Rupees(Rs.),2.4,0.0,White,Not rated,Unrated,0,0.0,0,0.0
6162,18449949,150.0,Indian Rupees(Rs.),1.8,0.0,White,Not rated,Unrated,0,0.0,0,0.0
6163,311199,300.0,Indian Rupees(Rs.),3.6,0.0,White,Not rated,Unrated,3,0.0,3,5.4
6164,300801,300.0,Indian Rupees(Rs.),3.6,0.0,White,Not rated,Unrated,1,0.0,1,1.8
6165,18293989,250.0,Indian Rupees(Rs.),3.0,0.0,White,Not rated,Unrated,0,0.0,0,0.0
6166,18440163,350.0,Indian Rupees(Rs.),4.2,0.0,White,Not rated,Unrated,0,0.0,0,0.0
6167,18303817,350.0,Indian Rupees(Rs.),4.2,2.7,Orange,Average,< 3.0 (Low),30,9.27,45,94.5
6168,312913,500.0,Indian Rupees(Rs.),6.0,2.9,Orange,Average,< 3.0 (Low),38,10.62,57,171.0
6169,5645,400.0,Indian Rupees(Rs.),4.8,2.8,Orange,Average,< 3.0 (Low),53,11.17,53,127.2
6170,312387,250.0,Indian Rupees(Rs.),3.0,3.1,Orange,Average,3.0 - 3.9 (Moderate),15,8.6,22,33.0
6171,5594,450.0,Indian Rupees(Rs.),5.4,3.3,Orange,Average,3.0 - 3.9 (Moderate),40,12.25,40,108.0
6172,18175309,350.0,Indian Rupees(Rs.),4.2,3.3,Orange,Average,3.0 - 3.9 (Moderate),14,8.94,14,29.4
6173,312990,600.0,Indian Rupees(Rs.),7.2,3.3,Orange,Average,3.0 - 3.9 (Moderate),49,12.91,74,266.4
6174,18233577,200.0,Indian Rupees(Rs.),2.4,3.3,Orange,Average,3.0 - 3.9 (Moderate),21,10.2,32,38.4
6175,309836,300.0,Indian Rupees(Rs.),3.6,3.2,Orange,Average,3.0 - 3.9 (Moderate),9,7.37,9,16.2
6176,7692,300.0,Indian Rupees(Rs.),3.6,2.9,Orange,Average,< 3.0 (Low),44,11.04,44,79.2
6177,18224548,500.0,Indian Rupees(Rs.),6.0,3.1,Orange,Average,3.0 - 3.9 (Moderate),24,9.98,36,108.0
6178,213,700.0,Indian Rupees(Rs.),8.4,3.2,Orange,Average,3.0 - 3.9 (Moderate),111,15.1,111,466.2
6179,7488,350.0,Indian Rupees(Rs.),4.2,3.3,Orange,Average,3.0 - 3.9 (Moderate),51,13.04,76,159.6
6180,18356817,300.0,Indian Rupees(Rs.),3.6,3.4,Orange,Average,3.0 - 3.9 (Moderate),23,10.81,34,61.2
6181,1987,100.0,Indian Rupees(Rs.),1.2,3.4,Orange,Average,3.0 - 3.9 (Moderate),46,13.09,46,27.6
6182,18241871,700.0,Indian Rupees(Rs.),8.4,3.2,Orange,Average,3.0 - 3.9 (Moderate),50,12.58,75,315.0
6183,300337,150.0,Indian Rupees(Rs.),1.8,3.2,Orange,Average,3.0 - 3.9 (Moderate),34,11.38,34,30.6
6184,18232113,400.0,Indian Rupees(Rs.),4.8,3.4,Orange,Average,3.0 - 3.9 (Moderate),27,11.33,40,96.0
6185,303018,300.0,Indian Rupees(Rs.),3.6,3.1,Orange,Average,3.0 - 3.9 (Moderate),27,10.33,27,48.6
6186,300318,600.0,Indian Rupees(Rs.),7.2,2.9,Orange,Average,< 3.0 (Low),37,10.55,56,201.6
6187,18070479,500.0,Indian Rupees(Rs.),6.0,3.3,Orange,Average,3.0 - 3.9 (Moderate),31,11.44,46,138.0
6188,9956,500.0,Indian Rupees(Rs.),6.0,3.3,Orange,Average,3.0 - 3.9 (Moderate),94,15.03,141,423.0
6189,5652,250.0,Indian Rupees(Rs.),3.0,3.2,Orange,Average,3.0 - 3.9 (Moderate),37,11.64,37,55.5
6190,7330,300.0,Indian Rupees(Rs.),3.6,3.0,Orange,Average,3.0 - 3.9 (Moderate),43,11.35,64,115.2
6191,4801,700.0,Indian Rupees(Rs.),8.4,3.4,Orange,Average,3.0 - 3.9 (Moderate),46,13.09,46,193.2
6192,9853,800.0,Indian Rupees(Rs.),9.6,3.4,Orange,Average,3.0 - 3.9 (Moderate),75,14.72,112,537.6
6193,308929,800.0,Indian Rupees(Rs.),9.6,3.1,Orange,Average,3.0 - 3.9 (Moderate),58,12.64,87,417.6
6194,300344,200.0,Indian Rupees(Rs.),2.4,2.7,Orange,Average,< 3.0 (Low),36,9.75,36,43.2
6195,18372287,450.0,Indian Rupees(Rs.),5.4,2.7,Orange,Average,< 3.0 (Low),16,7.65,16,43.2
6196,18198449,400.0,Indian Rupees(Rs.),4.8,3.3,Orange,Average,3.0 - 3.9 (Moderate),31,11.44,31,74.4
6197,300343,650.0,Indian Rupees(Rs.),7.8,3.4,Orange,Average,3.0 - 3.9 (Moderate),39,12.54,58,226.2
6198,300323,350.0,Indian Rupees(Rs.),4.2,3.2,Orange,Average,3.0 - 3.9 (Moderate),92,14.5,138,289.8
6199,2366,600.0,Indian Rupees(Rs.),7.2,2.5,Orange,Average,< 3.0 (Low),78,10.92,117,421.2
6200,300334,150.0,Indian Rupees(Rs.),1.8,2.6,Orange,Average,< 3.0 (Low),49,10.17,49,44.1
6201,300321,450.0,Indian Rupees(Rs.),5.4,3.2,Orange,Average,3.0 - 3.9 (Moderate),49,12.52,49,132.3
6202,5655,250.0,Indian Rupees(Rs.),3.0,3.4,Orange,Average,3.0 - 3.9 (Moderate),35,12.18,35,52.5
6203,7274,250.0,Indian Rupees(Rs.),3.0,2.7,Orange,Average,< 3.0 (Low),27,9.0,27,40.5
6204,9670,800.0,Indian Rupees(Rs.),9.6,3.2,Orange,Average,3.0 - 3.9 (Moderate),95,14.61,142,681.6
6205,311957,200.0,Indian Rupees(Rs.),2.4,3.4,Orange,Average,3.0 - 3.9 (Moderate),65,14.24,98,117.6
6206,1990,300.0,Indian Rupees(Rs.),3.6,2.8,Orange,Average,< 3.0 (Low),29,9.52,29,52.2
6207,18279470,550.0,Indian Rupees(Rs.),6.6,3.2,Orange,Average,3.0 - 3.9 (Moderate),32,11.19,32,105.6
6208,307965,500.0,Indian Rupees(Rs.),6.0,3.6,Yellow,Good,3.0 - 3.9 (Moderate),40,13.37,40,120.0
6209,18336183,400.0,Indian Rupees(Rs.),4.8,3.8,Yellow,Good,3.0 - 3.9 (Moderate),63,15.8,94,225.6
6210,18472416,700.0,Indian Rupees(Rs.),8.4,3.5,Yellow,Good,3.0 - 3.9 (Moderate),18,10.31,18,75.6
6211,306636,300.0,Indian Rupees(Rs.),3.6,3.6,Yellow,Good,3.0 - 3.9 (Moderate),52,14.29,78,140.4
6212,300335,350.0,Indian Rupees(Rs.),4.2,3.5,Yellow,Good,3.0 - 3.9 (Moderate),107,16.39,107,224.7
6213,311379,550.0,Indian Rupees(Rs.),6.6,3.8,Yellow,Good,3.0 - 3.9 (Moderate),105,17.72,158,521.4
6214,18379474,600.0,Indian Rupees(Rs.),7.2,3.6,Yellow,Good,3.0 - 3.9 (Moderate),29,12.24,44,158.4
6215,309307,200.0,Indian Rupees(Rs.),2.4,3.5,Yellow,Good,3.0 - 3.9 (Moderate),75,15.16,112,134.4
6216,312425,400.0,Indian Rupees(Rs.),4.8,3.5,Yellow,Good,3.0 - 3.9 (Moderate),76,15.2,114,273.6
6217,7291,300.0,Indian Rupees(Rs.),3.6,3.6,Yellow,Good,3.0 - 3.9 (Moderate),108,16.89,162,291.6
6218,18163915,600.0,Indian Rupees(Rs.),7.2,3.6,Yellow,Good,3.0 - 3.9 (Moderate),75,15.59,112,403.2
6219,18233583,300.0,Indian Rupees(Rs.),3.6,2.1,Red,Poor,< 3.0 (Low),68,8.89,102,183.6
6220,310630,400.0,Indian Rupees(Rs.),4.8,2.2,Red,Poor,< 3.0 (Low),43,8.33,64,153.6
6221,7271,700.0,Indian Rupees(Rs.),8.4,2.1,Red,Poor,< 3.0 (Low),45,8.04,68,285.6
6222,18138442,500.0,Indian Rupees(Rs.),6.0,2.3,Red,Poor,< 3.0 (Low),31,7.97,46,138.0
6223,308559,1200.0,Indian Rupees(Rs.),14.4,3.1,Orange,Average,3.0 - 3.9 (Moderate),18,9.13,18,129.6
6224,18358841,400.0,Indian Rupees(Rs.),4.8,2.8,Orange,Average,< 3.0 (Low),15,7.76,22,52.8
6225,18397140,500.0,Indian Rupees(Rs.),6.0,3.0,Orange,Average,3.0 - 3.9 (Moderate),5,5.38,5,15.0
6226,18168171,450.0,Indian Rupees(Rs.),5.4,2.8,Orange,Average,< 3.0 (Low),55,11.27,82,221.4
6227,18458961,400.0,Indian Rupees(Rs.),4.8,3.2,Orange,Average,3.0 - 3.9 (Moderate),12,8.21,12,28.8
6228,18208914,500.0,Indian Rupees(Rs.),6.0,3.4,Orange,Average,3.0 - 3.9 (Moderate),27,11.33,40,120.0
6229,18231410,300.0,Indian Rupees(Rs.),3.6,3.7,Yellow,Good,3.0 - 3.9 (Moderate),59,15.15,59,106.2
6230,18037850,400.0,Indian Rupees(Rs.),4.8,3.5,Yellow,Good,3.0 - 3.9 (Moderate),65,14.66,65,156.0
6231,307501,2000.0,Indian Rupees(Rs.),24.0,2.6,Orange,Average,< 3.0 (Low),67,10.97,67,804.0
6232,3362,1100.0,Indian Rupees(Rs.),13.2,3.4,Orange,Average,3.0 - 3.9 (Moderate),67,14.35,100,660.0
6233,18424879,300.0,Indian Rupees(Rs.),3.6,2.8,Orange,Average,< 3.0 (Low),7,5.82,7,12.6
6234,18363074,100.0,Indian Rupees(Rs.),1.2,3.1,Orange,Average,3.0 - 3.9 (Moderate),4,4.99,4,2.4
6235,18386078,300.0,Indian Rupees(Rs.),3.6,3.0,Orange,Average,3.0 - 3.9 (Moderate),4,4.83,6,10.8
6236,313146,350.0,Indian Rupees(Rs.),4.2,3.2,Orange,Average,3.0 - 3.9 (Moderate),9,7.37,14,29.4
6237,3967,650.0,Indian Rupees(Rs.),7.8,2.6,Orange,Average,< 3.0 (Low),113,12.31,170,663.0
6238,18378050,1600.0,Indian Rupees(Rs.),19.2,2.8,Orange,Average,< 3.0 (Low),27,9.33,27,259.2
6239,309685,400.0,Indian Rupees(Rs.),4.8,2.8,Orange,Average,< 3.0 (Low),63,11.64,63,151.2
6240,8940,650.0,Indian Rupees(Rs.),7.8,3.2,Orange,Average,3.0 - 3.9 (Moderate),29,10.88,29,113.1
6241,300672,500.0,Indian Rupees(Rs.),6.0,3.2,Orange,Average,3.0 - 3.9 (Moderate),161,16.28,242,726.0
6242,313355,400.0,Indian Rupees(Rs.),4.8,3.2,Orange,Average,3.0 - 3.9 (Moderate),38,11.72,57,136.8
6243,2958,600.0,Indian Rupees(Rs.),7.2,2.5,Orange,Average,< 3.0 (Low),75,10.83,75,270.0
6244,304093,600.0,Indian Rupees(Rs.),7.2,3.2,Orange,Average,3.0 - 3.9 (Moderate),45,12.25,45,162.0
6245,6453,450.0,Indian Rupees(Rs.),5.4,2.9,Orange,Average,< 3.0 (Low),60,11.92,90,243.0
6246,18456456,1000.0,Indian Rupees(Rs.),12.0,3.3,Orange,Average,3.0 - 3.9 (Moderate),10,7.91,10,60.0
6247,18306511,250.0,Indian Rupees(Rs.),3.0,3.4,Orange,Average,3.0 - 3.9 (Moderate),33,11.99,50,75.0
6248,214,700.0,Indian Rupees(Rs.),8.4,3.2,Orange,Average,3.0 - 3.9 (Moderate),73,13.77,73,306.6
6249,3892,700.0,Indian Rupees(Rs.),8.4,2.6,Orange,Average,< 3.0 (Low),65,10.89,65,273.0
6250,300873,400.0,Indian Rupees(Rs.),4.8,3.3,Orange,Average,3.0 - 3.9 (Moderate),72,14.16,108,259.2
6251,307419,600.0,Indian Rupees(Rs.),7.2,2.5,Orange,Average,< 3.0 (Low),7,5.2,7,25.2
6252,5862,400.0,Indian Rupees(Rs.),4.8,3.1,Orange,Average,3.0 - 3.9 (Moderate),36,11.19,54,129.6
6253,18477957,400.0,Indian Rupees(Rs.),4.8,2.9,Orange,Average,< 3.0 (Low),6,5.64,6,14.4
6254,18398575,200.0,Indian Rupees(Rs.),2.4,3.0,Orange,Average,3.0 - 3.9 (Moderate),5,5.38,8,9.6
6255,1123,150.0,Indian Rupees(Rs.),1.8,3.1,Orange,Average,3.0 - 3.9 (Moderate),41,11.59,41,36.9
6256,313443,500.0,Indian Rupees(Rs.),6.0,2.8,Orange,Average,< 3.0 (Low),20,8.52,30,90.0
6257,306816,200.0,Indian Rupees(Rs.),2.4,3.1,Orange,Average,3.0 - 3.9 (Moderate),12,7.95,12,14.4
6258,312471,400.0,Indian Rupees(Rs.),4.8,3.1,Orange,Average,3.0 - 3.9 (Moderate),25,10.1,38,91.2
6259,194,500.0,Indian Rupees(Rs.),6.0,3.3,Orange,Average,3.0 - 3.9 (Moderate),58,13.46,87,261.0
6260,1959,600.0,Indian Rupees(Rs.),7.2,2.8,Orange,Average,< 3.0 (Low),49,10.95,74,266.4
6261,17977763,350.0,Indian Rupees(Rs.),4.2,3.2,Orange,Average,3.0 - 3.9 (Moderate),31,11.09,46,96.6
6262,8941,400.0,Indian Rupees(Rs.),4.8,3.2,Orange,Average,3.0 - 3.9 (Moderate),39,11.8,39,93.6
6263,308607,500.0,Indian Rupees(Rs.),6.0,2.7,Orange,Average,< 3.0 (Low),43,10.22,64,192.0
6264,313442,500.0,Indian Rupees(Rs.),6.0,2.7,Orange,Average,< 3.0 (Low),7,5.61,10,30.0
6265,18358201,600.0,Indian Rupees(Rs.),7.2,3.1,Orange,Average,3.0 - 3.9 (Moderate),15,8.6,22,79.2
6266,5392,400.0,Indian Rupees(Rs.),4.8,3.3,Orange,Average,3.0 - 3.9 (Moderate),110,15.54,110,264.0
6267,312334,550.0,Indian Rupees(Rs.),6.6,3.3,Orange,Average,3.0 - 3.9 (Moderate),31,11.44,46,151.8
6268,18396440,500.0,Indian Rupees(Rs.),6.0,2.6,Orange,Average,< 3.0 (Low),4,4.18,6,18.0
6269,3966,750.0,Indian Rupees(Rs.),9.0,2.6,Orange,Average,< 3.0 (Low),48,10.12,72,324.0
6270,304389,400.0,Indian Rupees(Rs.),4.8,2.9,Orange,Average,< 3.0 (Low),9,6.68,9,21.6
6271,18175260,600.0,Indian Rupees(Rs.),7.2,3.3,Orange,Average,3.0 - 3.9 (Moderate),24,10.62,36,129.6
6272,18057827,400.0,Indian Rupees(Rs.),4.8,2.7,Orange,Average,< 3.0 (Low),8,5.93,12,28.8
6273,8961,600.0,Indian Rupees(Rs.),7.2,3.1,Orange,Average,3.0 - 3.9 (Moderate),26,10.22,26,93.6
6274,312327,400.0,Indian Rupees(Rs.),4.8,3.1,Orange,Average,3.0 - 3.9 (Moderate),13,8.18,13,31.2
6275,306809,500.0,Indian Rupees(Rs.),6.0,3.2,Orange,Average,3.0 - 3.9 (Moderate),158,16.22,237,711.0
6276,9792,600.0,Indian Rupees(Rs.),7.2,3.0,Orange,Average,3.0 - 3.9 (Moderate),80,13.18,120,432.0
6277,18218787,600.0,Indian Rupees(Rs.),7.2,3.4,Orange,Average,3.0 - 3.9 (Moderate),25,11.08,25,90.0
6278,311512,500.0,Indian Rupees(Rs.),6.0,3.3,Orange,Average,3.0 - 3.9 (Moderate),77,14.38,116,348.0
6279,18421020,1000.0,Indian Rupees(Rs.),12.0,3.4,Orange,Average,3.0 - 3.9 (Moderate),21,10.51,21,126.0
6280,308364,400.0,Indian Rupees(Rs.),4.8,3.0,Orange,Average,3.0 - 3.9 (Moderate),7,6.24,7,16.8
6281,307276,300.0,Indian Rupees(Rs.),3.6,3.3,Orange,Average,3.0 - 3.9 (Moderate),85,14.7,128,230.4
6282,18350101,500.0,Indian Rupees(Rs.),6.0,3.3,Orange,Average,3.0 - 3.9 (Moderate),128,16.04,192,576.0
6283,18361220,250.0,Indian Rupees(Rs.),3.0,3.0,Orange,Average,3.0 - 3.9 (Moderate),4,4.83,4,6.0
6284,311576,100.0,Indian Rupees(Rs.),1.2,3.0,Orange,Average,3.0 - 3.9 (Moderate),5,5.38,5,3.0
6285,300836,300.0,Indian Rupees(Rs.),3.6,3.3,Orange,Average,3.0 - 3.9 (Moderate),34,11.73,34,61.2
6286,18265418,600.0,Indian Rupees(Rs.),7.2,3.1,Orange,Average,3.0 - 3.9 (Moderate),19,9.29,28,100.8
6287,18017253,350.0,Indian Rupees(Rs.),4.2,3.7,Yellow,Good,3.0 - 3.9 (Moderate),71,15.82,71,149.1
6288,300872,100.0,Indian Rupees(Rs.),1.2,3.9,Yellow,Good,3.0 - 3.9 (Moderate),91,17.63,91,54.6
6289,3333,250.0,Indian Rupees(Rs.),3.0,3.5,Yellow,Good,3.0 - 3.9 (Moderate),26,11.54,26,39.0
6290,6451,300.0,Indian Rupees(Rs.),3.6,3.6,Yellow,Good,3.0 - 3.9 (Moderate),93,16.36,93,167.4
6291,6454,350.0,Indian Rupees(Rs.),4.2,3.6,Yellow,Good,3.0 - 3.9 (Moderate),68,15.24,68,142.8
6292,18476960,350.0,Indian Rupees(Rs.),4.2,3.6,Yellow,Good,3.0 - 3.9 (Moderate),40,13.37,40,84.0
6293,18398592,300.0,Indian Rupees(Rs.),3.6,3.9,Yellow,Good,3.0 - 3.9 (Moderate),63,16.22,94,169.2
6294,18265676,600.0,Indian Rupees(Rs.),7.2,3.9,Yellow,Good,3.0 - 3.9 (Moderate),92,17.68,138,496.8
6295,3080,700.0,Indian Rupees(Rs.),8.4,3.6,Yellow,Good,3.0 - 3.9 (Moderate),103,16.72,103,432.6
6296,313173,600.0,Indian Rupees(Rs.),7.2,3.7,Yellow,Good,3.0 - 3.9 (Moderate),105,17.25,105,378.0
6297,18476896,300.0,Indian Rupees(Rs.),3.6,3.5,Yellow,Good,3.0 - 3.9 (Moderate),10,8.39,10,18.0
6298,306011,100.0,Indian Rupees(Rs.),1.2,3.7,Yellow,Good,3.0 - 3.9 (Moderate),57,15.02,57,34.2
6299,4683,500.0,Indian Rupees(Rs.),6.0,3.6,Yellow,Good,3.0 - 3.9 (Moderate),79,15.78,79,237.0
6300,18222572,300.0,Indian Rupees(Rs.),3.6,3.9,Yellow,Good,3.0 - 3.9 (Moderate),72,16.73,108,194.4
6301,18464054,400.0,Indian Rupees(Rs.),4.8,3.6,Yellow,Good,3.0 - 3.9 (Moderate),27,12.0,27,64.8
6302,8964,200.0,Indian Rupees(Rs.),2.4,3.5,Yellow,Good,3.0 - 3.9 (Moderate),33,12.34,50,60.0
6303,18322667,350.0,Indian Rupees(Rs.),4.2,3.5,Yellow,Good,3.0 - 3.9 (Moderate),32,12.24,48,100.8
6304,311209,950.0,Indian Rupees(Rs.),11.4,3.6,Yellow,Good,3.0 - 3.9 (Moderate),379,21.38,568,3237.6
6305,6449,100.0,Indian Rupees(Rs.),1.2,3.5,Yellow,Good,3.0 - 3.9 (Moderate),98,16.08,147,88.2
6306,18363081,450.0,Indian Rupees(Rs.),5.4,0.0,White,Not rated,Unrated,0,0.0,0,0.0
6307,18451571,200.0,Indian Rupees(Rs.),2.4,0.0,White,Not rated,Unrated,0,0.0,0,0.0
6308,18359282,250.0,Indian Rupees(Rs.),3.0,0.0,White,Not rated,Unrated,0,0.0,0,0.0
6309,18361222,400.0,Indian Rupees(Rs.),4.8,0.0,White,Not rated,Unrated,0,0.0,0,0.0
6310,18358182,200.0,Indian Rupees(Rs.),2.4,0.0,White,Not rated,Unrated,3,0.0,4,4.8
6311,18361223,200.0,Indian Rupees(Rs.),2.4,0.0,White,Not rated,Unrated,2,0.0,2,2.4
6312,18451573,200.0,Indian Rupees(Rs.),2.4,0.0,White,Not rated,Unrated,2,0.0,2,2.4
6313,18396396,200.0,Indian Rupees(Rs.),2.4,0.0,White,Not rated,Unrated,1,0.0,1,1.2
6314,312763,300.0,Indian Rupees(Rs.),3.6,2.4,Red,Poor,< 3.0 (Low),69,10.2,104,187.2
6315,307444,500.0,Indian Rupees(Rs.),6.0,2.4,Red,Poor,< 3.0 (Low),37,8.73,56,168.0
6316,305398,600.0,Indian Rupees(Rs.),7.2,2.3,Red,Poor,< 3.0 (Low),131,11.23,196,705.6
6317,302815,300.0,Indian Rupees(Rs.),3.6,3.3,Orange,Average,3.0 - 3.9 (Moderate),100,15.23,100,180.0
6318,305525,1200.0,Indian Rupees(Rs.),14.4,4.5,Dark Green,Excellent,4.5 - 5.0 (Top Tier),2213,34.66,2213,15933.6
6319,313481,600.0,Indian Rupees(Rs.),7.2,3.2,Orange,Average,3.0 - 3.9 (Moderate),17,9.25,17,61.2
6320,18359287,150.0,Indian Rupees(Rs.),1.8,3.1,Orange,Average,3.0 - 3.9 (Moderate),9,7.14,9,8.1
6321,18199151,500.0,Indian Rupees(Rs.),6.0,3.0,Orange,Average,3.0 - 3.9 (Moderate),4,4.83,4,12.0
6322,311162,200.0,Indian Rupees(Rs.),2.4,3.3,Orange,Average,3.0 - 3.9 (Moderate),13,8.71,13,15.6
6323,18204823,400.0,Indian Rupees(Rs.),4.8,3.0,Orange,Average,3.0 - 3.9 (Moderate),12,7.69,12,28.8
6324,302465,150.0,Indian Rupees(Rs.),1.8,2.8,Orange,Average,< 3.0 (Low),24,9.01,24,21.6
6325,18359296,2400.0,Indian Rupees(Rs.),28.8,3.2,Orange,Average,3.0 - 3.9 (Moderate),11,7.95,11,158.4
6326,300925,350.0,Indian Rupees(Rs.),4.2,2.8,Orange,Average,< 3.0 (Low),12,7.18,12,25.2
6327,307026,550.0,Indian Rupees(Rs.),6.6,3.2,Orange,Average,3.0 - 3.9 (Moderate),19,9.59,19,62.7
6328,18352220,300.0,Indian Rupees(Rs.),3.6,0.0,White,Not rated,Unrated,0,0.0,0,0.0
6329,18359300,200.0,Indian Rupees(Rs.),2.4,0.0,White,Not rated,Unrated,0,0.0,0,0.0
6330,18445759,200.0,Indian Rupees(Rs.),2.4,0.0,White,Not rated,Unrated,2,0.0,2,2.4
6331,18435210,400.0,Indian Rupees(Rs.),4.8,0.0,White,Not rated,Unrated,0,0.0,0,0.0
6332,18430914,400.0,Indian Rupees(Rs.),4.8,0.0,White,Not rated,Unrated,3,0.0,3,7.2
6333,18216703,300.0,Indian Rupees(Rs.),3.6,0.0,White,Not rated,Unrated,0,0.0,0,0.0
6334,18359285,250.0,Indian Rupees(Rs.),3.0,0.0,White,Not rated,Unrated,0,0.0,0,0.0
6335,18359289,250.0,Indian Rupees(Rs.),3.0,0.0,White,Not rated,Unrated,1,0.0,1,1.5
6336,18057816,1800.0,Indian Rupees(Rs.),21.6,2.9,Orange,Average,< 3.0 (Low),48,11.29,72,777.6
6337,18303432,800.0,Indian Rupees(Rs.),9.6,3.4,Orange,Average,3.0 - 3.9 (Moderate),67,14.35,100,480.0
6338,3790,500.0,Indian Rupees(Rs.),6.0,3.4,Orange,Average,3.0 - 3.9 (Moderate),81,14.98,81,243.0
6339,2509,800.0,Indian Rupees(Rs.),9.6,3.4,Orange,Average,3.0 - 3.9 (Moderate),135,16.7,135,648.0
6340,18238913,800.0,Indian Rupees(Rs.),9.6,3.0,Orange,Average,3.0 - 3.9 (Moderate),8,6.59,8,38.4
6341,215,700.0,Indian Rupees(Rs.),8.4,2.8,Orange,Average,< 3.0 (Low),102,12.98,102,428.4
6342,3793,400.0,Indian Rupees(Rs.),4.8,3.2,Orange,Average,3.0 - 3.9 (Moderate),51,12.64,76,182.4
6343,18244250,250.0,Indian Rupees(Rs.),3.0,2.9,Orange,Average,< 3.0 (Low),6,5.64,6,9.0
6344,18372294,350.0,Indian Rupees(Rs.),4.2,3.0,Orange,Average,3.0 - 3.9 (Moderate),4,4.83,4,8.4
6345,6261,300.0,Indian Rupees(Rs.),3.6,3.3,Orange,Average,3.0 - 3.9 (Moderate),47,12.77,47,84.6
6346,18376484,600.0,Indian Rupees(Rs.),7.2,2.7,Orange,Average,< 3.0 (Low),15,7.49,22,79.2
6347,468,700.0,Indian Rupees(Rs.),8.4,2.5,Orange,Average,< 3.0 (Low),84,11.11,126,529.2
6348,8276,300.0,Indian Rupees(Rs.),3.6,3.0,Orange,Average,3.0 - 3.9 (Moderate),10,7.19,10,18.0
6349,6120,150.0,Indian Rupees(Rs.),1.8,3.2,Orange,Average,3.0 - 3.9 (Moderate),18,9.42,18,16.2
6350,18252395,400.0,Indian Rupees(Rs.),4.8,3.1,Orange,Average,3.0 - 3.9 (Moderate),9,7.14,9,21.6
6351,18180073,300.0,Indian Rupees(Rs.),3.6,3.1,Orange,Average,3.0 - 3.9 (Moderate),177,16.06,266,478.8
6352,18441678,250.0,Indian Rupees(Rs.),3.0,3.0,Orange,Average,3.0 - 3.9 (Moderate),5,5.38,5,7.5
6353,18400762,200.0,Indian Rupees(Rs.),2.4,3.1,Orange,Average,3.0 - 3.9 (Moderate),6,6.03,6,7.2
6354,306492,350.0,Indian Rupees(Rs.),4.2,3.1,Orange,Average,3.0 - 3.9 (Moderate),7,6.45,7,14.7
6355,8488,200.0,Indian Rupees(Rs.),2.4,2.9,Orange,Average,< 3.0 (Low),6,5.64,6,7.2
6356,310536,500.0,Indian Rupees(Rs.),6.0,3.2,Orange,Average,3.0 - 3.9 (Moderate),24,10.3,24,72.0
6357,308360,800.0,Indian Rupees(Rs.),9.6,3.3,Orange,Average,3.0 - 3.9 (Moderate),121,15.85,182,873.6
6358,18017248,250.0,Indian Rupees(Rs.),3.0,3.4,Orange,Average,3.0 - 3.9 (Moderate),32,11.89,32,48.0
6359,312855,450.0,Indian Rupees(Rs.),5.4,3.3,Orange,Average,3.0 - 3.9 (Moderate),17,9.54,26,70.2
6360,18463971,500.0,Indian Rupees(Rs.),6.0,3.1,Orange,Average,3.0 - 3.9 (Moderate),8,6.81,8,24.0
6361,8600,500.0,Indian Rupees(Rs.),6.0,3.5,Yellow,Good,3.0 - 3.9 (Moderate),145,17.44,218,654.0
6362,18380143,600.0,Indian Rupees(Rs.),7.2,3.5,Yellow,Good,3.0 - 3.9 (Moderate),44,13.32,66,237.6
6363,18254520,500.0,Indian Rupees(Rs.),6.0,3.7,Yellow,Good,3.0 - 3.9 (Moderate),50,14.55,75,225.0
6364,18222554,850.0,Indian Rupees(Rs.),10.2,3.6,Yellow,Good,3.0 - 3.9 (Moderate),100,16.61,100,510.0
6365,18462589,300.0,Indian Rupees(Rs.),3.6,0.0,White,Not rated,Unrated,1,0.0,2,3.6
6366,18336474,300.0,Indian Rupees(Rs.),3.6,0.0,White,Not rated,Unrated,2,0.0,2,3.6
6367,18336477,450.0,Indian Rupees(Rs.),5.4,0.0,White,Not rated,Unrated,3,0.0,3,8.1
6368,18382047,400.0,Indian Rupees(Rs.),4.8,0.0,White,Not rated,Unrated,0,0.0,0,0.0
6369,18441566,250.0,Indian Rupees(Rs.),3.0,0.0,White,Not rated,Unrated,0,0.0,0,0.0
6370,18441669,300.0,Indian Rupees(Rs.),3.6,0.0,White,Not rated,Unrated,0,0.0,0,0.0
6371,18396358,400.0,Indian Rupees(Rs.),4.8,0.0,White,Not rated,Unrated,1,0.0,1,2.4
6372,6248,200.0,Indian Rupees(Rs.),2.4,0.0,White,Not rated,Unrated,2,0.0,2,2.4
6373,308832,200.0,Indian Rupees(Rs.),2.4,0.0,White,Not rated,Unrated,0,0.0,0,0.0
6374,18421030,300.0,Indian Rupees(Rs.),3.6,0.0,White,Not rated,Unrated,0,0.0,0,0.0
6375,18378016,300.0,Indian Rupees(Rs.),3.6,0.0,White,Not rated,Unrated,0,0.0,0,0.0
6376,310889,300.0,Indian Rupees(Rs.),3.6,0.0,White,Not rated,Unrated,0,0.0,0,0.0
6377,308837,200.0,Indian Rupees(Rs.),2.4,0.0,White,Not rated,Unrated,1,0.0,1,1.2
6378,18441685,250.0,Indian Rupees(Rs.),3.0,0.0,White,Not rated,Unrated,0,0.0,0,0.0
6379,6249,150.0,Indian Rupees(Rs.),1.8,0.0,White,Not rated,Unrated,0,0.0,0,0.0
6380,312860,400.0,Indian Rupees(Rs.),4.8,0.0,White,Not rated,Unrated,1,0.0,1,2.4
6381,18378023,200.0,Indian Rupees(Rs.),2.4,0.0,White,Not rated,Unrated,0,0.0,0,0.0
6382,18107855,600.0,Indian Rupees(Rs.),7.2,0.0,White,Not rated,Unrated,2,0.0,2,7.2
6383,18396955,300.0,Indian Rupees(Rs.),3.6,0.0,White,Not rated,Unrated,0,0.0,0,0.0
6384,310896,550.0,Indian Rupees(Rs.),6.6,2.4,Red,Poor,< 3.0 (Low),62,9.94,93,306.9
6385,5446,2000.0,Indian Rupees(Rs.),24.0,3.0,Orange,Average,3.0 - 3.9 (Moderate),32,10.49,32,384.0
6386,5448,2200.0,Indian Rupees(Rs.),26.4,3.1,Orange,Average,3.0 - 3.9 (Moderate),18,9.13,18,237.6
6387,18408062,2500.0,Indian Rupees(Rs.),30.0,3.1,Orange,Average,3.0 - 3.9 (Moderate),7,6.45,7,105.0
6388,18415386,3000.0,Indian Rupees(Rs.),36.0,0.0,White,Not rated,Unrated,0,0.0,0,0.0
6389,18397621,500.0,Indian Rupees(Rs.),6.0,0.0,White,Not rated,Unrated,0,0.0,0,0.0
6390,18369301,250.0,Indian Rupees(Rs.),3.0,3.3,Orange,Average,3.0 - 3.9 (Moderate),18,9.72,27,40.5
6391,309383,1300.0,Indian Rupees(Rs.),15.6,3.4,Orange,Average,3.0 - 3.9 (Moderate),140,16.83,140,1092.0
6392,310801,800.0,Indian Rupees(Rs.),9.6,3.3,Orange,Average,3.0 - 3.9 (Moderate),49,12.91,49,235.2
6393,495,550.0,Indian Rupees(Rs.),6.6,3.2,Orange,Average,3.0 - 3.9 (Moderate),129,15.58,194,640.2
6394,18241532,300.0,Indian Rupees(Rs.),3.6,3.2,Orange,Average,3.0 - 3.9 (Moderate),24,10.3,36,64.8
6395,18445783,800.0,Indian Rupees(Rs.),9.6,3.3,Orange,Average,3.0 - 3.9 (Moderate),10,7.91,15,72.0
6396,18352179,600.0,Indian Rupees(Rs.),7.2,2.6,Orange,Average,< 3.0 (Low),10,6.23,15,54.0
6397,309309,500.0,Indian Rupees(Rs.),6.0,3.1,Orange,Average,3.0 - 3.9 (Moderate),8,6.81,8,24.0
6398,8272,300.0,Indian Rupees(Rs.),3.6,3.2,Orange,Average,3.0 - 3.9 (Moderate),50,12.58,75,135.0
6399,1998,800.0,Indian Rupees(Rs.),9.6,3.2,Orange,Average,3.0 - 3.9 (Moderate),25,10.43,38,182.4
6400,1120,650.0,Indian Rupees(Rs.),7.8,3.1,Orange,Average,3.0 - 3.9 (Moderate),45,11.87,45,175.5
6401,18369772,800.0,Indian Rupees(Rs.),9.6,3.4,Orange,Average,3.0 - 3.9 (Moderate),24,10.94,36,172.8
6402,216,700.0,Indian Rupees(Rs.),8.4,3.2,Orange,Average,3.0 - 3.9 (Moderate),112,15.13,112,470.4
6403,303051,350.0,Indian Rupees(Rs.),4.2,3.2,Orange,Average,3.0 - 3.9 (Moderate),17,9.25,17,35.7
6404,6905,500.0,Indian Rupees(Rs.),6.0,3.2,Orange,Average,3.0 - 3.9 (Moderate),23,10.17,23,69.0
6405,307551,400.0,Indian Rupees(Rs.),4.8,3.4,Orange,Average,3.0 - 3.9 (Moderate),37,12.37,56,134.4
6406,306267,600.0,Indian Rupees(Rs.),7.2,3.3,Orange,Average,3.0 - 3.9 (Moderate),57,13.4,86,309.6
6407,306170,600.0,Indian Rupees(Rs.),7.2,3.2,Orange,Average,3.0 - 3.9 (Moderate),23,10.17,34,122.4
6408,3972,550.0,Indian Rupees(Rs.),6.6,2.7,Orange,Average,< 3.0 (Low),55,10.87,82,270.6
6409,2951,300.0,Indian Rupees(Rs.),3.6,3.3,Orange,Average,3.0 - 3.9 (Moderate),48,12.84,48,86.4
6410,308242,600.0,Indian Rupees(Rs.),7.2,3.4,Orange,Average,3.0 - 3.9 (Moderate),128,16.52,192,691.2
6411,18153553,1300.0,Indian Rupees(Rs.),15.6,3.4,Orange,Average,3.0 - 3.9 (Moderate),198,18.0,297,2316.6
6412,311025,500.0,Indian Rupees(Rs.),6.0,2.7,Orange,Average,< 3.0 (Low),78,11.8,78,234.0
6413,309578,600.0,Indian Rupees(Rs.),7.2,3.2,Orange,Average,3.0 - 3.9 (Moderate),54,12.82,54,194.4
6414,476,1200.0,Indian Rupees(Rs.),14.4,2.5,Orange,Average,< 3.0 (Low),70,10.66,105,756.0
6415,310359,450.0,Indian Rupees(Rs.),5.4,3.0,Orange,Average,3.0 - 3.9 (Moderate),27,10.0,27,72.9
6416,1308,400.0,Indian Rupees(Rs.),4.8,3.1,Orange,Average,3.0 - 3.9 (Moderate),15,8.6,15,36.0
6417,301657,800.0,Indian Rupees(Rs.),9.6,3.4,Orange,Average,3.0 - 3.9 (Moderate),111,16.04,166,796.8
6418,309188,1200.0,Indian Rupees(Rs.),14.4,3.4,Orange,Average,3.0 - 3.9 (Moderate),84,15.11,126,907.2
6419,8801,500.0,Indian Rupees(Rs.),6.0,2.6,Orange,Average,< 3.0 (Low),167,13.32,250,750.0
6420,1986,150.0,Indian Rupees(Rs.),1.8,3.3,Orange,Average,3.0 - 3.9 (Moderate),42,12.41,42,37.8
6421,304212,800.0,Indian Rupees(Rs.),9.6,3.1,Orange,Average,3.0 - 3.9 (Moderate),103,14.4,154,739.2
6422,18288046,500.0,Indian Rupees(Rs.),6.0,3.4,Orange,Average,3.0 - 3.9 (Moderate),18,10.01,18,54.0
6423,18082238,1800.0,Indian Rupees(Rs.),21.6,3.4,Orange,Average,3.0 - 3.9 (Moderate),148,17.01,222,2397.6
6424,18228854,750.0,Indian Rupees(Rs.),9.0,3.4,Orange,Average,3.0 - 3.9 (Moderate),27,11.33,40,180.0
6425,303105,300.0,Indian Rupees(Rs.),3.6,3.2,Orange,Average,3.0 - 3.9 (Moderate),24,10.3,24,43.2
6426,308067,450.0,Indian Rupees(Rs.),5.4,3.2,Orange,Average,3.0 - 3.9 (Moderate),63,13.31,63,170.1
6427,18420452,700.0,Indian Rupees(Rs.),8.4,4.6,Dark Green,Excellent,4.5 - 5.0 (Top Tier),61,18.98,92,386.4
6428,1054,850.0,Indian Rupees(Rs.),10.2,3.6,Yellow,Good,3.0 - 3.9 (Moderate),198,19.06,297,1514.7
6429,312634,600.0,Indian Rupees(Rs.),7.2,3.6,Yellow,Good,3.0 - 3.9 (Moderate),68,15.24,102,367.2
6430,3516,700.0,Indian Rupees(Rs.),8.4,3.5,Yellow,Good,3.0 - 3.9 (Moderate),180,18.19,270,1134.0
6431,5595,450.0,Indian Rupees(Rs.),5.4,3.6,Yellow,Good,3.0 - 3.9 (Moderate),58,14.68,58,156.6
6432,18232108,900.0,Indian Rupees(Rs.),10.8,3.9,Yellow,Good,3.0 - 3.9 (Moderate),75,16.89,112,604.8
6433,18358681,1200.0,Indian Rupees(Rs.),14.4,3.8,Yellow,Good,3.0 - 3.9 (Moderate),96,17.38,96,691.2
6434,18418237,1500.0,Indian Rupees(Rs.),18.0,3.8,Yellow,Good,3.0 - 3.9 (Moderate),140,18.81,140,1260.0
6435,9230,300.0,Indian Rupees(Rs.),3.6,3.7,Yellow,Good,3.0 - 3.9 (Moderate),96,16.93,96,172.8
6436,6901,150.0,Indian Rupees(Rs.),1.8,3.5,Yellow,Good,3.0 - 3.9 (Moderate),36,12.64,36,32.4
6437,18403003,300.0,Indian Rupees(Rs.),3.6,3.5,Yellow,Good,3.0 - 3.9 (Moderate),19,10.49,28,50.4
6438,311421,400.0,Indian Rupees(Rs.),4.8,3.9,Yellow,Good,3.0 - 3.9 (Moderate),89,17.55,134,321.6
6439,176,500.0,Indian Rupees(Rs.),6.0,3.7,Yellow,Good,3.0 - 3.9 (Moderate),141,18.34,212,636.0
6440,1992,650.0,Indian Rupees(Rs.),7.8,3.5,Yellow,Good,3.0 - 3.9 (Moderate),150,17.56,225,877.5
6441,18287382,900.0,Indian Rupees(Rs.),10.8,3.6,Yellow,Good,3.0 - 3.9 (Moderate),64,15.03,96,518.4
6442,18294251,550.0,Indian Rupees(Rs.),6.6,3.6,Yellow,Good,3.0 - 3.9 (Moderate),68,15.24,102,336.6
6443,18291260,1800.0,Indian Rupees(Rs.),21.6,3.6,Yellow,Good,3.0 - 3.9 (Moderate),47,13.94,70,756.0
6444,311836,950.0,Indian Rupees(Rs.),11.4,3.6,Yellow,Good,3.0 - 3.9 (Moderate),203,19.15,304,1732.8
6445,18198459,1900.0,Indian Rupees(Rs.),22.8,3.8,Yellow,Good,3.0 - 3.9 (Moderate),121,18.26,121,1379.4
6446,18224547,1200.0,Indian Rupees(Rs.),14.4,3.6,Yellow,Good,3.0 - 3.9 (Moderate),127,17.47,190,1368.0
6447,307911,750.0,Indian Rupees(Rs.),9.0,4.0,Green,Very Good,4.0 - 4.4 (High),147,19.99,147,661.5
6448,18287876,250.0,Indian Rupees(Rs.),3.0,4.1,Green,Very Good,4.0 - 4.4 (High),99,18.88,148,222.0
6449,18375379,1000.0,Indian Rupees(Rs.),12.0,4.0,Green,Very Good,4.0 - 4.4 (High),126,19.38,126,756.0
6450,7167,500.0,Indian Rupees(Rs.),6.0,3.2,Orange,Average,3.0 - 3.9 (Moderate),159,16.24,159,477.0
6451,219,700.0,Indian Rupees(Rs.),8.4,2.5,Orange,Average,< 3.0 (Low),253,13.84,253,1062.6
6452,572,850.0,Indian Rupees(Rs.),10.2,3.1,Orange,Average,3.0 - 3.9 (Moderate),151,15.57,151,770.1
6453,302381,1300.0,Indian Rupees(Rs.),15.6,2.8,Orange,Average,< 3.0 (Low),249,15.46,249,1942.2
6454,309232,500.0,Indian Rupees(Rs.),6.0,3.2,Orange,Average,3.0 - 3.9 (Moderate),115,15.21,172,516.0
6455,18303828,500.0,Indian Rupees(Rs.),6.0,3.6,Yellow,Good,3.0 - 3.9 (Moderate),116,17.14,174,522.0
6456,2222,450.0,Indian Rupees(Rs.),5.4,3.7,Yellow,Good,3.0 - 3.9 (Moderate),223,20.02,223,602.1
6457,175,500.0,Indian Rupees(Rs.),6.0,3.6,Yellow,Good,3.0 - 3.9 (Moderate),219,19.42,328,984.0
6458,18400733,300.0,Indian Rupees(Rs.),3.6,3.8,Yellow,Good,3.0 - 3.9 (Moderate),79,16.65,118,212.4
6459,18303724,1500.0,Indian Rupees(Rs.),18.0,3.9,Yellow,Good,3.0 - 3.9 (Moderate),96,17.84,96,864.0
6460,731,300.0,Indian Rupees(Rs.),3.6,2.4,Red,Poor,< 3.0 (Low),109,11.28,164,295.2
6461,18219522,1400.0,Indian Rupees(Rs.),16.8,4.4,Green,Very Good,4.0 - 4.4 (High),317,25.35,476,3998.4
6462,18219554,1200.0,Indian Rupees(Rs.),14.4,4.4,Green,Very Good,4.0 - 4.4 (High),326,25.48,489,3520.8
6463,7797,250.0,Indian Rupees(Rs.),3.0,2.9,Orange,Average,< 3.0 (Low),6,5.64,6,9.0
6464,18352263,600.0,Indian Rupees(Rs.),7.2,2.9,Orange,Average,< 3.0 (Low),4,4.67,6,21.6
6465,18312571,250.0,Indian Rupees(Rs.),3.0,2.9,Orange,Average,< 3.0 (Low),4,4.67,4,6.0
6466,18421038,450.0,Indian Rupees(Rs.),5.4,0.0,White,Not rated,Unrated,0,0.0,0,0.0
6467,18412894,100.0,Indian Rupees(Rs.),1.2,0.0,White,Not rated,Unrated,0,0.0,0,0.0
6468,18312463,350.0,Indian Rupees(Rs.),4.2,0.0,White,Not rated,Unrated,0,0.0,0,0.0
6469,18332442,550.0,Indian Rupees(Rs.),6.6,0.0,White,Not rated,Unrated,1,0.0,1,3.3
6470,18345771,200.0,Indian Rupees(Rs.),2.4,0.0,White,Not rated,Unrated,0,0.0,0,0.0
6471,18414497,150.0,Indian Rupees(Rs.),1.8,0.0,White,Not rated,Unrated,1,0.0,1,0.9
6472,18355275,600.0,Indian Rupees(Rs.),7.2,0.0,White,Not rated,Unrated,3,0.0,3,10.8
6473,18398593,500.0,Indian Rupees(Rs.),6.0,0.0,White,Not rated,Unrated,0,0.0,0,0.0
6474,18312455,150.0,Indian Rupees(Rs.),1.8,0.0,White,Not rated,Unrated,1,0.0,1,0.9
6475,18025131,100.0,Indian Rupees(Rs.),1.2,0.0,White,Not rated,Unrated,3,0.0,3,1.8
6476,18161591,350.0,Indian Rupees(Rs.),4.2,0.0,White,Not rated,Unrated,1,0.0,1,2.1
6477,18312459,150.0,Indian Rupees(Rs.),1.8,0.0,White,Not rated,Unrated,0,0.0,0,0.0
6478,302573,350.0,Indian Rupees(Rs.),4.2,0.0,White,Not rated,Unrated,3,0.0,3,6.3
6479,18352264,100.0,Indian Rupees(Rs.),1.2,0.0,White,Not rated,Unrated,2,0.0,2,1.2
6480,3555,400.0,Indian Rupees(Rs.),4.8,0.0,White,Not rated,Unrated,3,0.0,3,7.2
6481,18414494,400.0,Indian Rupees(Rs.),4.8,0.0,White,Not rated,Unrated,1,0.0,1,2.4
6482,18306540,350.0,Indian Rupees(Rs.),4.2,0.0,White,Not rated,Unrated,0,0.0,0,0.0
6483,18153550,200.0,Indian Rupees(Rs.),2.4,0.0,White,Not rated,Unrated,3,0.0,3,3.6
6484,18439705,500.0,Indian Rupees(Rs.),6.0,0.0,White,Not rated,Unrated,0,0.0,0,0.0
6485,7809,100.0,Indian Rupees(Rs.),1.2,0.0,White,Not rated,Unrated,0,0.0,0,0.0
6486,307171,350.0,Indian Rupees(Rs.),4.2,2.9,Orange,Average,< 3.0 (Low),11,7.21,11,23.1
6487,300271,100.0,Indian Rupees(Rs.),1.2,2.5,Orange,Average,< 3.0 (Low),17,7.23,17,10.2
6488,345,900.0,Indian Rupees(Rs.),10.8,3.2,Orange,Average,3.0 - 3.9 (Moderate),67,13.5,100,540.0
6489,307865,350.0,Indian Rupees(Rs.),4.2,3.0,Orange,Average,3.0 - 3.9 (Moderate),10,7.19,10,21.0
6490,307168,200.0,Indian Rupees(Rs.),2.4,2.9,Orange,Average,< 3.0 (Low),11,7.21,11,13.2
6491,1859,600.0,Indian Rupees(Rs.),7.2,2.9,Orange,Average,< 3.0 (Low),102,13.44,153,550.8
6492,301229,450.0,Indian Rupees(Rs.),5.4,2.6,Orange,Average,< 3.0 (Low),53,10.37,80,216.0
6493,307169,150.0,Indian Rupees(Rs.),1.8,3.0,Orange,Average,3.0 - 3.9 (Moderate),5,5.38,5,4.5
6494,306291,650.0,Indian Rupees(Rs.),7.8,3.3,Orange,Average,3.0 - 3.9 (Moderate),163,16.83,244,951.6
6495,18428880,400.0,Indian Rupees(Rs.),4.8,3.1,Orange,Average,3.0 - 3.9 (Moderate),5,5.55,5,12.0
6496,3381,800.0,Indian Rupees(Rs.),9.6,3.7,Yellow,Good,3.0 - 3.9 (Moderate),629,23.85,944,4531.2
6497,8853,200.0,Indian Rupees(Rs.),2.4,3.7,Yellow,Good,3.0 - 3.9 (Moderate),148,18.51,148,177.6
6498,301154,250.0,Indian Rupees(Rs.),3.0,3.9,Yellow,Good,3.0 - 3.9 (Moderate),193,20.54,193,289.5
6499,309365,950.0,Indian Rupees(Rs.),11.4,3.6,Yellow,Good,3.0 - 3.9 (Moderate),447,21.98,670,3819.0
6500,18427212,350.0,Indian Rupees(Rs.),4.2,0.0,White,Not rated,Unrated,0,0.0,0,0.0
6501,313127,200.0,Indian Rupees(Rs.),2.4,0.0,White,Not rated,Unrated,0,0.0,0,0.0
6502,18486867,100.0,Indian Rupees(Rs.),1.2,0.0,White,Not rated,Unrated,0,0.0,0,0.0
6503,18472665,600.0,Indian Rupees(Rs.),7.2,0.0,White,Not rated,Unrated,0,0.0,0,0.0
6504,18486861,150.0,Indian Rupees(Rs.),1.8,0.0,White,Not rated,Unrated,1,0.0,1,0.9
6505,18396151,300.0,Indian Rupees(Rs.),3.6,0.0,White,Not rated,Unrated,0,0.0,0,0.0
6506,18434343,500.0,Indian Rupees(Rs.),6.0,0.0,White,Not rated,Unrated,0,0.0,0,0.0
6507,18478389,500.0,Indian Rupees(Rs.),6.0,0.0,White,Not rated,Unrated,0,0.0,0,0.0
6508,18472663,600.0,Indian Rupees(Rs.),7.2,0.0,White,Not rated,Unrated,1,0.0,2,7.2
6509,18486866,200.0,Indian Rupees(Rs.),2.4,0.0,White,Not rated,Unrated,0,0.0,0,0.0
6510,18486869,200.0,Indian Rupees(Rs.),2.4,0.0,White,Not rated,Unrated,0,0.0,0,0.0
6511,18486845,100.0,Indian Rupees(Rs.),1.2,0.0,White,Not rated,Unrated,0,0.0,0,0.0
6512,18325509,650.0,Indian Rupees(Rs.),7.8,0.0,White,Not rated,Unrated,1,0.0,1,3.9
6513,18352268,500.0,Indian Rupees(Rs.),6.0,0.0,White,Not rated,Unrated,0,0.0,0,0.0
6514,18289261,350.0,Indian Rupees(Rs.),4.2,0.0,White,Not rated,Unrated,1,0.0,1,2.1
6515,18352180,200.0,Indian Rupees(Rs.),2.4,0.0,White,Not rated,Unrated,0,0.0,0,0.0
6516,18469974,500.0,Indian Rupees(Rs.),6.0,0.0,White,Not rated,Unrated,1,0.0,2,6.0
6517,18489530,200.0,Indian Rupees(Rs.),2.4,0.0,White,Not rated,Unrated,0,0.0,0,0.0
6518,18425179,350.0,Indian Rupees(Rs.),4.2,0.0,White,Not rated,Unrated,2,0.0,2,4.2
6519,18461352,300.0,Indian Rupees(Rs.),3.6,0.0,White,Not rated,Unrated,0,0.0,0,0.0
6520,18352172,450.0,Indian Rupees(Rs.),5.4,0.0,White,Not rated,Unrated,3,0.0,3,8.1
6521,18486857,150.0,Indian Rupees(Rs.),1.8,0.0,White,Not rated,Unrated,0,0.0,0,0.0
6522,301227,750.0,Indian Rupees(Rs.),9.0,2.4,Red,Poor,< 3.0 (Low),30,8.24,45,202.5
6523,7060,400.0,Indian Rupees(Rs.),4.8,4.1,Green,Very Good,4.0 - 4.4 (High),881,27.81,881,2114.4
6524,613,450.0,Indian Rupees(Rs.),5.4,2.9,Orange,Average,< 3.0 (Low),9,6.68,9,24.3
6525,3549,2500.0,Indian Rupees(Rs.),30.0,3.3,Orange,Average,3.0 - 3.9 (Moderate),24,10.62,24,360.0
6526,302282,3000.0,Indian Rupees(Rs.),36.0,4.5,Dark Green,Excellent,4.5 - 5.0 (Top Tier),295,25.61,295,5310.0
6527,3546,1000.0,Indian Rupees(Rs.),12.0,3.7,Yellow,Good,3.0 - 3.9 (Moderate),33,13.05,33,198.0
6528,302283,1000.0,Indian Rupees(Rs.),12.0,3.6,Yellow,Good,3.0 - 3.9 (Moderate),26,11.87,26,156.0
6529,3545,3000.0,Indian Rupees(Rs.),36.0,4.4,Green,Very Good,4.0 - 4.4 (High),315,25.33,315,5670.0
6530,3547,3000.0,Indian Rupees(Rs.),36.0,4.2,Green,Very Good,4.0 - 4.4 (High),532,26.37,532,9576.0
6531,4490,2000.0,Indian Rupees(Rs.),24.0,3.1,Orange,Average,3.0 - 3.9 (Moderate),40,11.51,40,480.0
6532,4488,2500.0,Indian Rupees(Rs.),30.0,3.3,Orange,Average,3.0 - 3.9 (Moderate),36,11.92,36,540.0
6533,186,500.0,Indian Rupees(Rs.),6.0,3.4,Orange,Average,3.0 - 3.9 (Moderate),91,15.37,136,408.0
6534,3124,1100.0,Indian Rupees(Rs.),13.2,3.2,Orange,Average,3.0 - 3.9 (Moderate),221,17.29,332,2191.2
6535,18057792,700.0,Indian Rupees(Rs.),8.4,3.9,Yellow,Good,3.0 - 3.9 (Moderate),1485,28.48,1485,6237.0
6536,1641,1200.0,Indian Rupees(Rs.),14.4,3.8,Yellow,Good,3.0 - 3.9 (Moderate),1082,26.55,1082,7790.4
6537,18368023,400.0,Indian Rupees(Rs.),4.8,0.0,White,Not rated,Unrated,0,0.0,0,0.0
6538,18438896,500.0,Indian Rupees(Rs.),6.0,0.0,White,Not rated,Unrated,0,0.0,0,0.0
6539,18479012,500.0,Indian Rupees(Rs.),6.0,0.0,White,Not rated,Unrated,0,0.0,0,0.0
6540,18479008,500.0,Indian Rupees(Rs.),6.0,0.0,White,Not rated,Unrated,0,0.0,0,0.0
6541,7242,450.0,Indian Rupees(Rs.),5.4,3.4,Orange,Average,3.0 - 3.9 (Moderate),76,14.77,76,205.2
6542,312920,600.0,Indian Rupees(Rs.),7.2,2.5,Orange,Average,< 3.0 (Low),31,8.66,46,165.6
6543,308051,850.0,Indian Rupees(Rs.),10.2,3.4,Orange,Average,3.0 - 3.9 (Moderate),58,13.86,87,443.7
6544,3135,800.0,Indian Rupees(Rs.),9.6,2.5,Orange,Average,< 3.0 (Low),78,10.92,117,561.6
6545,693,300.0,Indian Rupees(Rs.),3.6,3.3,Orange,Average,3.0 - 3.9 (Moderate),32,11.54,32,57.6
6546,7399,150.0,Indian Rupees(Rs.),1.8,2.8,Orange,Average,< 3.0 (Low),11,6.96,11,9.9
6547,18375392,450.0,Indian Rupees(Rs.),5.4,2.6,Orange,Average,< 3.0 (Low),26,8.57,26,70.2
6548,5527,450.0,Indian Rupees(Rs.),5.4,2.9,Orange,Average,< 3.0 (Low),37,10.55,56,151.2
6549,7407,350.0,Indian Rupees(Rs.),4.2,2.6,Orange,Average,< 3.0 (Low),29,8.84,29,60.9
6550,18279476,120.0,Indian Rupees(Rs.),1.44,3.0,Orange,Average,3.0 - 3.9 (Moderate),6,5.84,6,4.32
6551,18294260,600.0,Indian Rupees(Rs.),7.2,2.7,Orange,Average,< 3.0 (Low),5,4.84,8,28.8
6552,7409,100.0,Indian Rupees(Rs.),1.2,2.7,Orange,Average,< 3.0 (Low),16,7.65,16,9.6
6553,8912,700.0,Indian Rupees(Rs.),8.4,2.9,Orange,Average,< 3.0 (Low),119,13.88,119,499.8
6554,18224550,200.0,Indian Rupees(Rs.),2.4,2.9,Orange,Average,< 3.0 (Low),6,5.64,6,7.2
6555,18363093,600.0,Indian Rupees(Rs.),7.2,3.4,Orange,Average,3.0 - 3.9 (Moderate),50,13.37,75,270.0
6556,307511,750.0,Indian Rupees(Rs.),9.0,2.5,Orange,Average,< 3.0 (Low),165,12.78,248,1116.0
6557,18369767,350.0,Indian Rupees(Rs.),4.2,3.1,Orange,Average,3.0 - 3.9 (Moderate),12,7.95,12,25.2
6558,17977795,500.0,Indian Rupees(Rs.),6.0,3.0,Orange,Average,3.0 - 3.9 (Moderate),14,8.12,21,63.0
6559,18455210,300.0,Indian Rupees(Rs.),3.6,3.4,Orange,Average,3.0 - 3.9 (Moderate),20,10.35,20,36.0
6560,313258,300.0,Indian Rupees(Rs.),3.6,2.9,Orange,Average,< 3.0 (Low),4,4.67,4,7.2
6561,7452,300.0,Indian Rupees(Rs.),3.6,2.8,Orange,Average,< 3.0 (Low),117,13.36,117,210.6
6562,7373,300.0,Indian Rupees(Rs.),3.6,3.3,Orange,Average,3.0 - 3.9 (Moderate),40,12.25,40,72.0
6563,309445,350.0,Indian Rupees(Rs.),4.2,3.2,Orange,Average,3.0 - 3.9 (Moderate),17,9.25,17,35.7
6564,18468651,200.0,Indian Rupees(Rs.),2.4,2.8,Orange,Average,< 3.0 (Low),7,5.82,10,12.0
6565,8671,300.0,Indian Rupees(Rs.),3.6,2.5,Orange,Average,< 3.0 (Low),111,11.8,111,199.8
6566,308049,300.0,Indian Rupees(Rs.),3.6,2.9,Orange,Average,< 3.0 (Low),66,12.19,66,118.8
6567,307519,650.0,Indian Rupees(Rs.),7.8,3.0,Orange,Average,3.0 - 3.9 (Moderate),110,14.13,165,643.5
6568,18034082,500.0,Indian Rupees(Rs.),6.0,3.2,Orange,Average,3.0 - 3.9 (Moderate),6,6.23,9,27.0
6569,18237343,400.0,Indian Rupees(Rs.),4.8,3.0,Orange,Average,3.0 - 3.9 (Moderate),6,5.84,6,14.4
6570,8658,100.0,Indian Rupees(Rs.),1.2,2.6,Orange,Average,< 3.0 (Low),24,8.37,24,14.4
6571,307702,350.0,Indian Rupees(Rs.),4.2,2.7,Orange,Average,< 3.0 (Low),29,9.18,29,60.9
6572,300300,750.0,Indian Rupees(Rs.),9.0,3.0,Orange,Average,3.0 - 3.9 (Moderate),58,12.23,58,261.0
6573,3131,900.0,Indian Rupees(Rs.),10.8,2.6,Orange,Average,< 3.0 (Low),169,13.35,169,912.6
6574,18446480,250.0,Indian Rupees(Rs.),3.0,2.7,Orange,Average,< 3.0 (Low),11,6.71,16,24.0
6575,311383,350.0,Indian Rupees(Rs.),4.2,2.8,Orange,Average,< 3.0 (Low),55,11.27,82,172.2
6576,2751,1000.0,Indian Rupees(Rs.),12.0,3.2,Orange,Average,3.0 - 3.9 (Moderate),102,14.83,153,918.0
6577,18395392,250.0,Indian Rupees(Rs.),3.0,2.9,Orange,Average,< 3.0 (Low),10,6.95,10,15.0
6578,306067,600.0,Indian Rupees(Rs.),7.2,2.6,Orange,Average,< 3.0 (Low),135,12.77,135,486.0
6579,8688,300.0,Indian Rupees(Rs.),3.6,3.1,Orange,Average,3.0 - 3.9 (Moderate),25,10.1,25,45.0
6580,7306,150.0,Indian Rupees(Rs.),1.8,3.4,Orange,Average,3.0 - 3.9 (Moderate),79,14.9,79,71.1
6581,18277238,800.0,Indian Rupees(Rs.),9.6,3.2,Orange,Average,3.0 - 3.9 (Moderate),13,8.44,20,96.0
6582,18107869,300.0,Indian Rupees(Rs.),3.6,3.0,Orange,Average,3.0 - 3.9 (Moderate),12,7.69,12,21.6
6583,7442,600.0,Indian Rupees(Rs.),7.2,2.6,Orange,Average,< 3.0 (Low),22,8.15,22,79.2
6584,7448,600.0,Indian Rupees(Rs.),7.2,2.9,Orange,Average,< 3.0 (Low),5,5.2,5,18.0
6585,307075,400.0,Indian Rupees(Rs.),4.8,2.8,Orange,Average,< 3.0 (Low),33,9.87,33,79.2
6586,305392,600.0,Indian Rupees(Rs.),7.2,2.7,Orange,Average,< 3.0 (Low),120,12.95,180,648.0
6587,18248991,300.0,Indian Rupees(Rs.),3.6,3.0,Orange,Average,3.0 - 3.9 (Moderate),7,6.24,7,12.6
6588,18420444,300.0,Indian Rupees(Rs.),3.6,3.0,Orange,Average,3.0 - 3.9 (Moderate),4,4.83,4,7.2
6589,311787,250.0,Indian Rupees(Rs.),3.0,3.1,Orange,Average,3.0 - 3.9 (Moderate),7,6.45,7,10.5
6590,8660,200.0,Indian Rupees(Rs.),2.4,2.7,Orange,Average,< 3.0 (Low),22,8.47,22,26.4
6591,18282048,600.0,Indian Rupees(Rs.),7.2,2.6,Orange,Average,< 3.0 (Low),10,6.23,15,54.0
6592,8666,400.0,Indian Rupees(Rs.),4.8,2.7,Orange,Average,< 3.0 (Low),84,12.0,126,302.4
6593,8667,250.0,Indian Rupees(Rs.),3.0,2.7,Orange,Average,< 3.0 (Low),18,7.95,18,27.0
6594,7441,500.0,Indian Rupees(Rs.),6.0,3.4,Orange,Average,3.0 - 3.9 (Moderate),152,17.1,228,684.0
6595,3132,600.0,Indian Rupees(Rs.),7.2,3.2,Orange,Average,3.0 - 3.9 (Moderate),27,10.66,27,97.2
6596,7342,300.0,Indian Rupees(Rs.),3.6,2.7,Orange,Average,< 3.0 (Low),41,10.09,41,73.8
6597,301242,500.0,Indian Rupees(Rs.),6.0,2.5,Orange,Average,< 3.0 (Low),40,9.28,60,180.0
6598,18429387,900.0,Indian Rupees(Rs.),10.8,2.8,Orange,Average,< 3.0 (Low),7,5.82,10,54.0
6599,18453448,250.0,Indian Rupees(Rs.),3.0,3.4,Orange,Average,3.0 - 3.9 (Moderate),21,10.51,32,48.0
6600,18369771,500.0,Indian Rupees(Rs.),6.0,2.6,Orange,Average,< 3.0 (Low),7,5.41,10,30.0
6601,309255,700.0,Indian Rupees(Rs.),8.4,2.9,Orange,Average,< 3.0 (Low),135,14.25,202,848.4
6602,307278,350.0,Indian Rupees(Rs.),4.2,3.2,Orange,Average,3.0 - 3.9 (Moderate),53,12.76,53,111.3
6603,311760,350.0,Indian Rupees(Rs.),4.2,3.1,Orange,Average,3.0 - 3.9 (Moderate),140,15.34,210,441.0
6604,18443750,300.0,Indian Rupees(Rs.),3.6,3.7,Yellow,Good,3.0 - 3.9 (Moderate),25,12.05,38,68.4
6605,307700,300.0,Indian Rupees(Rs.),3.6,3.6,Yellow,Good,3.0 - 3.9 (Moderate),83,15.95,83,149.4
6606,18381646,400.0,Indian Rupees(Rs.),4.8,3.5,Yellow,Good,3.0 - 3.9 (Moderate),27,11.66,40,96.0
6607,308054,400.0,Indian Rupees(Rs.),4.8,3.6,Yellow,Good,3.0 - 3.9 (Moderate),107,16.86,160,384.0
6608,18427200,650.0,Indian Rupees(Rs.),7.8,3.5,Yellow,Good,3.0 - 3.9 (Moderate),38,12.82,57,222.3
6609,7427,100.0,Indian Rupees(Rs.),1.2,3.6,Yellow,Good,3.0 - 3.9 (Moderate),87,16.12,87,52.2
6610,18261149,550.0,Indian Rupees(Rs.),6.6,3.5,Yellow,Good,3.0 - 3.9 (Moderate),126,16.95,189,623.7
6611,18322646,700.0,Indian Rupees(Rs.),8.4,3.5,Yellow,Good,3.0 - 3.9 (Moderate),39,12.91,58,243.6
6612,310912,700.0,Indian Rupees(Rs.),8.4,3.7,Yellow,Good,3.0 - 3.9 (Moderate),617,23.78,926,3889.2
6613,18334635,500.0,Indian Rupees(Rs.),6.0,3.5,Yellow,Good,3.0 - 3.9 (Moderate),26,11.54,39,117.0
6614,18487016,250.0,Indian Rupees(Rs.),3.0,0.0,White,Not rated,Unrated,1,0.0,1,1.5
6615,18480928,150.0,Indian Rupees(Rs.),1.8,0.0,White,Not rated,Unrated,1,0.0,1,0.9
6616,18446486,500.0,Indian Rupees(Rs.),6.0,0.0,White,Not rated,Unrated,1,0.0,2,6.0
6617,7401,200.0,Indian Rupees(Rs.),2.4,2.4,Red,Poor,< 3.0 (Low),52,9.53,52,62.4
6618,18237341,500.0,Indian Rupees(Rs.),6.0,4.2,Green,Very Good,4.0 - 4.4 (High),251,23.22,376,1128.0
6619,7428,300.0,Indian Rupees(Rs.),3.6,4.2,Green,Very Good,4.0 - 4.4 (High),474,25.89,711,1279.8
6620,18420467,750.0,Indian Rupees(Rs.),9.0,4.1,Green,Very Good,4.0 - 4.4 (High),101,18.96,152,684.0
6621,18332869,600.0,Indian Rupees(Rs.),7.2,4.2,Green,Very Good,4.0 - 4.4 (High),163,21.42,244,878.4
6622,18241878,750.0,Indian Rupees(Rs.),9.0,2.6,Orange,Average,< 3.0 (Low),25,8.47,38,171.0
6623,312959,500.0,Indian Rupees(Rs.),6.0,2.8,Orange,Average,< 3.0 (Low),5,5.02,5,15.0
6624,978,500.0,Indian Rupees(Rs.),6.0,3.4,Orange,Average,3.0 - 3.9 (Moderate),49,13.3,74,222.0
6625,306910,100.0,Indian Rupees(Rs.),1.2,3.0,Orange,Average,3.0 - 3.9 (Moderate),11,7.45,11,6.6
6626,307135,1400.0,Indian Rupees(Rs.),16.8,3.2,Orange,Average,3.0 - 3.9 (Moderate),411,19.27,411,3452.4
6627,18363209,500.0,Indian Rupees(Rs.),6.0,3.0,Orange,Average,3.0 - 3.9 (Moderate),17,8.67,26,78.0
6628,18454700,400.0,Indian Rupees(Rs.),4.8,3.3,Orange,Average,3.0 - 3.9 (Moderate),11,8.2,11,26.4
6629,308791,250.0,Indian Rupees(Rs.),3.0,3.2,Orange,Average,3.0 - 3.9 (Moderate),23,10.17,23,34.5
6630,312589,700.0,Indian Rupees(Rs.),8.4,2.9,Orange,Average,< 3.0 (Low),8,6.37,12,50.4
6631,977,700.0,Indian Rupees(Rs.),8.4,3.2,Orange,Average,3.0 - 3.9 (Moderate),93,14.54,140,588.0
6632,8649,600.0,Indian Rupees(Rs.),7.2,3.1,Orange,Average,3.0 - 3.9 (Moderate),25,10.1,38,136.8
6633,309435,800.0,Indian Rupees(Rs.),9.6,3.0,Orange,Average,3.0 - 3.9 (Moderate),27,10.0,27,129.6
6634,18371401,500.0,Indian Rupees(Rs.),6.0,3.1,Orange,Average,3.0 - 3.9 (Moderate),21,9.58,32,96.0
6635,307138,1100.0,Indian Rupees(Rs.),13.2,3.4,Orange,Average,3.0 - 3.9 (Moderate),224,18.41,336,2217.6
6636,18420427,650.0,Indian Rupees(Rs.),7.8,3.0,Orange,Average,3.0 - 3.9 (Moderate),4,4.83,4,15.6
6637,305082,1300.0,Indian Rupees(Rs.),15.6,3.4,Orange,Average,3.0 - 3.9 (Moderate),246,18.73,246,1918.8
6638,305086,700.0,Indian Rupees(Rs.),8.4,3.2,Orange,Average,3.0 - 3.9 (Moderate),41,11.96,41,172.2
6639,307541,350.0,Indian Rupees(Rs.),4.2,3.1,Orange,Average,3.0 - 3.9 (Moderate),14,8.39,14,29.4
6640,18281968,100.0,Indian Rupees(Rs.),1.2,3.1,Orange,Average,3.0 - 3.9 (Moderate),5,5.55,5,3.0
6641,18375382,600.0,Indian Rupees(Rs.),7.2,3.2,Orange,Average,3.0 - 3.9 (Moderate),7,6.65,10,36.0
6642,2537,700.0,Indian Rupees(Rs.),8.4,3.2,Orange,Average,3.0 - 3.9 (Moderate),16,9.07,16,67.2
6643,311977,800.0,Indian Rupees(Rs.),9.6,3.3,Orange,Average,3.0 - 3.9 (Moderate),90,14.89,135,648.0
6644,974,750.0,Indian Rupees(Rs.),9.0,3.4,Orange,Average,3.0 - 3.9 (Moderate),53,13.56,80,360.0
6645,4163,350.0,Indian Rupees(Rs.),4.2,3.4,Orange,Average,3.0 - 3.9 (Moderate),33,11.99,50,105.0
6646,305694,600.0,Indian Rupees(Rs.),7.2,2.6,Orange,Average,< 3.0 (Low),41,9.72,62,223.2
6647,2364,400.0,Indian Rupees(Rs.),4.8,3.2,Orange,Average,3.0 - 3.9 (Moderate),49,12.52,49,117.6
6648,305688,550.0,Indian Rupees(Rs.),6.6,3.3,Orange,Average,3.0 - 3.9 (Moderate),22,10.35,22,72.6
6649,18255603,200.0,Indian Rupees(Rs.),2.4,3.3,Orange,Average,3.0 - 3.9 (Moderate),14,8.94,14,16.8
6650,307548,300.0,Indian Rupees(Rs.),3.6,3.0,Orange,Average,3.0 - 3.9 (Moderate),14,8.12,14,25.2
6651,5932,400.0,Indian Rupees(Rs.),4.8,3.4,Orange,Average,3.0 - 3.9 (Moderate),179,17.66,179,429.6
6652,300397,500.0,Indian Rupees(Rs.),6.0,2.7,Orange,Average,< 3.0 (Low),114,12.81,171,513.0
6653,969,750.0,Indian Rupees(Rs.),9.0,2.6,Orange,Average,< 3.0 (Low),45,9.95,68,306.0
6654,303122,300.0,Indian Rupees(Rs.),3.6,3.2,Orange,Average,3.0 - 3.9 (Moderate),22,10.03,22,39.6
6655,8652,400.0,Indian Rupees(Rs.),4.8,3.0,Orange,Average,3.0 - 3.9 (Moderate),10,7.19,10,24.0
6656,18420456,1300.0,Indian Rupees(Rs.),15.6,4.6,Dark Green,Excellent,4.5 - 5.0 (Top Tier),128,22.36,128,998.4
6657,18445790,1400.0,Indian Rupees(Rs.),16.8,4.8,Dark Green,Excellent,4.5 - 5.0 (Top Tier),83,21.27,83,697.2
6658,313368,150.0,Indian Rupees(Rs.),1.8,4.7,Dark Green,Excellent,4.5 - 5.0 (Top Tier),474,28.97,711,639.9
6659,18037817,1500.0,Indian Rupees(Rs.),18.0,4.5,Dark Green,Excellent,4.5 - 5.0 (Top Tier),778,29.96,778,7002.0
6660,304746,2000.0,Indian Rupees(Rs.),24.0,4.6,Dark Green,Excellent,4.5 - 5.0 (Top Tier),1691,34.19,1691,20292.0
6661,9458,400.0,Indian Rupees(Rs.),4.8,3.9,Yellow,Good,3.0 - 3.9 (Moderate),170,20.05,170,408.0
6662,5878,100.0,Indian Rupees(Rs.),1.2,3.8,Yellow,Good,3.0 - 3.9 (Moderate),413,22.9,413,247.8
6663,18384134,400.0,Indian Rupees(Rs.),4.8,3.7,Yellow,Good,3.0 - 3.9 (Moderate),43,14.0,64,153.6
6664,3086,1100.0,Indian Rupees(Rs.),13.2,3.6,Yellow,Good,3.0 - 3.9 (Moderate),364,21.24,546,3603.6
6665,497,550.0,Indian Rupees(Rs.),6.6,3.8,Yellow,Good,3.0 - 3.9 (Moderate),334,22.09,334,1102.2
6666,18461723,200.0,Indian Rupees(Rs.),2.4,3.5,Yellow,Good,3.0 - 3.9 (Moderate),21,10.82,21,25.2
6667,18163908,1100.0,Indian Rupees(Rs.),13.2,3.9,Yellow,Good,3.0 - 3.9 (Moderate),605,24.99,605,3993.0
6668,18037816,1400.0,Indian Rupees(Rs.),16.8,3.8,Yellow,Good,3.0 - 3.9 (Moderate),280,21.43,420,3528.0
6669,312482,1650.0,Indian Rupees(Rs.),19.8,3.8,Yellow,Good,3.0 - 3.9 (Moderate),316,21.88,474,4692.6
6670,18222577,1700.0,Indian Rupees(Rs.),20.4,3.9,Yellow,Good,3.0 - 3.9 (Moderate),88,17.51,88,897.6
6671,966,1100.0,Indian Rupees(Rs.),13.2,3.7,Yellow,Good,3.0 - 3.9 (Moderate),662,24.04,662,4369.2
6672,217,700.0,Indian Rupees(Rs.),8.4,3.5,Yellow,Good,3.0 - 3.9 (Moderate),194,18.46,194,814.8
6673,18245274,1300.0,Indian Rupees(Rs.),15.6,3.7,Yellow,Good,3.0 - 3.9 (Moderate),282,20.89,423,3299.4
6674,5931,300.0,Indian Rupees(Rs.),3.6,3.6,Yellow,Good,3.0 - 3.9 (Moderate),120,17.26,120,216.0
6675,1158,400.0,Indian Rupees(Rs.),4.8,3.9,Yellow,Good,3.0 - 3.9 (Moderate),122,18.77,183,439.2
6676,309845,1700.0,Indian Rupees(Rs.),20.4,3.5,Yellow,Good,3.0 - 3.9 (Moderate),313,20.12,313,3192.6
6677,18273540,1250.0,Indian Rupees(Rs.),15.0,3.7,Yellow,Good,3.0 - 3.9 (Moderate),196,19.55,294,2205.0
6678,310768,1250.0,Indian Rupees(Rs.),15.0,3.8,Yellow,Good,3.0 - 3.9 (Moderate),374,22.52,561,4207.5
6679,18322658,800.0,Indian Rupees(Rs.),9.6,3.8,Yellow,Good,3.0 - 3.9 (Moderate),96,17.38,144,691.2
6680,18228867,1200.0,Indian Rupees(Rs.),14.4,3.6,Yellow,Good,3.0 - 3.9 (Moderate),751,23.84,751,5407.2
6681,18384149,1500.0,Indian Rupees(Rs.),18.0,3.9,Yellow,Good,3.0 - 3.9 (Moderate),168,20.01,168,1512.0
6682,18294265,2200.0,Indian Rupees(Rs.),26.4,3.9,Yellow,Good,3.0 - 3.9 (Moderate),404,23.42,404,5332.8
6683,18472653,2000.0,Indian Rupees(Rs.),24.0,3.8,Yellow,Good,3.0 - 3.9 (Moderate),52,15.09,52,624.0
6684,188,500.0,Indian Rupees(Rs.),6.0,3.7,Yellow,Good,3.0 - 3.9 (Moderate),161,18.82,242,726.0
6685,306014,500.0,Indian Rupees(Rs.),6.0,3.8,Yellow,Good,3.0 - 3.9 (Moderate),160,19.31,240,720.0
6686,18281954,550.0,Indian Rupees(Rs.),6.6,3.7,Yellow,Good,3.0 - 3.9 (Moderate),81,16.3,122,402.6
6687,306410,250.0,Indian Rupees(Rs.),3.0,3.8,Yellow,Good,3.0 - 3.9 (Moderate),166,19.45,249,373.5
6688,837,800.0,Indian Rupees(Rs.),9.6,3.6,Yellow,Good,3.0 - 3.9 (Moderate),622,23.16,622,2985.6
6689,18438452,250.0,Indian Rupees(Rs.),3.0,3.6,Yellow,Good,3.0 - 3.9 (Moderate),23,11.44,23,34.5
6690,965,700.0,Indian Rupees(Rs.),8.4,3.7,Yellow,Good,3.0 - 3.9 (Moderate),422,22.38,633,2658.6
6691,310167,2000.0,Indian Rupees(Rs.),24.0,3.8,Yellow,Good,3.0 - 3.9 (Moderate),300,21.69,450,5400.0
6692,17953943,500.0,Indian Rupees(Rs.),6.0,3.9,Yellow,Good,3.0 - 3.9 (Moderate),606,24.99,909,2727.0
6693,18241862,1400.0,Indian Rupees(Rs.),16.8,3.8,Yellow,Good,3.0 - 3.9 (Moderate),305,21.75,305,2562.0
6694,18412880,1200.0,Indian Rupees(Rs.),14.4,3.5,Yellow,Good,3.0 - 3.9 (Moderate),35,12.54,35,252.0
6695,313071,500.0,Indian Rupees(Rs.),6.0,3.6,Yellow,Good,3.0 - 3.9 (Moderate),74,15.54,111,333.0
6696,310395,1600.0,Indian Rupees(Rs.),19.2,3.6,Yellow,Good,3.0 - 3.9 (Moderate),742,23.8,1113,10684.8
6697,6195,1300.0,Indian Rupees(Rs.),15.6,3.8,Yellow,Good,3.0 - 3.9 (Moderate),608,24.36,912,7113.6
6698,18311919,600.0,Indian Rupees(Rs.),7.2,3.7,Yellow,Good,3.0 - 3.9 (Moderate),46,14.25,69,248.4
6699,3083,1500.0,Indian Rupees(Rs.),18.0,3.7,Yellow,Good,3.0 - 3.9 (Moderate),699,24.24,1048,9432.0
6700,307549,100.0,Indian Rupees(Rs.),1.2,0.0,White,Not rated,Unrated,3,0.0,3,1.8
6701,7287,600.0,Indian Rupees(Rs.),7.2,2.2,Red,Poor,< 3.0 (Low),126,10.66,189,680.4
6702,306476,1400.0,Indian Rupees(Rs.),16.8,4.1,Green,Very Good,4.0 - 4.4 (High),1980,31.12,1980,16632.0
6703,18369780,1500.0,Indian Rupees(Rs.),18.0,4.2,Green,Very Good,4.0 - 4.4 (High),91,18.99,136,1224.0
6704,18412888,1000.0,Indian Rupees(Rs.),12.0,4.0,Green,Very Good,4.0 - 4.4 (High),115,19.01,115,690.0
6705,304233,1350.0,Indian Rupees(Rs.),16.2,4.0,Green,Very Good,4.0 - 4.4 (High),345,23.39,518,4195.8
6706,18345778,700.0,Indian Rupees(Rs.),8.4,4.4,Green,Very Good,4.0 - 4.4 (High),229,23.93,344,1444.8
6707,18430901,800.0,Indian Rupees(Rs.),9.6,4.4,Green,Very Good,4.0 - 4.4 (High),153,22.16,153,734.4
6708,18427236,300.0,Indian Rupees(Rs.),3.6,4.2,Green,Very Good,4.0 - 4.4 (High),89,18.9,134,241.2
6709,18441764,1200.0,Indian Rupees(Rs.),14.4,4.0,Green,Very Good,4.0 - 4.4 (High),60,16.44,60,432.0
6710,312476,1300.0,Indian Rupees(Rs.),15.6,4.4,Green,Very Good,4.0 - 4.4 (High),1636,32.56,1636,12760.8
6711,18421044,800.0,Indian Rupees(Rs.),9.6,4.3,Green,Very Good,4.0 - 4.4 (High),58,17.53,87,417.6
6712,18252401,1100.0,Indian Rupees(Rs.),13.2,4.4,Green,Very Good,4.0 - 4.4 (High),676,28.68,676,4461.6
6713,3077,1500.0,Indian Rupees(Rs.),18.0,4.1,Green,Very Good,4.0 - 4.4 (High),2514,32.1,2514,22626.0
6714,300416,200.0,Indian Rupees(Rs.),2.4,4.0,Green,Very Good,4.0 - 4.4 (High),220,21.59,220,264.0
6715,18415387,1000.0,Indian Rupees(Rs.),12.0,4.1,Green,Very Good,4.0 - 4.4 (High),163,20.91,163,978.0
6716,18322621,1300.0,Indian Rupees(Rs.),15.6,4.0,Green,Very Good,4.0 - 4.4 (High),129,19.47,194,1513.2
6717,18432011,700.0,Indian Rupees(Rs.),8.4,4.1,Green,Very Good,4.0 - 4.4 (High),31,14.21,31,130.2
6718,18254514,1300.0,Indian Rupees(Rs.),15.6,4.2,Green,Very Good,4.0 - 4.4 (High),289,23.81,289,2254.2
6719,18381259,1200.0,Indian Rupees(Rs.),14.4,4.1,Green,Very Good,4.0 - 4.4 (High),153,20.65,230,1656.0
6720,18454951,1000.0,Indian Rupees(Rs.),12.0,4.0,Green,Very Good,4.0 - 4.4 (High),91,18.09,91,546.0
6721,300844,300.0,Indian Rupees(Rs.),3.6,3.3,Orange,Average,3.0 - 3.9 (Moderate),85,14.7,85,153.0
6722,3247,300.0,Indian Rupees(Rs.),3.6,3.0,Orange,Average,3.0 - 3.9 (Moderate),76,13.03,76,136.8
6723,6481,450.0,Indian Rupees(Rs.),5.4,2.7,Orange,Average,< 3.0 (Low),114,12.81,171,461.7
6724,8771,200.0,Indian Rupees(Rs.),2.4,3.3,Orange,Average,3.0 - 3.9 (Moderate),79,14.46,79,94.8
6725,300862,350.0,Indian Rupees(Rs.),4.2,3.4,Orange,Average,3.0 - 3.9 (Moderate),59,13.92,88,184.8
6726,4056,550.0,Indian Rupees(Rs.),6.6,3.4,Orange,Average,3.0 - 3.9 (Moderate),110,16.01,165,544.5
6727,308212,350.0,Indian Rupees(Rs.),4.2,3.2,Orange,Average,3.0 - 3.9 (Moderate),212,17.16,318,667.8
6728,303595,550.0,Indian Rupees(Rs.),6.6,2.7,Orange,Average,< 3.0 (Low),128,13.12,192,633.6
6729,7679,700.0,Indian Rupees(Rs.),8.4,3.1,Orange,Average,3.0 - 3.9 (Moderate),68,13.13,102,428.4
6730,8389,700.0,Indian Rupees(Rs.),8.4,3.3,Orange,Average,3.0 - 3.9 (Moderate),82,14.58,82,344.4
6731,9408,250.0,Indian Rupees(Rs.),3.0,3.3,Orange,Average,3.0 - 3.9 (Moderate),64,13.78,64,96.0
6732,313336,500.0,Indian Rupees(Rs.),6.0,3.1,Orange,Average,3.0 - 3.9 (Moderate),60,12.74,90,270.0
6733,6477,150.0,Indian Rupees(Rs.),1.8,3.4,Orange,Average,3.0 - 3.9 (Moderate),95,15.52,95,85.5
6734,191,500.0,Indian Rupees(Rs.),6.0,3.4,Orange,Average,3.0 - 3.9 (Moderate),108,15.95,162,486.0
6735,2000,450.0,Indian Rupees(Rs.),5.4,3.3,Orange,Average,3.0 - 3.9 (Moderate),116,15.72,174,469.8
6736,7137,1000.0,Indian Rupees(Rs.),12.0,3.0,Orange,Average,3.0 - 3.9 (Moderate),126,14.53,189,1134.0
6737,311711,400.0,Indian Rupees(Rs.),4.8,3.3,Orange,Average,3.0 - 3.9 (Moderate),34,11.73,34,81.6
6738,6308,650.0,Indian Rupees(Rs.),7.8,3.4,Orange,Average,3.0 - 3.9 (Moderate),78,14.86,117,456.3
6739,5283,450.0,Indian Rupees(Rs.),5.4,3.2,Orange,Average,3.0 - 3.9 (Moderate),73,13.77,110,297.0
6740,5313,800.0,Indian Rupees(Rs.),9.6,2.8,Orange,Average,< 3.0 (Low),164,14.3,246,1180.8
6741,8915,1000.0,Indian Rupees(Rs.),12.0,3.3,Orange,Average,3.0 - 3.9 (Moderate),156,16.69,234,1404.0
6742,309429,150.0,Indian Rupees(Rs.),1.8,3.4,Orange,Average,3.0 - 3.9 (Moderate),59,13.92,88,79.2
6743,3114,1000.0,Indian Rupees(Rs.),12.0,2.6,Orange,Average,< 3.0 (Low),59,10.65,88,528.0
6744,3229,500.0,Indian Rupees(Rs.),6.0,3.3,Orange,Average,3.0 - 3.9 (Moderate),132,16.14,198,594.0
6745,18254676,400.0,Indian Rupees(Rs.),4.8,3.1,Orange,Average,3.0 - 3.9 (Moderate),20,9.44,20,48.0
6746,18365897,600.0,Indian Rupees(Rs.),7.2,3.6,Yellow,Good,3.0 - 3.9 (Moderate),45,13.78,68,244.8
6747,9253,400.0,Indian Rupees(Rs.),4.8,3.5,Yellow,Good,3.0 - 3.9 (Moderate),75,15.16,75,180.0
6748,310459,350.0,Indian Rupees(Rs.),4.2,3.5,Yellow,Good,3.0 - 3.9 (Moderate),55,14.09,82,172.2
6749,218,700.0,Indian Rupees(Rs.),8.4,3.5,Yellow,Good,3.0 - 3.9 (Moderate),123,16.87,123,516.6
6750,300841,250.0,Indian Rupees(Rs.),3.0,3.6,Yellow,Good,3.0 - 3.9 (Moderate),95,16.43,95,142.5
6751,302466,250.0,Indian Rupees(Rs.),3.0,3.5,Yellow,Good,3.0 - 3.9 (Moderate),175,18.1,175,262.5
6752,309629,600.0,Indian Rupees(Rs.),7.2,3.5,Yellow,Good,3.0 - 3.9 (Moderate),62,14.5,93,334.8
6753,18312438,400.0,Indian Rupees(Rs.),4.8,3.8,Yellow,Good,3.0 - 3.9 (Moderate),43,14.38,43,103.2
6754,9348,500.0,Indian Rupees(Rs.),6.0,3.5,Yellow,Good,3.0 - 3.9 (Moderate),67,14.77,100,300.0
6755,304928,800.0,Indian Rupees(Rs.),9.6,3.5,Yellow,Good,3.0 - 3.9 (Moderate),159,17.76,238,1142.4
6756,18273634,400.0,Indian Rupees(Rs.),4.8,3.5,Yellow,Good,3.0 - 3.9 (Moderate),42,13.16,63,151.2
6757,18246132,500.0,Indian Rupees(Rs.),6.0,3.8,Yellow,Good,3.0 - 3.9 (Moderate),56,15.36,84,252.0
6758,302302,200.0,Indian Rupees(Rs.),2.4,3.6,Yellow,Good,3.0 - 3.9 (Moderate),98,16.54,98,117.6
6759,18355152,700.0,Indian Rupees(Rs.),8.4,3.8,Yellow,Good,3.0 - 3.9 (Moderate),31,13.17,46,193.2
6760,308969,200.0,Indian Rupees(Rs.),2.4,3.9,Yellow,Good,3.0 - 3.9 (Moderate),129,18.98,129,154.8
6761,302344,250.0,Indian Rupees(Rs.),3.0,3.5,Yellow,Good,3.0 - 3.9 (Moderate),62,14.5,62,93.0
6762,307466,350.0,Indian Rupees(Rs.),4.2,3.9,Yellow,Good,3.0 - 3.9 (Moderate),257,21.66,386,810.6
6763,3108,400.0,Indian Rupees(Rs.),4.8,3.5,Yellow,Good,3.0 - 3.9 (Moderate),70,14.92,105,252.0
6764,309783,450.0,Indian Rupees(Rs.),5.4,3.5,Yellow,Good,3.0 - 3.9 (Moderate),83,15.51,124,334.8
6765,8883,550.0,Indian Rupees(Rs.),6.6,2.3,Red,Poor,< 3.0 (Low),128,11.18,192,633.6
6766,300966,600.0,Indian Rupees(Rs.),7.2,2.4,Red,Poor,< 3.0 (Low),62,9.94,62,223.2
6767,18408058,1400.0,Indian Rupees(Rs.),16.8,4.2,Green,Very Good,4.0 - 4.4 (High),69,17.84,104,873.6
6768,301763,250.0,Indian Rupees(Rs.),3.0,4.2,Green,Very Good,4.0 - 4.4 (High),171,21.62,256,384.0
6769,18425766,3700.0,Indian Rupees(Rs.),44.4,2.9,Orange,Average,< 3.0 (Low),4,4.67,4,88.8
6770,18382353,3000.0,Indian Rupees(Rs.),36.0,3.6,Yellow,Good,3.0 - 3.9 (Moderate),30,12.36,30,540.0
6771,18463962,1000.0,Indian Rupees(Rs.),12.0,0.0,White,Not rated,Unrated,3,0.0,3,18.0
6772,7310,700.0,Indian Rupees(Rs.),8.4,3.1,Orange,Average,3.0 - 3.9 (Moderate),45,11.87,45,189.0
6773,4336,500.0,Indian Rupees(Rs.),6.0,3.2,Orange,Average,3.0 - 3.9 (Moderate),18,9.42,18,54.0
6774,305517,300.0,Indian Rupees(Rs.),3.6,3.0,Orange,Average,3.0 - 3.9 (Moderate),6,5.84,6,10.8
6775,303289,250.0,Indian Rupees(Rs.),3.0,2.6,Orange,Average,< 3.0 (Low),12,6.67,12,18.0
6776,18334429,400.0,Indian Rupees(Rs.),4.8,3.0,Orange,Average,3.0 - 3.9 (Moderate),7,6.24,7,16.8
6777,309531,300.0,Indian Rupees(Rs.),3.6,3.3,Orange,Average,3.0 - 3.9 (Moderate),27,11.0,27,48.6
6778,8216,200.0,Indian Rupees(Rs.),2.4,3.3,Orange,Average,3.0 - 3.9 (Moderate),34,11.73,34,40.8
6779,18384121,500.0,Indian Rupees(Rs.),6.0,3.4,Orange,Average,3.0 - 3.9 (Moderate),15,9.43,22,66.0
6780,1775,550.0,Indian Rupees(Rs.),6.6,2.8,Orange,Average,< 3.0 (Low),90,12.63,135,445.5
6781,300258,750.0,Indian Rupees(Rs.),9.0,2.5,Orange,Average,< 3.0 (Low),32,8.74,32,144.0
6782,304107,450.0,Indian Rupees(Rs.),5.4,2.8,Orange,Average,< 3.0 (Low),16,7.93,16,43.2
6783,18247034,700.0,Indian Rupees(Rs.),8.4,3.0,Orange,Average,3.0 - 3.9 (Moderate),5,5.38,5,21.0
6784,18357109,500.0,Indian Rupees(Rs.),6.0,3.0,Orange,Average,3.0 - 3.9 (Moderate),12,7.69,12,36.0
6785,309026,300.0,Indian Rupees(Rs.),3.6,2.9,Orange,Average,< 3.0 (Low),4,4.67,4,7.2
6786,18358685,700.0,Indian Rupees(Rs.),8.4,3.4,Orange,Average,3.0 - 3.9 (Moderate),13,8.97,20,84.0
6787,18219516,500.0,Indian Rupees(Rs.),6.0,3.1,Orange,Average,3.0 - 3.9 (Moderate),8,6.81,8,24.0
6788,18461946,300.0,Indian Rupees(Rs.),3.6,3.3,Orange,Average,3.0 - 3.9 (Moderate),15,9.15,15,27.0
6789,304194,800.0,Indian Rupees(Rs.),9.6,2.6,Orange,Average,< 3.0 (Low),83,11.52,124,595.2
6790,300280,400.0,Indian Rupees(Rs.),4.8,2.8,Orange,Average,< 3.0 (Low),53,11.17,53,127.2
6791,9565,500.0,Indian Rupees(Rs.),6.0,3.3,Orange,Average,3.0 - 3.9 (Moderate),141,16.35,212,636.0
6792,18126972,650.0,Indian Rupees(Rs.),7.8,2.6,Orange,Average,< 3.0 (Low),70,11.08,105,409.5
6793,18285198,300.0,Indian Rupees(Rs.),3.6,2.9,Orange,Average,< 3.0 (Low),9,6.68,9,16.2
6794,7318,350.0,Indian Rupees(Rs.),4.2,3.3,Orange,Average,3.0 - 3.9 (Moderate),30,11.33,30,63.0
6795,305514,300.0,Indian Rupees(Rs.),3.6,3.1,Orange,Average,3.0 - 3.9 (Moderate),16,8.78,16,28.8
6796,4330,350.0,Indian Rupees(Rs.),4.2,2.8,Orange,Average,< 3.0 (Low),60,11.51,90,189.0
6797,304186,600.0,Indian Rupees(Rs.),7.2,3.1,Orange,Average,3.0 - 3.9 (Moderate),35,11.11,52,187.2
6798,18219526,300.0,Indian Rupees(Rs.),3.6,3.2,Orange,Average,3.0 - 3.9 (Moderate),37,11.64,56,100.8
6799,18254549,500.0,Indian Rupees(Rs.),6.0,2.7,Orange,Average,< 3.0 (Low),26,8.9,39,117.0
6800,311570,450.0,Indian Rupees(Rs.),5.4,2.7,Orange,Average,< 3.0 (Low),6,5.25,9,24.3
6801,309804,500.0,Indian Rupees(Rs.),6.0,3.3,Orange,Average,3.0 - 3.9 (Moderate),33,11.64,33,99.0
6802,18144483,700.0,Indian Rupees(Rs.),8.4,3.1,Orange,Average,3.0 - 3.9 (Moderate),34,11.02,51,214.2
6803,309806,350.0,Indian Rupees(Rs.),4.2,3.4,Orange,Average,3.0 - 3.9 (Moderate),25,11.08,25,52.5
6804,305516,200.0,Indian Rupees(Rs.),2.4,2.8,Orange,Average,< 3.0 (Low),8,6.15,8,9.6
6805,18361271,400.0,Indian Rupees(Rs.),4.8,3.0,Orange,Average,3.0 - 3.9 (Moderate),7,6.24,7,16.8
6806,311828,800.0,Indian Rupees(Rs.),9.6,2.7,Orange,Average,< 3.0 (Low),90,12.18,135,648.0
6807,310436,400.0,Indian Rupees(Rs.),4.8,2.7,Orange,Average,< 3.0 (Low),11,6.71,11,26.4
6808,5846,900.0,Indian Rupees(Rs.),10.8,3.0,Orange,Average,3.0 - 3.9 (Moderate),64,12.52,96,518.4
6809,309808,600.0,Indian Rupees(Rs.),7.2,2.8,Orange,Average,< 3.0 (Low),9,6.45,14,50.4
6810,18432849,500.0,Indian Rupees(Rs.),6.0,3.3,Orange,Average,3.0 - 3.9 (Moderate),13,8.71,13,39.0
6811,7322,500.0,Indian Rupees(Rs.),6.0,2.9,Orange,Average,< 3.0 (Low),188,15.2,282,846.0
6812,308219,500.0,Indian Rupees(Rs.),6.0,3.4,Orange,Average,3.0 - 3.9 (Moderate),26,11.21,26,78.0
6813,18138427,600.0,Indian Rupees(Rs.),7.2,3.0,Orange,Average,3.0 - 3.9 (Moderate),6,5.84,6,21.6
6814,18424971,400.0,Indian Rupees(Rs.),4.8,3.1,Orange,Average,3.0 - 3.9 (Moderate),8,6.81,8,19.2
6815,18456724,600.0,Indian Rupees(Rs.),7.2,3.0,Orange,Average,3.0 - 3.9 (Moderate),4,4.83,4,14.4
6816,300281,400.0,Indian Rupees(Rs.),4.8,3.4,Orange,Average,3.0 - 3.9 (Moderate),63,14.14,63,151.2
6817,304187,500.0,Indian Rupees(Rs.),6.0,3.3,Orange,Average,3.0 - 3.9 (Moderate),150,16.56,150,450.0
6818,310942,600.0,Indian Rupees(Rs.),7.2,3.6,Yellow,Good,3.0 - 3.9 (Moderate),103,16.72,154,554.4
6819,309475,1300.0,Indian Rupees(Rs.),15.6,3.7,Yellow,Good,3.0 - 3.9 (Moderate),210,19.8,315,2457.0
6820,306870,500.0,Indian Rupees(Rs.),6.0,3.5,Yellow,Good,3.0 - 3.9 (Moderate),40,13.0,60,180.0
6821,300283,600.0,Indian Rupees(Rs.),7.2,3.5,Yellow,Good,3.0 - 3.9 (Moderate),123,16.87,184,662.4
6822,18337779,600.0,Indian Rupees(Rs.),7.2,3.6,Yellow,Good,3.0 - 3.9 (Moderate),110,16.95,165,594.0
6823,307464,600.0,Indian Rupees(Rs.),7.2,3.7,Yellow,Good,3.0 - 3.9 (Moderate),154,18.66,154,554.4
6824,1774,400.0,Indian Rupees(Rs.),4.8,3.5,Yellow,Good,3.0 - 3.9 (Moderate),51,13.83,76,182.4
6825,7319,800.0,Indian Rupees(Rs.),9.6,3.8,Yellow,Good,3.0 - 3.9 (Moderate),310,21.81,310,1488.0
6826,3164,1000.0,Indian Rupees(Rs.),12.0,3.9,Yellow,Good,3.0 - 3.9 (Moderate),223,21.11,223,1338.0
6827,18458306,1000.0,Indian Rupees(Rs.),12.0,3.9,Yellow,Good,3.0 - 3.9 (Moderate),21,12.06,32,192.0
6828,312130,600.0,Indian Rupees(Rs.),7.2,3.7,Yellow,Good,3.0 - 3.9 (Moderate),94,16.85,94,338.4
6829,306581,2300.0,Indian Rupees(Rs.),27.6,3.7,Yellow,Good,3.0 - 3.9 (Moderate),622,23.81,622,8583.6
6830,18357527,500.0,Indian Rupees(Rs.),6.0,3.6,Yellow,Good,3.0 - 3.9 (Moderate),31,12.48,31,93.0
6831,18337920,600.0,Indian Rupees(Rs.),7.2,3.6,Yellow,Good,3.0 - 3.9 (Moderate),49,14.08,74,266.4
6832,18416859,400.0,Indian Rupees(Rs.),4.8,0.0,White,Not rated,Unrated,2,0.0,2,4.8
6833,18485984,400.0,Indian Rupees(Rs.),4.8,0.0,White,Not rated,Unrated,1,0.0,1,2.4
6834,18393436,400.0,Indian Rupees(Rs.),4.8,0.0,White,Not rated,Unrated,2,0.0,2,4.8
6835,310320,300.0,Indian Rupees(Rs.),3.6,0.0,White,Not rated,Unrated,3,0.0,3,5.4
6836,18331664,350.0,Indian Rupees(Rs.),4.2,0.0,White,Not rated,Unrated,1,0.0,1,2.1
6837,18291208,400.0,Indian Rupees(Rs.),4.8,0.0,White,Not rated,Unrated,2,0.0,2,4.8
6838,18285734,300.0,Indian Rupees(Rs.),3.6,0.0,White,Not rated,Unrated,2,0.0,2,3.6
6839,18334432,300.0,Indian Rupees(Rs.),3.6,0.0,White,Not rated,Unrated,2,0.0,2,3.6
6840,18416831,450.0,Indian Rupees(Rs.),5.4,0.0,White,Not rated,Unrated,1,0.0,1,2.7
6841,18496493,300.0,Indian Rupees(Rs.),3.6,0.0,White,Not rated,Unrated,1,0.0,1,1.8
6842,18285204,300.0,Indian Rupees(Rs.),3.6,0.0,White,Not rated,Unrated,1,0.0,1,1.8
6843,628,450.0,Indian Rupees(Rs.),5.4,2.4,Red,Poor,< 3.0 (Low),28,8.08,28,75.6
6844,305606,500.0,Indian Rupees(Rs.),6.0,2.3,Red,Poor,< 3.0 (Low),54,9.22,54,162.0
6845,18396054,1200.0,Indian Rupees(Rs.),14.4,4.2,Green,Very Good,4.0 - 4.4 (High),49,16.43,49,352.8
6846,18237319,2000.0,Indian Rupees(Rs.),24.0,4.3,Green,Very Good,4.0 - 4.4 (High),96,19.67,144,1728.0
6847,17953911,400.0,Indian Rupees(Rs.),4.8,4.0,Green,Very Good,4.0 - 4.4 (High),149,20.04,149,357.6
6848,18456770,800.0,Indian Rupees(Rs.),9.6,4.0,Green,Very Good,4.0 - 4.4 (High),41,14.95,62,297.6
6849,1777,800.0,Indian Rupees(Rs.),9.6,4.3,Green,Very Good,4.0 - 4.4 (High),3530,35.13,3530,16944.0
6850,18138443,1800.0,Indian Rupees(Rs.),21.6,4.2,Green,Very Good,4.0 - 4.4 (High),420,25.38,630,6804.0
6851,313269,900.0,Indian Rupees(Rs.),10.8,4.1,Green,Very Good,4.0 - 4.4 (High),647,26.54,970,5238.0
6852,18428536,200.0,Indian Rupees(Rs.),2.4,2.7,Orange,Average,< 3.0 (Low),6,5.25,9,10.8
6853,300231,100.0,Indian Rupees(Rs.),1.2,2.8,Orange,Average,< 3.0 (Low),14,7.58,14,8.4
6854,300236,350.0,Indian Rupees(Rs.),4.2,2.7,Orange,Average,< 3.0 (Low),16,7.65,16,33.6
6855,18303837,500.0,Indian Rupees(Rs.),6.0,2.7,Orange,Average,< 3.0 (Low),4,4.35,6,18.0
6856,312827,350.0,Indian Rupees(Rs.),4.2,2.8,Orange,Average,< 3.0 (Low),5,5.02,8,16.8
6857,302326,300.0,Indian Rupees(Rs.),3.6,2.7,Orange,Average,< 3.0 (Low),16,7.65,16,28.8
6858,300235,100.0,Indian Rupees(Rs.),1.2,2.7,Orange,Average,< 3.0 (Low),17,7.8,17,10.2
6859,309192,450.0,Indian Rupees(Rs.),5.4,3.1,Orange,Average,3.0 - 3.9 (Moderate),12,7.95,12,32.4
6860,2201,1000.0,Indian Rupees(Rs.),12.0,2.9,Orange,Average,< 3.0 (Low),13,7.65,13,78.0
6861,18355141,300.0,Indian Rupees(Rs.),3.6,0.0,White,Not rated,Unrated,1,0.0,1,1.8
6862,18408037,200.0,Indian Rupees(Rs.),2.4,0.0,White,Not rated,Unrated,1,0.0,1,1.2
6863,18489533,350.0,Indian Rupees(Rs.),4.2,0.0,White,Not rated,Unrated,0,0.0,0,0.0
6864,18471278,200.0,Indian Rupees(Rs.),2.4,0.0,White,Not rated,Unrated,0,0.0,0,0.0
6865,18440160,800.0,Indian Rupees(Rs.),9.6,0.0,White,Not rated,Unrated,0,0.0,0,0.0
6866,18354987,350.0,Indian Rupees(Rs.),4.2,0.0,White,Not rated,Unrated,0,0.0,0,0.0
6867,302314,150.0,Indian Rupees(Rs.),1.8,0.0,White,Not rated,Unrated,3,0.0,3,2.7
6868,18355145,150.0,Indian Rupees(Rs.),1.8,0.0,White,Not rated,Unrated,0,0.0,0,0.0
6869,18355137,200.0,Indian Rupees(Rs.),2.4,0.0,White,Not rated,Unrated,0,0.0,0,0.0
6870,18489523,300.0,Indian Rupees(Rs.),3.6,0.0,White,Not rated,Unrated,0,0.0,0,0.0
6871,18408066,300.0,Indian Rupees(Rs.),3.6,0.0,White,Not rated,Unrated,1,0.0,1,1.8
6872,18312586,150.0,Indian Rupees(Rs.),1.8,0.0,White,Not rated,Unrated,1,0.0,1,0.9
6873,18492960,200.0,Indian Rupees(Rs.),2.4,0.0,White,Not rated,Unrated,0,0.0,0,0.0
6874,302311,250.0,Indian Rupees(Rs.),3.0,0.0,White,Not rated,Unrated,2,0.0,2,3.0
6875,18469965,850.0,Indian Rupees(Rs.),10.2,0.0,White,Not rated,Unrated,1,0.0,1,5.1
6876,18488864,250.0,Indian Rupees(Rs.),3.0,0.0,White,Not rated,Unrated,1,0.0,1,1.5
6877,18470757,350.0,Indian Rupees(Rs.),4.2,0.0,White,Not rated,Unrated,0,0.0,0,0.0
6878,18355143,100.0,Indian Rupees(Rs.),1.2,0.0,White,Not rated,Unrated,0,0.0,0,0.0
6879,18465571,400.0,Indian Rupees(Rs.),4.8,0.0,White,Not rated,Unrated,0,0.0,0,0.0
6880,302318,200.0,Indian Rupees(Rs.),2.4,0.0,White,Not rated,Unrated,2,0.0,2,2.4
6881,18303708,250.0,Indian Rupees(Rs.),3.0,0.0,White,Not rated,Unrated,0,0.0,0,0.0
6882,18355147,100.0,Indian Rupees(Rs.),1.2,0.0,White,Not rated,Unrated,0,0.0,0,0.0
6883,311821,400.0,Indian Rupees(Rs.),4.8,0.0,White,Not rated,Unrated,0,0.0,0,0.0
6884,18414500,300.0,Indian Rupees(Rs.),3.6,0.0,White,Not rated,Unrated,0,0.0,0,0.0
6885,18419682,300.0,Indian Rupees(Rs.),3.6,0.0,White,Not rated,Unrated,0,0.0,0,0.0
6886,18203159,300.0,Indian Rupees(Rs.),3.6,2.4,Red,Poor,< 3.0 (Low),4,3.86,6,10.8
6887,309152,250.0,Indian Rupees(Rs.),3.0,3.0,Orange,Average,3.0 - 3.9 (Moderate),5,5.38,5,7.5
6888,309113,1300.0,Indian Rupees(Rs.),15.6,3.3,Orange,Average,3.0 - 3.9 (Moderate),118,15.77,177,1380.6
6889,18398598,1500.0,Indian Rupees(Rs.),18.0,3.0,Orange,Average,3.0 - 3.9 (Moderate),4,4.83,4,36.0
6890,18303720,400.0,Indian Rupees(Rs.),4.8,2.8,Orange,Average,< 3.0 (Low),24,9.01,36,86.4
6891,18303716,700.0,Indian Rupees(Rs.),8.4,3.4,Orange,Average,3.0 - 3.9 (Moderate),42,12.79,63,264.6
6892,300221,200.0,Indian Rupees(Rs.),2.4,3.3,Orange,Average,3.0 - 3.9 (Moderate),20,10.05,20,24.0
6893,18203177,600.0,Indian Rupees(Rs.),7.2,2.8,Orange,Average,< 3.0 (Low),16,7.93,16,57.6
6894,308992,100.0,Indian Rupees(Rs.),1.2,3.0,Orange,Average,3.0 - 3.9 (Moderate),8,6.59,8,4.8
6895,18368005,600.0,Indian Rupees(Rs.),7.2,2.7,Orange,Average,< 3.0 (Low),11,6.71,16,57.6
6896,311517,300.0,Indian Rupees(Rs.),3.6,3.0,Orange,Average,3.0 - 3.9 (Moderate),4,4.83,4,7.2
6897,18282049,150.0,Indian Rupees(Rs.),1.8,3.2,Orange,Average,3.0 - 3.9 (Moderate),15,8.87,15,13.5
6898,308166,800.0,Indian Rupees(Rs.),9.6,2.5,Orange,Average,< 3.0 (Low),20,7.61,20,96.0
6899,256,1000.0,Indian Rupees(Rs.),12.0,3.1,Orange,Average,3.0 - 3.9 (Moderate),237,16.96,356,2136.0
6900,18348790,300.0,Indian Rupees(Rs.),3.6,3.2,Orange,Average,3.0 - 3.9 (Moderate),10,7.67,10,18.0
6901,309874,550.0,Indian Rupees(Rs.),6.6,3.0,Orange,Average,3.0 - 3.9 (Moderate),15,8.32,15,49.5
6902,7131,700.0,Indian Rupees(Rs.),8.4,2.9,Orange,Average,< 3.0 (Low),33,10.23,33,138.6
6903,312032,300.0,Indian Rupees(Rs.),3.6,3.4,Orange,Average,3.0 - 3.9 (Moderate),31,11.78,31,55.8
6904,311370,700.0,Indian Rupees(Rs.),8.4,3.2,Orange,Average,3.0 - 3.9 (Moderate),121,15.37,121,508.2
6905,18233797,300.0,Indian Rupees(Rs.),3.6,2.7,Orange,Average,< 3.0 (Low),4,4.35,6,10.8
6906,313311,750.0,Indian Rupees(Rs.),9.0,3.9,Yellow,Good,3.0 - 3.9 (Moderate),305,22.32,458,2061.0
6907,3797,600.0,Indian Rupees(Rs.),7.2,3.7,Yellow,Good,3.0 - 3.9 (Moderate),118,17.68,118,424.8
6908,309893,500.0,Indian Rupees(Rs.),6.0,3.7,Yellow,Good,3.0 - 3.9 (Moderate),60,15.21,60,180.0
6909,4889,3000.0,Indian Rupees(Rs.),36.0,3.6,Yellow,Good,3.0 - 3.9 (Moderate),184,18.79,184,3312.0
6910,18373071,200.0,Indian Rupees(Rs.),2.4,3.8,Yellow,Good,3.0 - 3.9 (Moderate),25,12.38,25,30.0
6911,18238757,200.0,Indian Rupees(Rs.),2.4,3.7,Yellow,Good,3.0 - 3.9 (Moderate),36,13.36,36,43.2
6912,311326,500.0,Indian Rupees(Rs.),6.0,3.6,Yellow,Good,3.0 - 3.9 (Moderate),66,15.14,66,198.0
6913,18255154,1500.0,Indian Rupees(Rs.),18.0,3.8,Yellow,Good,3.0 - 3.9 (Moderate),220,20.51,220,1980.0
6914,18465802,200.0,Indian Rupees(Rs.),2.4,0.0,White,Not rated,Unrated,0,0.0,0,0.0
6915,18303815,200.0,Indian Rupees(Rs.),2.4,0.0,White,Not rated,Unrated,3,0.0,3,3.6
6916,18409190,100.0,Indian Rupees(Rs.),1.2,0.0,White,Not rated,Unrated,0,0.0,0,0.0
6917,18463563,400.0,Indian Rupees(Rs.),4.8,0.0,White,Not rated,Unrated,2,0.0,2,4.8
6918,311174,600.0,Indian Rupees(Rs.),7.2,2.1,Red,Poor,< 3.0 (Low),39,7.75,58,208.8
6919,4726,450.0,Indian Rupees(Rs.),5.4,2.1,Red,Poor,< 3.0 (Low),112,9.93,168,453.6
6920,18217023,350.0,Indian Rupees(Rs.),4.2,4.4,Green,Very Good,4.0 - 4.4 (High),269,24.63,404,848.4
6921,18279172,250.0,Indian Rupees(Rs.),3.0,4.2,Green,Very Good,4.0 - 4.4 (High),92,19.04,92,138.0
6922,8621,1000.0,Indian Rupees(Rs.),12.0,4.1,Green,Very Good,4.0 - 4.4 (High),1653,30.38,1653,9918.0
6923,18463567,2500.0,Indian Rupees(Rs.),30.0,3.3,Orange,Average,3.0 - 3.9 (Moderate),14,8.94,14,210.0
6924,18124378,2000.0,Indian Rupees(Rs.),24.0,3.8,Yellow,Good,3.0 - 3.9 (Moderate),109,17.86,109,1308.0
6925,313061,700.0,Indian Rupees(Rs.),8.4,3.7,Yellow,Good,3.0 - 3.9 (Moderate),74,15.97,74,310.8
6926,18126111,2000.0,Indian Rupees(Rs.),24.0,4.0,Green,Very Good,4.0 - 4.4 (High),304,22.88,304,3648.0
6927,18053052,1700.0,Indian Rupees(Rs.),20.4,4.1,Green,Very Good,4.0 - 4.4 (High),416,24.74,416,4243.2
6928,18034053,1800.0,Indian Rupees(Rs.),21.6,4.1,Green,Very Good,4.0 - 4.4 (High),695,26.84,695,7506.0
6929,18144458,1500.0,Indian Rupees(Rs.),18.0,4.1,Green,Very Good,4.0 - 4.4 (High),259,22.8,259,2331.0
6930,306801,600.0,Indian Rupees(Rs.),7.2,2.9,Orange,Average,< 3.0 (Low),7,6.03,7,25.2
6931,7815,100.0,Indian Rupees(Rs.),1.2,3.0,Orange,Average,3.0 - 3.9 (Moderate),9,6.91,9,5.4
6932,1461,500.0,Indian Rupees(Rs.),6.0,3.0,Orange,Average,3.0 - 3.9 (Moderate),19,8.99,19,57.0
6933,18339800,700.0,Indian Rupees(Rs.),8.4,2.6,Orange,Average,< 3.0 (Low),15,7.21,22,92.4
6934,309728,350.0,Indian Rupees(Rs.),4.2,3.3,Orange,Average,3.0 - 3.9 (Moderate),14,8.94,14,29.4
6935,308536,350.0,Indian Rupees(Rs.),4.2,2.8,Orange,Average,< 3.0 (Low),7,5.82,7,14.7
6936,18357533,300.0,Indian Rupees(Rs.),3.6,3.1,Orange,Average,3.0 - 3.9 (Moderate),8,6.81,8,14.4
6937,18424619,200.0,Indian Rupees(Rs.),2.4,3.2,Orange,Average,3.0 - 3.9 (Moderate),7,6.65,7,8.4
6938,7824,150.0,Indian Rupees(Rs.),1.8,3.0,Orange,Average,3.0 - 3.9 (Moderate),14,8.12,14,12.6
6939,18219530,600.0,Indian Rupees(Rs.),7.2,3.0,Orange,Average,3.0 - 3.9 (Moderate),9,6.91,9,32.4
6940,303057,500.0,Indian Rupees(Rs.),6.0,3.2,Orange,Average,3.0 - 3.9 (Moderate),16,9.07,16,48.0
6941,307409,400.0,Indian Rupees(Rs.),4.8,3.5,Yellow,Good,3.0 - 3.9 (Moderate),40,13.0,40,96.0
6942,7803,100.0,Indian Rupees(Rs.),1.2,0.0,White,Not rated,Unrated,1,0.0,1,0.6
6943,18472439,200.0,Indian Rupees(Rs.),2.4,0.0,White,Not rated,Unrated,3,0.0,3,3.6
6944,18424883,250.0,Indian Rupees(Rs.),3.0,0.0,White,Not rated,Unrated,1,0.0,1,1.5
6945,18357939,200.0,Indian Rupees(Rs.),2.4,0.0,White,Not rated,Unrated,0,0.0,0,0.0
6946,18357941,750.0,Indian Rupees(Rs.),9.0,0.0,White,Not rated,Unrated,0,0.0,0,0.0
6947,310198,300.0,Indian Rupees(Rs.),3.6,0.0,White,Not rated,Unrated,1,0.0,1,1.8
6948,18390309,150.0,Indian Rupees(Rs.),1.8,0.0,White,Not rated,Unrated,0,0.0,0,0.0
6949,18364414,200.0,Indian Rupees(Rs.),2.4,0.0,White,Not rated,Unrated,1,0.0,1,1.2
6950,7905,150.0,Indian Rupees(Rs.),1.8,0.0,White,Not rated,Unrated,2,0.0,2,1.8
6951,18357819,200.0,Indian Rupees(Rs.),2.4,0.0,White,Not rated,Unrated,0,0.0,0,0.0
6952,7818,100.0,Indian Rupees(Rs.),1.2,0.0,White,Not rated,Unrated,1,0.0,1,0.6
6953,18357948,300.0,Indian Rupees(Rs.),3.6,0.0,White,Not rated,Unrated,0,0.0,0,0.0
6954,18357943,400.0,Indian Rupees(Rs.),4.8,0.0,White,Not rated,Unrated,0,0.0,0,0.0
6955,18372279,400.0,Indian Rupees(Rs.),4.8,2.4,Red,Poor,< 3.0 (Low),8,5.27,12,28.8
6956,18384138,650.0,Indian Rupees(Rs.),7.8,3.2,Orange,Average,3.0 - 3.9 (Moderate),11,7.95,16,62.4
6957,18211312,100.0,Indian Rupees(Rs.),1.2,3.2,Orange,Average,3.0 - 3.9 (Moderate),16,9.07,16,9.6
6958,7591,150.0,Indian Rupees(Rs.),1.8,2.7,Orange,Average,< 3.0 (Low),16,7.65,16,14.4
6959,1634,300.0,Indian Rupees(Rs.),3.6,3.3,Orange,Average,3.0 - 3.9 (Moderate),38,12.09,38,68.4
6960,307618,100.0,Indian Rupees(Rs.),1.2,3.7,Yellow,Good,3.0 - 3.9 (Moderate),223,20.02,223,133.8
6961,306535,200.0,Indian Rupees(Rs.),2.4,3.8,Yellow,Good,3.0 - 3.9 (Moderate),168,19.49,252,302.4
6962,18396418,400.0,Indian Rupees(Rs.),4.8,0.0,White,Not rated,Unrated,0,0.0,0,0.0
6963,18357568,600.0,Indian Rupees(Rs.),7.2,0.0,White,Not rated,Unrated,0,0.0,0,0.0
6964,18425158,250.0,Indian Rupees(Rs.),3.0,0.0,White,Not rated,Unrated,1,0.0,2,3.0
6965,18492652,150.0,Indian Rupees(Rs.),1.8,0.0,White,Not rated,Unrated,0,0.0,0,0.0
6966,18425149,300.0,Indian Rupees(Rs.),3.6,0.0,White,Not rated,Unrated,1,0.0,1,1.8
6967,18489497,300.0,Indian Rupees(Rs.),3.6,0.0,White,Not rated,Unrated,1,0.0,1,1.8
6968,18486878,300.0,Indian Rupees(Rs.),3.6,0.0,White,Not rated,Unrated,0,0.0,0,0.0
6969,3464,250.0,Indian Rupees(Rs.),3.0,2.6,Orange,Average,< 3.0 (Low),23,8.26,23,34.5
6970,18252361,400.0,Indian Rupees(Rs.),4.8,3.2,Orange,Average,3.0 - 3.9 (Moderate),11,7.95,11,26.4
6971,18252412,700.0,Indian Rupees(Rs.),8.4,3.4,Orange,Average,3.0 - 3.9 (Moderate),178,17.64,178,747.6
6972,1637,400.0,Indian Rupees(Rs.),4.8,3.2,Orange,Average,3.0 - 3.9 (Moderate),82,14.14,123,295.2
6973,3463,300.0,Indian Rupees(Rs.),3.6,2.7,Orange,Average,< 3.0 (Low),11,6.71,11,19.8
6974,18454499,500.0,Indian Rupees(Rs.),6.0,3.2,Orange,Average,3.0 - 3.9 (Moderate),8,7.03,12,36.0
6975,609,450.0,Indian Rupees(Rs.),5.4,3.3,Orange,Average,3.0 - 3.9 (Moderate),78,14.42,78,210.6
6976,18441687,400.0,Indian Rupees(Rs.),4.8,3.1,Orange,Average,3.0 - 3.9 (Moderate),6,6.03,6,14.4
6977,305472,500.0,Indian Rupees(Rs.),6.0,2.6,Orange,Average,< 3.0 (Low),21,8.04,21,63.0
6978,4649,500.0,Indian Rupees(Rs.),6.0,3.2,Orange,Average,3.0 - 3.9 (Moderate),33,11.28,50,150.0
6979,300267,300.0,Indian Rupees(Rs.),3.6,3.4,Orange,Average,3.0 - 3.9 (Moderate),76,14.77,76,136.8
6980,304976,500.0,Indian Rupees(Rs.),6.0,3.3,Orange,Average,3.0 - 3.9 (Moderate),62,13.67,93,279.0
6981,18423129,350.0,Indian Rupees(Rs.),4.2,3.0,Orange,Average,3.0 - 3.9 (Moderate),8,6.59,8,16.8
6982,18456150,300.0,Indian Rupees(Rs.),3.6,3.2,Orange,Average,3.0 - 3.9 (Moderate),11,7.95,11,19.8
6983,18157391,300.0,Indian Rupees(Rs.),3.6,3.3,Orange,Average,3.0 - 3.9 (Moderate),31,11.44,31,55.8
6984,18469968,500.0,Indian Rupees(Rs.),6.0,3.1,Orange,Average,3.0 - 3.9 (Moderate),6,6.03,6,18.0
6985,18292083,600.0,Indian Rupees(Rs.),7.2,3.3,Orange,Average,3.0 - 3.9 (Moderate),22,10.35,22,79.2
6986,18356773,100.0,Indian Rupees(Rs.),1.2,3.3,Orange,Average,3.0 - 3.9 (Moderate),8,7.25,8,4.8
6987,309811,450.0,Indian Rupees(Rs.),5.4,2.9,Orange,Average,< 3.0 (Low),20,8.83,20,54.0
6988,18453788,800.0,Indian Rupees(Rs.),9.6,3.0,Orange,Average,3.0 - 3.9 (Moderate),4,4.83,4,19.2
6989,18460981,300.0,Indian Rupees(Rs.),3.6,3.2,Orange,Average,3.0 - 3.9 (Moderate),9,7.37,9,16.2
6990,18287389,200.0,Indian Rupees(Rs.),2.4,3.4,Orange,Average,3.0 - 3.9 (Moderate),15,9.43,15,18.0
6991,1629,300.0,Indian Rupees(Rs.),3.6,2.5,Orange,Average,< 3.0 (Low),23,7.95,23,41.4
6992,18288761,450.0,Indian Rupees(Rs.),5.4,3.0,Orange,Average,3.0 - 3.9 (Moderate),18,8.83,18,48.6
6993,7603,250.0,Indian Rupees(Rs.),3.0,3.0,Orange,Average,3.0 - 3.9 (Moderate),26,9.89,26,39.0
6994,18204486,450.0,Indian Rupees(Rs.),5.4,2.6,Orange,Average,< 3.0 (Low),31,9.01,31,83.7
6995,18341806,800.0,Indian Rupees(Rs.),9.6,3.1,Orange,Average,3.0 - 3.9 (Moderate),27,10.33,27,129.6
6996,18423125,1200.0,Indian Rupees(Rs.),14.4,3.0,Orange,Average,3.0 - 3.9 (Moderate),6,5.84,6,43.2
6997,18175323,350.0,Indian Rupees(Rs.),4.2,3.4,Orange,Average,3.0 - 3.9 (Moderate),154,17.15,154,323.4
6998,18237321,600.0,Indian Rupees(Rs.),7.2,4.7,Dark Green,Excellent,4.5 - 5.0 (Top Tier),1563,34.57,1563,5626.8
6999,18336489,800.0,Indian Rupees(Rs.),9.6,3.7,Yellow,Good,3.0 - 3.9 (Moderate),216,19.91,324,1555.2
7000,312772,1500.0,Indian Rupees(Rs.),18.0,3.9,Yellow,Good,3.0 - 3.9 (Moderate),1316,28.01,1316,11844.0
7001,351,350.0,Indian Rupees(Rs.),4.2,3.5,Yellow,Good,3.0 - 3.9 (Moderate),345,20.46,345,724.5
7002,309140,500.0,Indian Rupees(Rs.),6.0,3.7,Yellow,Good,3.0 - 3.9 (Moderate),193,19.49,290,870.0
7003,311854,600.0,Indian Rupees(Rs.),7.2,3.5,Yellow,Good,3.0 - 3.9 (Moderate),60,14.39,90,324.0
7004,18391128,600.0,Indian Rupees(Rs.),7.2,3.6,Yellow,Good,3.0 - 3.9 (Moderate),23,11.44,34,122.4
7005,18228894,500.0,Indian Rupees(Rs.),6.0,3.8,Yellow,Good,3.0 - 3.9 (Moderate),401,22.79,401,1203.0
7006,18429392,950.0,Indian Rupees(Rs.),11.4,3.5,Yellow,Good,3.0 - 3.9 (Moderate),20,10.66,20,114.0
7007,18364239,600.0,Indian Rupees(Rs.),7.2,3.8,Yellow,Good,3.0 - 3.9 (Moderate),80,16.7,120,432.0
7008,300815,600.0,Indian Rupees(Rs.),7.2,3.6,Yellow,Good,3.0 - 3.9 (Moderate),365,21.25,548,1972.8
7009,18322638,300.0,Indian Rupees(Rs.),3.6,3.9,Yellow,Good,3.0 - 3.9 (Moderate),91,17.63,91,163.8
7010,2215,800.0,Indian Rupees(Rs.),9.6,3.9,Yellow,Good,3.0 - 3.9 (Moderate),363,23.0,544,2611.2
7011,304162,600.0,Indian Rupees(Rs.),7.2,3.6,Yellow,Good,3.0 - 3.9 (Moderate),364,21.24,546,1965.6
7012,18157395,700.0,Indian Rupees(Rs.),8.4,3.9,Yellow,Good,3.0 - 3.9 (Moderate),176,20.19,264,1108.8
7013,309865,800.0,Indian Rupees(Rs.),9.6,3.9,Yellow,Good,3.0 - 3.9 (Moderate),288,22.1,432,2073.6
7014,18249109,400.0,Indian Rupees(Rs.),4.8,3.5,Yellow,Good,3.0 - 3.9 (Moderate),27,11.66,40,96.0
7015,18355138,300.0,Indian Rupees(Rs.),3.6,3.7,Yellow,Good,3.0 - 3.9 (Moderate),26,12.19,39,70.2
7016,300185,300.0,Indian Rupees(Rs.),3.6,3.5,Yellow,Good,3.0 - 3.9 (Moderate),115,16.64,172,309.6
7017,300269,100.0,Indian Rupees(Rs.),1.2,3.9,Yellow,Good,3.0 - 3.9 (Moderate),184,20.36,184,110.4
7018,18398506,800.0,Indian Rupees(Rs.),9.6,3.6,Yellow,Good,3.0 - 3.9 (Moderate),67,15.19,67,321.6
7019,313296,750.0,Indian Rupees(Rs.),9.0,3.9,Yellow,Good,3.0 - 3.9 (Moderate),117,18.61,176,792.0
7020,18445781,250.0,Indian Rupees(Rs.),3.0,3.6,Yellow,Good,3.0 - 3.9 (Moderate),25,11.73,25,37.5
7021,18372705,700.0,Indian Rupees(Rs.),8.4,3.7,Yellow,Good,3.0 - 3.9 (Moderate),43,14.0,64,268.8
7022,4278,500.0,Indian Rupees(Rs.),6.0,3.6,Yellow,Good,3.0 - 3.9 (Moderate),144,17.92,216,648.0
7023,18312446,800.0,Indian Rupees(Rs.),9.6,3.7,Yellow,Good,3.0 - 3.9 (Moderate),74,15.97,111,532.8
7024,18261701,300.0,Indian Rupees(Rs.),3.6,3.9,Yellow,Good,3.0 - 3.9 (Moderate),142,19.36,142,255.6
7025,18424602,800.0,Indian Rupees(Rs.),9.6,3.9,Yellow,Good,3.0 - 3.9 (Moderate),35,13.98,35,168.0
7026,18358164,800.0,Indian Rupees(Rs.),9.6,3.7,Yellow,Good,3.0 - 3.9 (Moderate),177,19.17,177,849.6
7027,18336204,550.0,Indian Rupees(Rs.),6.6,3.6,Yellow,Good,3.0 - 3.9 (Moderate),83,15.95,83,273.9
7028,18368002,600.0,Indian Rupees(Rs.),7.2,3.9,Yellow,Good,3.0 - 3.9 (Moderate),142,19.36,213,766.8
7029,18245295,1000.0,Indian Rupees(Rs.),12.0,3.6,Yellow,Good,3.0 - 3.9 (Moderate),244,19.8,366,2196.0
7030,18268693,150.0,Indian Rupees(Rs.),1.8,3.7,Yellow,Good,3.0 - 3.9 (Moderate),48,14.4,72,64.8
7031,18472609,300.0,Indian Rupees(Rs.),3.6,0.0,White,Not rated,Unrated,3,0.0,3,5.4
7032,300183,800.0,Indian Rupees(Rs.),9.6,2.3,Red,Poor,< 3.0 (Low),114,10.91,171,820.8
7033,18216918,350.0,Indian Rupees(Rs.),4.2,2.2,Red,Poor,< 3.0 (Low),41,8.22,62,130.2
7034,306503,600.0,Indian Rupees(Rs.),7.2,4.2,Green,Very Good,4.0 - 4.4 (High),3311,34.04,3311,11919.6
7035,18291230,400.0,Indian Rupees(Rs.),4.8,4.1,Green,Very Good,4.0 - 4.4 (High),295,23.33,442,1060.8
7036,18418239,450.0,Indian Rupees(Rs.),5.4,4.4,Green,Very Good,4.0 - 4.4 (High),178,22.82,267,720.9
7037,18391458,600.0,Indian Rupees(Rs.),7.2,4.0,Green,Very Good,4.0 - 4.4 (High),49,15.65,49,176.4
7038,18418358,800.0,Indian Rupees(Rs.),9.6,4.1,Green,Very Good,4.0 - 4.4 (High),37,14.91,37,177.6
7039,18433610,600.0,Indian Rupees(Rs.),7.2,4.0,Green,Very Good,4.0 - 4.4 (High),48,15.57,48,172.8
7040,18391320,250.0,Indian Rupees(Rs.),3.0,4.0,Green,Very Good,4.0 - 4.4 (High),44,15.23,44,66.0
7041,18222586,650.0,Indian Rupees(Rs.),7.8,4.0,Green,Very Good,4.0 - 4.4 (High),355,23.5,532,2074.8
7042,18303832,600.0,Indian Rupees(Rs.),7.2,4.2,Green,Very Good,4.0 - 4.4 (High),349,24.6,524,1886.4
7043,18349916,600.0,Indian Rupees(Rs.),7.2,4.2,Green,Very Good,4.0 - 4.4 (High),530,26.35,795,2862.0
7044,18358675,700.0,Indian Rupees(Rs.),8.4,4.0,Green,Very Good,4.0 - 4.4 (High),107,18.73,160,672.0
7045,312142,650.0,Indian Rupees(Rs.),7.8,4.2,Green,Very Good,4.0 - 4.4 (High),295,23.9,442,1723.8
7046,307571,850.0,Indian Rupees(Rs.),10.2,4.1,Green,Very Good,4.0 - 4.4 (High),1479,29.93,2218,11311.8
7047,311340,500.0,Indian Rupees(Rs.),6.0,4.1,Green,Very Good,4.0 - 4.4 (High),658,26.61,658,1974.0
7048,7849,200.0,Indian Rupees(Rs.),2.4,2.9,Orange,Average,< 3.0 (Low),4,4.67,4,4.8
7049,304950,600.0,Indian Rupees(Rs.),7.2,3.1,Orange,Average,3.0 - 3.9 (Moderate),15,8.6,15,54.0
7050,304633,300.0,Indian Rupees(Rs.),3.6,3.1,Orange,Average,3.0 - 3.9 (Moderate),7,6.45,7,12.6
7051,5848,600.0,Indian Rupees(Rs.),7.2,3.4,Orange,Average,3.0 - 3.9 (Moderate),53,13.56,53,190.8
7052,18133471,500.0,Indian Rupees(Rs.),6.0,3.2,Orange,Average,3.0 - 3.9 (Moderate),49,12.52,49,147.0
7053,18312609,700.0,Indian Rupees(Rs.),8.4,2.6,Orange,Average,< 3.0 (Low),100,12.0,150,630.0
7054,18336481,850.0,Indian Rupees(Rs.),10.2,3.4,Orange,Average,3.0 - 3.9 (Moderate),69,14.44,104,530.4
7055,18425760,1000.0,Indian Rupees(Rs.),12.0,2.9,Orange,Average,< 3.0 (Low),15,8.04,15,90.0
7056,18216936,550.0,Indian Rupees(Rs.),6.6,2.5,Orange,Average,< 3.0 (Low),40,9.28,60,198.0
7057,528,650.0,Indian Rupees(Rs.),7.8,3.6,Yellow,Good,3.0 - 3.9 (Moderate),104,16.75,156,608.4
7058,18349937,400.0,Indian Rupees(Rs.),4.8,3.6,Yellow,Good,3.0 - 3.9 (Moderate),18,10.6,18,43.2
7059,782,200.0,Indian Rupees(Rs.),2.4,3.7,Yellow,Good,3.0 - 3.9 (Moderate),85,16.48,85,102.0
7060,312937,800.0,Indian Rupees(Rs.),9.6,3.9,Yellow,Good,3.0 - 3.9 (Moderate),47,15.1,47,225.6
7061,18375411,300.0,Indian Rupees(Rs.),3.6,0.0,White,Not rated,Unrated,1,0.0,1,1.8
7062,18279458,200.0,Indian Rupees(Rs.),2.4,0.0,White,Not rated,Unrated,2,0.0,2,2.4
7063,18433987,300.0,Indian Rupees(Rs.),3.6,3.1,Orange,Average,3.0 - 3.9 (Moderate),9,7.14,9,16.2
7064,2228,600.0,Indian Rupees(Rs.),7.2,3.4,Orange,Average,3.0 - 3.9 (Moderate),202,18.06,303,1090.8
7065,1643,600.0,Indian Rupees(Rs.),7.2,3.4,Orange,Average,3.0 - 3.9 (Moderate),271,19.06,406,1461.6
7066,2910,250.0,Indian Rupees(Rs.),3.0,3.4,Orange,Average,3.0 - 3.9 (Moderate),203,18.08,203,304.5
7067,7364,650.0,Indian Rupees(Rs.),7.8,3.4,Orange,Average,3.0 - 3.9 (Moderate),504,21.16,756,2948.4
7068,18429148,2000.0,Indian Rupees(Rs.),24.0,4.7,Dark Green,Excellent,4.5 - 5.0 (Top Tier),268,26.3,268,3216.0
7069,506,650.0,Indian Rupees(Rs.),7.8,3.6,Yellow,Good,3.0 - 3.9 (Moderate),99,16.58,99,386.1
7070,311103,650.0,Indian Rupees(Rs.),7.8,3.9,Yellow,Good,3.0 - 3.9 (Moderate),179,20.25,268,1045.2
7071,310916,1250.0,Indian Rupees(Rs.),15.0,3.8,Yellow,Good,3.0 - 3.9 (Moderate),298,21.66,447,3352.5
7072,306545,1600.0,Indian Rupees(Rs.),19.2,3.6,Yellow,Good,3.0 - 3.9 (Moderate),392,21.51,392,3763.2
7073,3921,1800.0,Indian Rupees(Rs.),21.6,3.5,Yellow,Good,3.0 - 3.9 (Moderate),385,20.85,578,6242.4
7074,311634,400.0,Indian Rupees(Rs.),4.8,3.9,Yellow,Good,3.0 - 3.9 (Moderate),383,23.21,383,919.2
7075,8877,400.0,Indian Rupees(Rs.),4.8,3.8,Yellow,Good,3.0 - 3.9 (Moderate),157,19.24,236,566.4
7076,311756,600.0,Indian Rupees(Rs.),7.2,3.7,Yellow,Good,3.0 - 3.9 (Moderate),217,19.92,326,1173.6
7077,311563,500.0,Indian Rupees(Rs.),6.0,3.9,Yellow,Good,3.0 - 3.9 (Moderate),197,20.62,197,591.0
7078,9984,700.0,Indian Rupees(Rs.),8.4,3.9,Yellow,Good,3.0 - 3.9 (Moderate),725,25.69,725,3045.0
7079,1372,700.0,Indian Rupees(Rs.),8.4,3.7,Yellow,Good,3.0 - 3.9 (Moderate),417,22.33,417,1751.4
7080,9467,700.0,Indian Rupees(Rs.),8.4,3.6,Yellow,Good,3.0 - 3.9 (Moderate),127,17.47,127,533.4
7081,311440,900.0,Indian Rupees(Rs.),10.8,2.2,Red,Poor,< 3.0 (Low),122,10.59,183,988.2
7082,18424903,2000.0,Indian Rupees(Rs.),24.0,4.3,Green,Very Good,4.0 - 4.4 (High),130,20.96,130,1560.0
7083,311749,500.0,Indian Rupees(Rs.),6.0,4.2,Green,Very Good,4.0 - 4.4 (High),228,22.82,228,684.0
7084,18268720,1500.0,Indian Rupees(Rs.),18.0,4.0,Green,Very Good,4.0 - 4.4 (High),61,16.51,61,549.0
7085,4271,700.0,Indian Rupees(Rs.),8.4,4.0,Green,Very Good,4.0 - 4.4 (High),649,25.91,649,2725.8
7086,305833,350.0,Indian Rupees(Rs.),4.2,4.0,Green,Very Good,4.0 - 4.4 (High),734,26.4,1101,2312.1
7087,307296,650.0,Indian Rupees(Rs.),7.8,4.0,Green,Very Good,4.0 - 4.4 (High),135,19.65,202,787.8
7088,2786,1950.0,Indian Rupees(Rs.),23.4,4.2,Green,Very Good,4.0 - 4.4 (High),1971,31.86,2956,34585.2
7089,302422,200.0,Indian Rupees(Rs.),2.4,2.8,Orange,Average,< 3.0 (Low),5,5.02,5,6.0
7090,302418,450.0,Indian Rupees(Rs.),5.4,3.1,Orange,Average,3.0 - 3.9 (Moderate),14,8.39,14,37.8
7091,302416,100.0,Indian Rupees(Rs.),1.2,2.9,Orange,Average,< 3.0 (Low),4,4.67,4,2.4
7092,18343904,450.0,Indian Rupees(Rs.),5.4,2.9,Orange,Average,< 3.0 (Low),6,5.64,6,16.2
7093,302369,150.0,Indian Rupees(Rs.),1.8,2.7,Orange,Average,< 3.0 (Low),5,4.84,5,4.5
7094,302425,100.0,Indian Rupees(Rs.),1.2,3.1,Orange,Average,3.0 - 3.9 (Moderate),19,9.29,19,11.4
7095,302399,300.0,Indian Rupees(Rs.),3.6,3.0,Orange,Average,3.0 - 3.9 (Moderate),22,9.41,22,39.6
7096,302396,500.0,Indian Rupees(Rs.),6.0,2.8,Orange,Average,< 3.0 (Low),9,6.45,9,27.0
7097,6224,100.0,Indian Rupees(Rs.),1.2,2.9,Orange,Average,< 3.0 (Low),4,4.67,4,2.4
7098,303906,250.0,Indian Rupees(Rs.),3.0,3.0,Orange,Average,3.0 - 3.9 (Moderate),10,7.19,10,15.0
7099,18291454,300.0,Indian Rupees(Rs.),3.6,2.9,Orange,Average,< 3.0 (Low),4,4.67,4,7.2
7100,302433,550.0,Indian Rupees(Rs.),6.6,3.0,Orange,Average,3.0 - 3.9 (Moderate),14,8.12,14,46.2
7101,312810,400.0,Indian Rupees(Rs.),4.8,3.3,Orange,Average,3.0 - 3.9 (Moderate),34,11.73,34,81.6
7102,310563,700.0,Indian Rupees(Rs.),8.4,2.8,Orange,Average,< 3.0 (Low),31,9.7,31,130.2
7103,6228,100.0,Indian Rupees(Rs.),1.2,2.9,Orange,Average,< 3.0 (Low),5,5.2,5,3.0
7104,312671,400.0,Indian Rupees(Rs.),4.8,3.1,Orange,Average,3.0 - 3.9 (Moderate),8,6.81,8,19.2
7105,18332676,300.0,Indian Rupees(Rs.),3.6,3.0,Orange,Average,3.0 - 3.9 (Moderate),6,5.84,6,10.8
7106,18146396,300.0,Indian Rupees(Rs.),3.6,3.2,Orange,Average,3.0 - 3.9 (Moderate),14,8.67,14,25.2
7107,18126077,600.0,Indian Rupees(Rs.),7.2,3.3,Orange,Average,3.0 - 3.9 (Moderate),25,10.75,25,90.0
7108,308906,200.0,Indian Rupees(Rs.),2.4,3.3,Orange,Average,3.0 - 3.9 (Moderate),19,9.89,19,22.8
7109,302358,300.0,Indian Rupees(Rs.),3.6,3.3,Orange,Average,3.0 - 3.9 (Moderate),27,11.0,27,48.6
7110,302424,150.0,Indian Rupees(Rs.),1.8,3.3,Orange,Average,3.0 - 3.9 (Moderate),40,12.25,40,36.0
7111,302359,250.0,Indian Rupees(Rs.),3.0,3.4,Orange,Average,3.0 - 3.9 (Moderate),28,11.45,28,42.0
7112,6206,200.0,Indian Rupees(Rs.),2.4,3.0,Orange,Average,3.0 - 3.9 (Moderate),14,8.12,14,16.8
7113,311371,350.0,Indian Rupees(Rs.),4.2,2.7,Orange,Average,< 3.0 (Low),18,7.95,18,37.8
7114,18128853,350.0,Indian Rupees(Rs.),4.2,2.8,Orange,Average,< 3.0 (Low),5,5.02,5,10.5
7115,307976,300.0,Indian Rupees(Rs.),3.6,2.8,Orange,Average,< 3.0 (Low),11,6.96,11,19.8
7116,6252,550.0,Indian Rupees(Rs.),6.6,3.1,Orange,Average,3.0 - 3.9 (Moderate),15,8.6,15,49.5
7117,18128862,450.0,Indian Rupees(Rs.),5.4,2.8,Orange,Average,< 3.0 (Low),6,5.45,6,16.2
7118,307520,450.0,Indian Rupees(Rs.),5.4,2.7,Orange,Average,< 3.0 (Low),29,9.18,29,78.3
7119,310689,400.0,Indian Rupees(Rs.),4.8,3.0,Orange,Average,3.0 - 3.9 (Moderate),9,6.91,9,21.6
7120,308522,300.0,Indian Rupees(Rs.),3.6,2.8,Orange,Average,< 3.0 (Low),11,6.96,11,19.8
7121,310807,550.0,Indian Rupees(Rs.),6.6,2.9,Orange,Average,< 3.0 (Low),10,6.95,10,33.0
7122,302442,100.0,Indian Rupees(Rs.),1.2,3.1,Orange,Average,3.0 - 3.9 (Moderate),13,8.18,13,7.8
7123,307986,150.0,Indian Rupees(Rs.),1.8,3.2,Orange,Average,3.0 - 3.9 (Moderate),11,7.95,11,9.9
7124,6219,150.0,Indian Rupees(Rs.),1.8,3.0,Orange,Average,3.0 - 3.9 (Moderate),9,6.91,9,8.1
7125,312773,200.0,Indian Rupees(Rs.),2.4,2.9,Orange,Average,< 3.0 (Low),6,5.64,6,7.2
7126,308513,450.0,Indian Rupees(Rs.),5.4,2.7,Orange,Average,< 3.0 (Low),24,8.69,24,64.8
7127,18378019,600.0,Indian Rupees(Rs.),7.2,2.9,Orange,Average,< 3.0 (Low),6,5.64,6,21.6
7128,6218,550.0,Indian Rupees(Rs.),6.6,3.1,Orange,Average,3.0 - 3.9 (Moderate),22,9.72,22,72.6
7129,18428201,300.0,Indian Rupees(Rs.),3.6,3.5,Yellow,Good,3.0 - 3.9 (Moderate),14,9.48,14,25.2
7130,18294229,250.0,Indian Rupees(Rs.),3.0,0.0,White,Not rated,Unrated,3,0.0,3,4.5
7131,18350567,500.0,Indian Rupees(Rs.),6.0,0.0,White,Not rated,Unrated,1,0.0,1,3.0
7132,18423878,200.0,Indian Rupees(Rs.),2.4,0.0,White,Not rated,Unrated,2,0.0,2,2.4
7133,308908,100.0,Indian Rupees(Rs.),1.2,0.0,White,Not rated,Unrated,2,0.0,2,1.2
7134,302436,100.0,Indian Rupees(Rs.),1.2,0.0,White,Not rated,Unrated,2,0.0,2,1.2
7135,18423867,300.0,Indian Rupees(Rs.),3.6,0.0,White,Not rated,Unrated,1,0.0,1,1.8
7136,18423872,150.0,Indian Rupees(Rs.),1.8,0.0,White,Not rated,Unrated,1,0.0,1,0.9
7137,18435811,250.0,Indian Rupees(Rs.),3.0,0.0,White,Not rated,Unrated,1,0.0,1,1.5
7138,18332478,400.0,Indian Rupees(Rs.),4.8,0.0,White,Not rated,Unrated,3,0.0,3,7.2
7139,18423865,500.0,Indian Rupees(Rs.),6.0,0.0,White,Not rated,Unrated,2,0.0,2,6.0
7140,18377919,300.0,Indian Rupees(Rs.),3.6,0.0,White,Not rated,Unrated,1,0.0,1,1.8
7141,302411,100.0,Indian Rupees(Rs.),1.2,0.0,White,Not rated,Unrated,1,0.0,1,0.6
7142,18423869,200.0,Indian Rupees(Rs.),2.4,0.0,White,Not rated,Unrated,2,0.0,2,2.4
7143,18128874,150.0,Indian Rupees(Rs.),1.8,0.0,White,Not rated,Unrated,2,0.0,2,1.8
7144,18224540,300.0,Indian Rupees(Rs.),3.6,0.0,White,Not rated,Unrated,3,0.0,3,5.4
7145,6230,200.0,Indian Rupees(Rs.),2.4,0.0,White,Not rated,Unrated,3,0.0,3,3.6
7146,18377910,250.0,Indian Rupees(Rs.),3.0,0.0,White,Not rated,Unrated,2,0.0,2,3.0
7147,18128876,400.0,Indian Rupees(Rs.),4.8,0.0,White,Not rated,Unrated,3,0.0,3,7.2
7148,307521,300.0,Indian Rupees(Rs.),3.6,0.0,White,Not rated,Unrated,3,0.0,3,5.4
7149,18284473,150.0,Indian Rupees(Rs.),1.8,0.0,White,Not rated,Unrated,3,0.0,3,2.7
7150,18481404,200.0,Indian Rupees(Rs.),2.4,0.0,White,Not rated,Unrated,2,0.0,2,2.4
7151,18435311,400.0,Indian Rupees(Rs.),4.8,0.0,White,Not rated,Unrated,1,0.0,1,2.4
7152,18291465,100.0,Indian Rupees(Rs.),1.2,0.0,White,Not rated,Unrated,1,0.0,1,0.6
7153,18423140,150.0,Indian Rupees(Rs.),1.8,0.0,White,Not rated,Unrated,1,0.0,1,0.9
7154,18423122,300.0,Indian Rupees(Rs.),3.6,0.0,White,Not rated,Unrated,2,0.0,2,3.6
7155,18438426,200.0,Indian Rupees(Rs.),2.4,0.0,White,Not rated,Unrated,1,0.0,1,1.2
7156,18435320,200.0,Indian Rupees(Rs.),2.4,0.0,White,Not rated,Unrated,1,0.0,1,1.2
7157,305626,200.0,Indian Rupees(Rs.),2.4,0.0,White,Not rated,Unrated,2,0.0,2,2.4
7158,18423859,100.0,Indian Rupees(Rs.),1.2,0.0,White,Not rated,Unrated,1,0.0,1,0.6
7159,18423857,150.0,Indian Rupees(Rs.),1.8,0.0,White,Not rated,Unrated,0,0.0,0,0.0
7160,18423876,500.0,Indian Rupees(Rs.),6.0,0.0,White,Not rated,Unrated,3,0.0,3,9.0
7161,302427,200.0,Indian Rupees(Rs.),2.4,0.0,White,Not rated,Unrated,2,0.0,2,2.4
7162,18432109,500.0,Indian Rupees(Rs.),6.0,0.0,White,Not rated,Unrated,0,0.0,0,0.0
7163,18438433,250.0,Indian Rupees(Rs.),3.0,0.0,White,Not rated,Unrated,2,0.0,2,3.0
7164,18128872,350.0,Indian Rupees(Rs.),4.2,0.0,White,Not rated,Unrated,3,0.0,3,6.3
7165,18378042,250.0,Indian Rupees(Rs.),3.0,0.0,White,Not rated,Unrated,2,0.0,2,3.0
7166,18423863,150.0,Indian Rupees(Rs.),1.8,0.0,White,Not rated,Unrated,1,0.0,1,0.9
7167,18378026,200.0,Indian Rupees(Rs.),2.4,0.0,White,Not rated,Unrated,2,0.0,2,2.4
7168,18378022,300.0,Indian Rupees(Rs.),3.6,0.0,White,Not rated,Unrated,2,0.0,2,3.6
7169,18288644,150.0,Indian Rupees(Rs.),1.8,0.0,White,Not rated,Unrated,3,0.0,3,2.7
7170,18423870,200.0,Indian Rupees(Rs.),2.4,0.0,White,Not rated,Unrated,1,0.0,1,1.2
7171,18435823,300.0,Indian Rupees(Rs.),3.6,0.0,White,Not rated,Unrated,0,0.0,0,0.0
7172,18474418,350.0,Indian Rupees(Rs.),4.2,0.0,White,Not rated,Unrated,3,0.0,3,6.3
7173,18423861,400.0,Indian Rupees(Rs.),4.8,0.0,White,Not rated,Unrated,1,0.0,1,2.4
7174,18435803,250.0,Indian Rupees(Rs.),3.0,0.0,White,Not rated,Unrated,2,0.0,2,3.0
7175,18377912,300.0,Indian Rupees(Rs.),3.6,0.0,White,Not rated,Unrated,3,0.0,3,5.4
7176,312268,500.0,Indian Rupees(Rs.),6.0,3.4,Orange,Average,3.0 - 3.9 (Moderate),18,10.01,18,54.0
7177,773,700.0,Indian Rupees(Rs.),8.4,2.6,Orange,Average,< 3.0 (Low),274,14.6,411,1726.2
7178,305147,800.0,Indian Rupees(Rs.),9.6,3.4,Orange,Average,3.0 - 3.9 (Moderate),112,16.07,112,537.6
7179,18337924,650.0,Indian Rupees(Rs.),7.8,3.2,Orange,Average,3.0 - 3.9 (Moderate),18,9.42,27,105.3
7180,18481305,400.0,Indian Rupees(Rs.),4.8,3.4,Orange,Average,3.0 - 3.9 (Moderate),13,8.97,13,31.2
7181,18180080,1100.0,Indian Rupees(Rs.),13.2,4.6,Dark Green,Excellent,4.5 - 5.0 (Top Tier),112,21.75,168,1108.8
7182,18306545,1100.0,Indian Rupees(Rs.),13.2,3.8,Yellow,Good,3.0 - 3.9 (Moderate),56,15.36,84,554.4
7183,303723,1100.0,Indian Rupees(Rs.),13.2,3.6,Yellow,Good,3.0 - 3.9 (Moderate),260,20.03,390,2574.0
7184,18222560,700.0,Indian Rupees(Rs.),8.4,3.5,Yellow,Good,3.0 - 3.9 (Moderate),67,14.77,100,420.0
7185,311483,1200.0,Indian Rupees(Rs.),14.4,3.8,Yellow,Good,3.0 - 3.9 (Moderate),177,19.69,266,1915.2
7186,305640,400.0,Indian Rupees(Rs.),4.8,3.6,Yellow,Good,3.0 - 3.9 (Moderate),43,13.62,43,103.2
7187,18282007,1000.0,Indian Rupees(Rs.),12.0,3.5,Yellow,Good,3.0 - 3.9 (Moderate),84,15.55,126,756.0
7188,301793,800.0,Indian Rupees(Rs.),9.6,3.6,Yellow,Good,3.0 - 3.9 (Moderate),119,17.23,178,854.4
7189,18350234,200.0,Indian Rupees(Rs.),2.4,3.5,Yellow,Good,3.0 - 3.9 (Moderate),23,11.12,23,27.6
7190,300969,600.0,Indian Rupees(Rs.),7.2,3.7,Yellow,Good,3.0 - 3.9 (Moderate),40,13.74,40,144.0
7191,18161610,700.0,Indian Rupees(Rs.),8.4,3.8,Yellow,Good,3.0 - 3.9 (Moderate),59,15.56,88,369.6
7192,310502,700.0,Indian Rupees(Rs.),8.4,2.3,Red,Poor,< 3.0 (Low),82,10.16,123,516.6
7193,18244555,1000.0,Indian Rupees(Rs.),12.0,4.2,Green,Very Good,4.0 - 4.4 (High),264,23.43,396,2376.0
7194,18466435,700.0,Indian Rupees(Rs.),8.4,4.0,Green,Very Good,4.0 - 4.4 (High),24,12.88,36,151.2
7195,18163906,700.0,Indian Rupees(Rs.),8.4,4.0,Green,Very Good,4.0 - 4.4 (High),88,17.95,132,554.4
7196,18421026,900.0,Indian Rupees(Rs.),10.8,4.0,Green,Very Good,4.0 - 4.4 (High),55,16.1,82,442.8
7197,18291469,1000.0,Indian Rupees(Rs.),12.0,4.4,Green,Very Good,4.0 - 4.4 (High),165,22.49,248,1488.0
7198,18322609,1000.0,Indian Rupees(Rs.),12.0,4.0,Green,Very Good,4.0 - 4.4 (High),134,19.62,201,1206.0
7199,307391,500.0,Indian Rupees(Rs.),6.0,4.2,Green,Very Good,4.0 - 4.4 (High),292,23.86,438,1314.0
7200,18400746,750.0,Indian Rupees(Rs.),9.0,4.4,Green,Very Good,4.0 - 4.4 (High),52,17.47,78,351.0
7201,9417,1000.0,Indian Rupees(Rs.),12.0,4.1,Green,Very Good,4.0 - 4.4 (High),251,22.67,251,1506.0
7202,18303719,300.0,Indian Rupees(Rs.),3.6,3.3,Orange,Average,3.0 - 3.9 (Moderate),13,8.71,13,23.4
7203,6107,200.0,Indian Rupees(Rs.),2.4,2.8,Orange,Average,< 3.0 (Low),11,6.96,11,13.2
7204,313139,450.0,Indian Rupees(Rs.),5.4,2.9,Orange,Average,< 3.0 (Low),6,5.64,6,16.2
7205,309044,500.0,Indian Rupees(Rs.),6.0,2.6,Orange,Average,< 3.0 (Low),94,11.84,94,282.0
7206,18157406,200.0,Indian Rupees(Rs.),2.4,3.0,Orange,Average,3.0 - 3.9 (Moderate),7,6.24,7,8.4
7207,311196,500.0,Indian Rupees(Rs.),6.0,3.1,Orange,Average,3.0 - 3.9 (Moderate),16,8.78,16,48.0
7208,304965,450.0,Indian Rupees(Rs.),5.4,2.9,Orange,Average,< 3.0 (Low),4,4.67,4,10.8
7209,18438438,250.0,Indian Rupees(Rs.),3.0,0.0,White,Not rated,Unrated,0,0.0,0,0.0
7210,18418252,250.0,Indian Rupees(Rs.),3.0,0.0,White,Not rated,Unrated,1,0.0,1,1.5
7211,18163895,450.0,Indian Rupees(Rs.),5.4,0.0,White,Not rated,Unrated,0,0.0,0,0.0
7212,18463999,500.0,Indian Rupees(Rs.),6.0,0.0,White,Not rated,Unrated,0,0.0,0,0.0
7213,18438457,300.0,Indian Rupees(Rs.),3.6,0.0,White,Not rated,Unrated,1,0.0,1,1.8
7214,300788,500.0,Indian Rupees(Rs.),6.0,0.0,White,Not rated,Unrated,3,0.0,3,9.0
7215,18438448,300.0,Indian Rupees(Rs.),3.6,0.0,White,Not rated,Unrated,0,0.0,0,0.0
7216,18441706,250.0,Indian Rupees(Rs.),3.0,0.0,White,Not rated,Unrated,0,0.0,0,0.0
7217,9855,200.0,Indian Rupees(Rs.),2.4,0.0,White,Not rated,Unrated,1,0.0,1,1.2
7218,18380146,250.0,Indian Rupees(Rs.),3.0,0.0,White,Not rated,Unrated,1,0.0,1,1.5
7219,18409189,200.0,Indian Rupees(Rs.),2.4,0.0,White,Not rated,Unrated,0,0.0,0,0.0
7220,18377880,300.0,Indian Rupees(Rs.),3.6,0.0,White,Not rated,Unrated,0,0.0,0,0.0
7221,18377888,400.0,Indian Rupees(Rs.),4.8,0.0,White,Not rated,Unrated,1,0.0,1,2.4
7222,18438465,150.0,Indian Rupees(Rs.),1.8,0.0,White,Not rated,Unrated,0,0.0,0,0.0
7223,18291209,250.0,Indian Rupees(Rs.),3.0,0.0,White,Not rated,Unrated,0,0.0,0,0.0
7224,18441710,200.0,Indian Rupees(Rs.),2.4,0.0,White,Not rated,Unrated,0,0.0,0,0.0
7225,18419917,400.0,Indian Rupees(Rs.),4.8,0.0,White,Not rated,Unrated,3,0.0,3,7.2
7226,18418243,200.0,Indian Rupees(Rs.),2.4,0.0,White,Not rated,Unrated,0,0.0,0,0.0
7227,18441700,250.0,Indian Rupees(Rs.),3.0,0.0,White,Not rated,Unrated,0,0.0,0,0.0
7228,311189,200.0,Indian Rupees(Rs.),2.4,0.0,White,Not rated,Unrated,1,0.0,1,1.2
7229,2055,350.0,Indian Rupees(Rs.),4.2,3.1,Orange,Average,3.0 - 3.9 (Moderate),14,8.39,14,29.4
7230,2383,400.0,Indian Rupees(Rs.),4.8,2.7,Orange,Average,< 3.0 (Low),11,6.71,11,26.4
7231,304092,300.0,Indian Rupees(Rs.),3.6,3.4,Orange,Average,3.0 - 3.9 (Moderate),18,10.01,18,32.4
7232,302471,250.0,Indian Rupees(Rs.),3.0,3.0,Orange,Average,3.0 - 3.9 (Moderate),11,7.45,11,16.5
7233,6555,100.0,Indian Rupees(Rs.),1.2,2.9,Orange,Average,< 3.0 (Low),8,6.37,8,4.8
7234,4716,300.0,Indian Rupees(Rs.),3.6,3.4,Orange,Average,3.0 - 3.9 (Moderate),21,10.51,21,37.8
7235,311364,400.0,Indian Rupees(Rs.),4.8,3.0,Orange,Average,3.0 - 3.9 (Moderate),7,6.24,7,16.8
7236,313494,200.0,Indian Rupees(Rs.),2.4,3.2,Orange,Average,3.0 - 3.9 (Moderate),8,7.03,8,9.6
7237,8628,150.0,Indian Rupees(Rs.),1.8,3.2,Orange,Average,3.0 - 3.9 (Moderate),24,10.3,24,21.6
7238,18312595,450.0,Indian Rupees(Rs.),5.4,3.1,Orange,Average,3.0 - 3.9 (Moderate),5,5.55,5,13.5
7239,1501,700.0,Indian Rupees(Rs.),8.4,3.0,Orange,Average,3.0 - 3.9 (Moderate),71,12.83,106,445.2
7240,18383610,200.0,Indian Rupees(Rs.),2.4,3.2,Orange,Average,3.0 - 3.9 (Moderate),9,7.37,9,10.8
7241,2053,350.0,Indian Rupees(Rs.),4.2,3.0,Orange,Average,3.0 - 3.9 (Moderate),13,7.92,13,27.3
7242,311358,700.0,Indian Rupees(Rs.),8.4,3.0,Orange,Average,3.0 - 3.9 (Moderate),28,10.1,28,117.6
7243,301487,200.0,Indian Rupees(Rs.),2.4,3.1,Orange,Average,3.0 - 3.9 (Moderate),10,7.43,10,12.0
7244,18288186,400.0,Indian Rupees(Rs.),4.8,3.3,Orange,Average,3.0 - 3.9 (Moderate),13,8.71,13,31.2
7245,8670,200.0,Indian Rupees(Rs.),2.4,3.4,Orange,Average,3.0 - 3.9 (Moderate),53,13.56,53,63.6
7246,18376510,400.0,Indian Rupees(Rs.),4.8,3.1,Orange,Average,3.0 - 3.9 (Moderate),4,4.99,4,9.6
7247,302452,150.0,Indian Rupees(Rs.),1.8,3.0,Orange,Average,3.0 - 3.9 (Moderate),4,4.83,4,3.6
7248,2049,500.0,Indian Rupees(Rs.),6.0,2.7,Orange,Average,< 3.0 (Low),91,12.21,91,273.0
7249,304090,350.0,Indian Rupees(Rs.),4.2,3.1,Orange,Average,3.0 - 3.9 (Moderate),9,7.14,9,18.9
7250,6561,300.0,Indian Rupees(Rs.),3.6,3.2,Orange,Average,3.0 - 3.9 (Moderate),21,9.89,21,37.8
7251,6562,300.0,Indian Rupees(Rs.),3.6,3.4,Orange,Average,3.0 - 3.9 (Moderate),46,13.09,46,82.8
7252,8672,150.0,Indian Rupees(Rs.),1.8,2.9,Orange,Average,< 3.0 (Low),6,5.64,6,5.4
7253,18380175,600.0,Indian Rupees(Rs.),7.2,3.2,Orange,Average,3.0 - 3.9 (Moderate),28,10.78,42,151.2
7254,301517,400.0,Indian Rupees(Rs.),4.8,3.1,Orange,Average,3.0 - 3.9 (Moderate),23,9.85,23,55.2
7255,312858,250.0,Indian Rupees(Rs.),3.0,2.9,Orange,Average,< 3.0 (Low),4,4.67,4,6.0
7256,18222576,250.0,Indian Rupees(Rs.),3.0,2.8,Orange,Average,< 3.0 (Low),11,6.96,11,16.5
7257,18455522,500.0,Indian Rupees(Rs.),6.0,3.1,Orange,Average,3.0 - 3.9 (Moderate),4,4.99,4,12.0
7258,311168,400.0,Indian Rupees(Rs.),4.8,3.0,Orange,Average,3.0 - 3.9 (Moderate),9,6.91,9,21.6
7259,18357957,500.0,Indian Rupees(Rs.),6.0,3.1,Orange,Average,3.0 - 3.9 (Moderate),5,5.55,5,15.0
7260,306751,200.0,Indian Rupees(Rs.),2.4,3.1,Orange,Average,3.0 - 3.9 (Moderate),12,7.95,12,14.4
7261,18400759,600.0,Indian Rupees(Rs.),7.2,3.3,Orange,Average,3.0 - 3.9 (Moderate),13,8.71,13,46.8
7262,8676,350.0,Indian Rupees(Rs.),4.2,2.8,Orange,Average,< 3.0 (Low),10,6.71,10,21.0
7263,18442666,400.0,Indian Rupees(Rs.),4.8,3.1,Orange,Average,3.0 - 3.9 (Moderate),4,4.99,4,9.6
7264,311115,500.0,Indian Rupees(Rs.),6.0,2.6,Orange,Average,< 3.0 (Low),46,10.01,69,207.0
7265,303128,300.0,Indian Rupees(Rs.),3.6,3.3,Orange,Average,3.0 - 3.9 (Moderate),21,10.2,21,37.8
7266,18352278,450.0,Indian Rupees(Rs.),5.4,2.6,Orange,Average,< 3.0 (Low),7,5.41,10,27.0
7267,2054,400.0,Indian Rupees(Rs.),4.8,3.5,Yellow,Good,3.0 - 3.9 (Moderate),79,15.34,79,189.6
7268,5271,200.0,Indian Rupees(Rs.),2.4,3.5,Yellow,Good,3.0 - 3.9 (Moderate),51,13.83,51,61.2
7269,9954,500.0,Indian Rupees(Rs.),6.0,3.5,Yellow,Good,3.0 - 3.9 (Moderate),39,12.91,58,174.0
7270,313171,200.0,Indian Rupees(Rs.),2.4,3.5,Yellow,Good,3.0 - 3.9 (Moderate),31,12.13,46,55.2
7271,2047,600.0,Indian Rupees(Rs.),7.2,3.7,Yellow,Good,3.0 - 3.9 (Moderate),195,19.53,292,1051.2
7272,301015,450.0,Indian Rupees(Rs.),5.4,3.8,Yellow,Good,3.0 - 3.9 (Moderate),178,19.71,178,480.6
7273,300780,100.0,Indian Rupees(Rs.),1.2,3.5,Yellow,Good,3.0 - 3.9 (Moderate),31,12.13,31,18.6
7274,18361764,300.0,Indian Rupees(Rs.),3.6,0.0,White,Not rated,Unrated,2,0.0,2,3.6
7275,18446401,350.0,Indian Rupees(Rs.),4.2,0.0,White,Not rated,Unrated,1,0.0,1,2.1
7276,18312578,450.0,Indian Rupees(Rs.),5.4,0.0,White,Not rated,Unrated,1,0.0,1,2.7
7277,18153555,600.0,Indian Rupees(Rs.),7.2,0.0,White,Not rated,Unrated,0,0.0,0,0.0
7278,18454520,300.0,Indian Rupees(Rs.),3.6,0.0,White,Not rated,Unrated,2,0.0,2,3.6
7279,18416877,500.0,Indian Rupees(Rs.),6.0,0.0,White,Not rated,Unrated,1,0.0,2,6.0
7280,18361770,300.0,Indian Rupees(Rs.),3.6,0.0,White,Not rated,Unrated,3,0.0,3,5.4
7281,18214206,300.0,Indian Rupees(Rs.),3.6,0.0,White,Not rated,Unrated,0,0.0,0,0.0
7282,18426782,500.0,Indian Rupees(Rs.),6.0,0.0,White,Not rated,Unrated,1,0.0,1,3.0
7283,18352209,400.0,Indian Rupees(Rs.),4.8,0.0,White,Not rated,Unrated,1,0.0,1,2.4
7284,18441688,500.0,Indian Rupees(Rs.),6.0,0.0,White,Not rated,Unrated,0,0.0,0,0.0
7285,18438429,600.0,Indian Rupees(Rs.),7.2,0.0,White,Not rated,Unrated,2,0.0,3,10.8
7286,18014115,200.0,Indian Rupees(Rs.),2.4,0.0,White,Not rated,Unrated,2,0.0,2,2.4
7287,18489535,400.0,Indian Rupees(Rs.),4.8,0.0,White,Not rated,Unrated,0,0.0,0,0.0
7288,18446398,250.0,Indian Rupees(Rs.),3.0,0.0,White,Not rated,Unrated,1,0.0,1,1.5
7289,18445788,400.0,Indian Rupees(Rs.),4.8,0.0,White,Not rated,Unrated,0,0.0,0,0.0
7290,18361757,300.0,Indian Rupees(Rs.),3.6,0.0,White,Not rated,Unrated,0,0.0,0,0.0
7291,18273597,450.0,Indian Rupees(Rs.),5.4,0.0,White,Not rated,Unrated,0,0.0,0,0.0
7292,301519,100.0,Indian Rupees(Rs.),1.2,0.0,White,Not rated,Unrated,2,0.0,2,1.2
7293,18445764,400.0,Indian Rupees(Rs.),4.8,0.0,White,Not rated,Unrated,0,0.0,0,0.0
7294,18446388,300.0,Indian Rupees(Rs.),3.6,0.0,White,Not rated,Unrated,2,0.0,2,3.6
7295,301507,350.0,Indian Rupees(Rs.),4.2,4.0,Green,Very Good,4.0 - 4.4 (High),371,23.68,556,1167.6
7296,18261157,3500.0,Indian Rupees(Rs.),42.0,3.4,Orange,Average,3.0 - 3.9 (Moderate),27,11.33,27,567.0
7297,18277024,5000.0,Indian Rupees(Rs.),60.0,3.7,Yellow,Good,3.0 - 3.9 (Moderate),65,15.5,65,1950.0
7298,18261160,5000.0,Indian Rupees(Rs.),60.0,3.9,Yellow,Good,3.0 - 3.9 (Moderate),66,16.4,66,1980.0
7299,18219539,2000.0,Indian Rupees(Rs.),24.0,4.1,Green,Very Good,4.0 - 4.4 (High),68,17.36,68,816.0
7300,311369,3800.0,Indian Rupees(Rs.),45.6,4.3,Green,Very Good,4.0 - 4.4 (High),400,25.77,400,9120.0
7301,308769,450.0,Indian Rupees(Rs.),5.4,3.4,Orange,Average,3.0 - 3.9 (Moderate),29,11.56,29,78.3
7302,220,700.0,Indian Rupees(Rs.),8.4,2.8,Orange,Average,< 3.0 (Low),85,12.47,85,357.0
7303,301675,500.0,Indian Rupees(Rs.),6.0,0.0,White,Not rated,Unrated,3,0.0,3,9.0
7304,18144466,350.0,Indian Rupees(Rs.),4.2,3.1,Orange,Average,3.0 - 3.9 (Moderate),14,8.39,14,29.4
7305,2739,4000.0,Indian Rupees(Rs.),48.0,4.0,Green,Very Good,4.0 - 4.4 (High),315,23.02,315,7560.0
7306,18133508,3000.0,Indian Rupees(Rs.),36.0,4.0,Green,Very Good,4.0 - 4.4 (High),160,20.33,160,2880.0
7307,2741,3000.0,Indian Rupees(Rs.),36.0,4.2,Green,Very Good,4.0 - 4.4 (High),327,24.33,327,5886.0
7308,308386,700.0,Indian Rupees(Rs.),8.4,2.5,Orange,Average,< 3.0 (Low),58,10.19,58,243.6
7309,3170,800.0,Indian Rupees(Rs.),9.6,3.4,Orange,Average,3.0 - 3.9 (Moderate),64,14.19,64,307.2
7310,7760,500.0,Indian Rupees(Rs.),6.0,3.3,Orange,Average,3.0 - 3.9 (Moderate),73,14.2,73,219.0
7311,18425186,800.0,Indian Rupees(Rs.),9.6,3.3,Orange,Average,3.0 - 3.9 (Moderate),12,8.46,12,57.6
7312,311272,500.0,Indian Rupees(Rs.),6.0,2.6,Orange,Average,< 3.0 (Low),24,8.37,36,108.0
7313,310891,500.0,Indian Rupees(Rs.),6.0,3.4,Orange,Average,3.0 - 3.9 (Moderate),167,17.42,250,750.0
7314,9095,150.0,Indian Rupees(Rs.),1.8,3.9,Yellow,Good,3.0 - 3.9 (Moderate),357,22.93,357,321.3
7315,305763,900.0,Indian Rupees(Rs.),10.8,3.5,Yellow,Good,3.0 - 3.9 (Moderate),174,18.08,261,1409.4
7316,18175302,350.0,Indian Rupees(Rs.),4.2,0.0,White,Not rated,Unrated,0,0.0,0,0.0
7317,18337762,200.0,Indian Rupees(Rs.),2.4,0.0,White,Not rated,Unrated,1,0.0,1,1.2
7318,18312639,300.0,Indian Rupees(Rs.),3.6,0.0,White,Not rated,Unrated,0,0.0,0,0.0
7319,18337895,300.0,Indian Rupees(Rs.),3.6,0.0,White,Not rated,Unrated,0,0.0,0,0.0
7320,307418,600.0,Indian Rupees(Rs.),7.2,2.3,Red,Poor,< 3.0 (Low),59,9.42,59,212.4
7321,3686,400.0,Indian Rupees(Rs.),4.8,2.9,Orange,Average,< 3.0 (Low),18,8.54,18,43.2
7322,18449626,100.0,Indian Rupees(Rs.),1.2,2.9,Orange,Average,< 3.0 (Low),13,7.65,20,12.0
7323,7761,450.0,Indian Rupees(Rs.),5.4,3.4,Orange,Average,3.0 - 3.9 (Moderate),31,11.78,31,83.7
7324,9842,250.0,Indian Rupees(Rs.),3.0,3.2,Orange,Average,3.0 - 3.9 (Moderate),11,7.95,11,16.5
7325,18254523,300.0,Indian Rupees(Rs.),3.6,2.9,Orange,Average,< 3.0 (Low),4,4.67,4,7.2
7326,312378,500.0,Indian Rupees(Rs.),6.0,3.1,Orange,Average,3.0 - 3.9 (Moderate),11,7.7,11,33.0
7327,18358171,600.0,Indian Rupees(Rs.),7.2,3.1,Orange,Average,3.0 - 3.9 (Moderate),6,6.03,6,21.6
7328,307474,700.0,Indian Rupees(Rs.),8.4,2.9,Orange,Average,< 3.0 (Low),63,12.06,63,264.6
7329,9083,600.0,Indian Rupees(Rs.),7.2,3.4,Orange,Average,3.0 - 3.9 (Moderate),29,11.56,29,104.4
7330,310705,600.0,Indian Rupees(Rs.),7.2,3.1,Orange,Average,3.0 - 3.9 (Moderate),20,9.44,20,72.0
7331,310701,400.0,Indian Rupees(Rs.),4.8,3.0,Orange,Average,3.0 - 3.9 (Moderate),7,6.24,7,16.8
7332,306934,600.0,Indian Rupees(Rs.),7.2,3.2,Orange,Average,3.0 - 3.9 (Moderate),50,12.58,75,270.0
7333,305651,400.0,Indian Rupees(Rs.),4.8,2.8,Orange,Average,< 3.0 (Low),13,7.39,13,31.2
7334,9094,600.0,Indian Rupees(Rs.),7.2,2.8,Orange,Average,< 3.0 (Low),17,8.09,17,61.2
7335,93,1200.0,Indian Rupees(Rs.),14.4,2.7,Orange,Average,< 3.0 (Low),31,9.36,31,223.2
7336,9099,400.0,Indian Rupees(Rs.),4.8,2.8,Orange,Average,< 3.0 (Low),13,7.39,13,31.2
7337,18312618,150.0,Indian Rupees(Rs.),1.8,3.1,Orange,Average,3.0 - 3.9 (Moderate),6,6.03,6,5.4
7338,18146398,350.0,Indian Rupees(Rs.),4.2,3.2,Orange,Average,3.0 - 3.9 (Moderate),14,8.67,14,29.4
7339,3298,2200.0,Indian Rupees(Rs.),26.4,3.2,Orange,Average,3.0 - 3.9 (Moderate),28,10.78,28,369.6
7340,305684,350.0,Indian Rupees(Rs.),4.2,3.8,Yellow,Good,3.0 - 3.9 (Moderate),68,16.09,102,214.2
7341,7759,250.0,Indian Rupees(Rs.),3.0,3.8,Yellow,Good,3.0 - 3.9 (Moderate),160,19.31,160,240.0
7342,302503,100.0,Indian Rupees(Rs.),1.2,3.6,Yellow,Good,3.0 - 3.9 (Moderate),29,12.24,29,17.4
7343,677,500.0,Indian Rupees(Rs.),6.0,3.6,Yellow,Good,3.0 - 3.9 (Moderate),87,16.12,87,261.0
7344,305826,600.0,Indian Rupees(Rs.),7.2,3.8,Yellow,Good,3.0 - 3.9 (Moderate),68,16.09,68,244.8
7345,743,1100.0,Indian Rupees(Rs.),13.2,3.5,Yellow,Good,3.0 - 3.9 (Moderate),273,19.65,273,1801.8
7346,18345751,800.0,Indian Rupees(Rs.),9.6,3.7,Yellow,Good,3.0 - 3.9 (Moderate),89,16.65,134,643.2
7347,2250,450.0,Indian Rupees(Rs.),5.4,3.5,Yellow,Good,3.0 - 3.9 (Moderate),104,16.29,156,421.2
7348,18352214,900.0,Indian Rupees(Rs.),10.8,3.5,Yellow,Good,3.0 - 3.9 (Moderate),40,13.0,40,216.0
7349,192,500.0,Indian Rupees(Rs.),6.0,3.6,Yellow,Good,3.0 - 3.9 (Moderate),167,18.45,250,750.0
7350,483,1500.0,Indian Rupees(Rs.),18.0,3.6,Yellow,Good,3.0 - 3.9 (Moderate),177,18.65,266,2394.0
7351,1675,650.0,Indian Rupees(Rs.),7.8,3.6,Yellow,Good,3.0 - 3.9 (Moderate),215,19.35,215,838.5
7352,18451269,1000.0,Indian Rupees(Rs.),12.0,3.8,Yellow,Good,3.0 - 3.9 (Moderate),24,12.23,36,216.0
7353,18312616,150.0,Indian Rupees(Rs.),1.8,0.0,White,Not rated,Unrated,2,0.0,2,1.8
7354,7793,250.0,Indian Rupees(Rs.),3.0,0.0,White,Not rated,Unrated,3,0.0,3,4.5
7355,18231390,600.0,Indian Rupees(Rs.),7.2,0.0,White,Not rated,Unrated,2,0.0,2,7.2
7356,18427231,300.0,Indian Rupees(Rs.),3.6,0.0,White,Not rated,Unrated,2,0.0,2,3.6
7357,18427201,2000.0,Indian Rupees(Rs.),24.0,0.0,White,Not rated,Unrated,3,0.0,3,36.0
7358,1129,400.0,Indian Rupees(Rs.),4.8,0.0,White,Not rated,Unrated,1,0.0,1,2.4
7359,18424170,300.0,Indian Rupees(Rs.),3.6,0.0,White,Not rated,Unrated,1,0.0,1,1.8
7360,18306530,1300.0,Indian Rupees(Rs.),15.6,4.0,Green,Very Good,4.0 - 4.4 (High),489,24.78,734,5725.2
7361,18332063,800.0,Indian Rupees(Rs.),9.6,4.1,Green,Very Good,4.0 - 4.4 (High),149,20.54,224,1075.2
7362,309852,2500.0,Indian Rupees(Rs.),30.0,3.3,Orange,Average,3.0 - 3.9 (Moderate),179,17.14,179,2685.0
7363,18245284,1200.0,Indian Rupees(Rs.),14.4,3.6,Yellow,Good,3.0 - 3.9 (Moderate),217,19.38,217,1562.4
7364,310413,600.0,Indian Rupees(Rs.),7.2,2.6,Orange,Average,< 3.0 (Low),27,8.66,27,97.2
7365,18261739,400.0,Indian Rupees(Rs.),4.8,2.9,Orange,Average,< 3.0 (Low),18,8.54,27,64.8
7366,311068,450.0,Indian Rupees(Rs.),5.4,3.8,Yellow,Good,3.0 - 3.9 (Moderate),72,16.3,108,291.6
7367,308175,700.0,Indian Rupees(Rs.),8.4,3.7,Yellow,Good,3.0 - 3.9 (Moderate),147,18.49,147,617.4
7368,18276343,500.0,Indian Rupees(Rs.),6.0,3.6,Yellow,Good,3.0 - 3.9 (Moderate),22,11.29,33,99.0
7369,4682,350.0,Indian Rupees(Rs.),4.2,3.2,Orange,Average,3.0 - 3.9 (Moderate),17,9.25,17,35.7
7370,6191,450.0,Indian Rupees(Rs.),5.4,2.7,Orange,Average,< 3.0 (Low),29,9.18,29,78.3
7371,1275,850.0,Indian Rupees(Rs.),10.2,2.5,Orange,Average,< 3.0 (Low),117,11.93,176,897.6
7372,2934,1100.0,Indian Rupees(Rs.),13.2,3.2,Orange,Average,3.0 - 3.9 (Moderate),88,14.36,88,580.8
7373,308801,1250.0,Indian Rupees(Rs.),15.0,3.3,Orange,Average,3.0 - 3.9 (Moderate),131,16.11,131,982.5
7374,4854,800.0,Indian Rupees(Rs.),9.6,2.7,Orange,Average,< 3.0 (Low),87,12.09,130,624.0
7375,306178,1400.0,Indian Rupees(Rs.),16.8,3.3,Orange,Average,3.0 - 3.9 (Moderate),91,14.92,91,764.4
7376,310538,250.0,Indian Rupees(Rs.),3.0,3.0,Orange,Average,3.0 - 3.9 (Moderate),6,5.84,6,9.0
7377,305579,100.0,Indian Rupees(Rs.),1.2,2.8,Orange,Average,< 3.0 (Low),5,5.02,5,3.0
7378,17977785,600.0,Indian Rupees(Rs.),7.2,3.1,Orange,Average,3.0 - 3.9 (Moderate),10,7.43,10,36.0
7379,18037814,200.0,Indian Rupees(Rs.),2.4,3.0,Orange,Average,3.0 - 3.9 (Moderate),4,4.83,4,4.8
7380,18472638,400.0,Indian Rupees(Rs.),4.8,3.2,Orange,Average,3.0 - 3.9 (Moderate),10,7.67,10,24.0
7381,18168154,400.0,Indian Rupees(Rs.),4.8,3.2,Orange,Average,3.0 - 3.9 (Moderate),11,7.95,11,26.4
7382,18424579,200.0,Indian Rupees(Rs.),2.4,3.3,Orange,Average,3.0 - 3.9 (Moderate),16,9.35,16,19.2
7383,305552,150.0,Indian Rupees(Rs.),1.8,3.0,Orange,Average,3.0 - 3.9 (Moderate),5,5.38,5,4.5
7384,302004,250.0,Indian Rupees(Rs.),3.0,3.3,Orange,Average,3.0 - 3.9 (Moderate),21,10.2,21,31.5
7385,18386266,200.0,Indian Rupees(Rs.),2.4,3.1,Orange,Average,3.0 - 3.9 (Moderate),10,7.43,10,12.0
7386,18272352,350.0,Indian Rupees(Rs.),4.2,2.9,Orange,Average,< 3.0 (Low),7,6.03,7,14.7
7387,300560,150.0,Indian Rupees(Rs.),1.8,2.8,Orange,Average,< 3.0 (Low),16,7.93,16,14.4
7388,304453,300.0,Indian Rupees(Rs.),3.6,3.0,Orange,Average,3.0 - 3.9 (Moderate),4,4.83,4,7.2
7389,18025106,300.0,Indian Rupees(Rs.),3.6,3.3,Orange,Average,3.0 - 3.9 (Moderate),15,9.15,15,27.0
7390,301836,150.0,Indian Rupees(Rs.),1.8,3.1,Orange,Average,3.0 - 3.9 (Moderate),10,7.43,10,9.0
7391,306012,400.0,Indian Rupees(Rs.),4.8,2.9,Orange,Average,< 3.0 (Low),8,6.37,8,19.2
7392,312023,600.0,Indian Rupees(Rs.),7.2,3.1,Orange,Average,3.0 - 3.9 (Moderate),11,7.7,11,39.6
7393,18430898,500.0,Indian Rupees(Rs.),6.0,0.0,White,Not rated,Unrated,0,0.0,0,0.0
7394,305570,100.0,Indian Rupees(Rs.),1.2,0.0,White,Not rated,Unrated,2,0.0,2,1.2
7395,18447292,350.0,Indian Rupees(Rs.),4.2,0.0,White,Not rated,Unrated,1,0.0,1,2.1
7396,18365986,250.0,Indian Rupees(Rs.),3.0,0.0,White,Not rated,Unrated,0,0.0,0,0.0
7397,18441532,800.0,Indian Rupees(Rs.),9.6,0.0,White,Not rated,Unrated,0,0.0,0,0.0
7398,18492045,400.0,Indian Rupees(Rs.),4.8,0.0,White,Not rated,Unrated,0,0.0,0,0.0
7399,18352176,200.0,Indian Rupees(Rs.),2.4,0.0,White,Not rated,Unrated,3,0.0,3,3.6
7400,18451605,250.0,Indian Rupees(Rs.),3.0,0.0,White,Not rated,Unrated,0,0.0,0,0.0
7401,18455549,300.0,Indian Rupees(Rs.),3.6,0.0,White,Not rated,Unrated,0,0.0,0,0.0
7402,18455545,50.0,Indian Rupees(Rs.),0.6,0.0,White,Not rated,Unrated,0,0.0,0,0.0
7403,18491264,500.0,Indian Rupees(Rs.),6.0,0.0,White,Not rated,Unrated,1,0.0,1,3.0
7404,18455547,200.0,Indian Rupees(Rs.),2.4,0.0,White,Not rated,Unrated,0,0.0,0,0.0
7405,18291456,100.0,Indian Rupees(Rs.),1.2,0.0,White,Not rated,Unrated,0,0.0,0,0.0
7406,18472660,150.0,Indian Rupees(Rs.),1.8,0.0,White,Not rated,Unrated,0,0.0,0,0.0
7407,310255,100.0,Indian Rupees(Rs.),1.2,0.0,White,Not rated,Unrated,1,0.0,1,0.6
7408,18366008,100.0,Indian Rupees(Rs.),1.2,0.0,White,Not rated,Unrated,0,0.0,0,0.0
7409,18462257,200.0,Indian Rupees(Rs.),2.4,0.0,White,Not rated,Unrated,0,0.0,0,0.0
7410,18312627,300.0,Indian Rupees(Rs.),3.6,0.0,White,Not rated,Unrated,0,0.0,0,0.0
7411,18492103,500.0,Indian Rupees(Rs.),6.0,0.0,White,Not rated,Unrated,0,0.0,0,0.0
7412,18431145,100.0,Indian Rupees(Rs.),1.2,0.0,White,Not rated,Unrated,0,0.0,0,0.0
7413,18430909,100.0,Indian Rupees(Rs.),1.2,0.0,White,Not rated,Unrated,1,0.0,1,0.6
7414,18198821,100.0,Indian Rupees(Rs.),1.2,0.0,White,Not rated,Unrated,1,0.0,1,0.6
7415,18430905,50.0,Indian Rupees(Rs.),0.6,0.0,White,Not rated,Unrated,0,0.0,0,0.0
7416,18430907,200.0,Indian Rupees(Rs.),2.4,0.0,White,Not rated,Unrated,0,0.0,0,0.0
7417,18451597,350.0,Indian Rupees(Rs.),4.2,0.0,White,Not rated,Unrated,0,0.0,0,0.0
7418,17989089,150.0,Indian Rupees(Rs.),1.8,0.0,White,Not rated,Unrated,1,0.0,1,0.9
7419,18492057,50.0,Indian Rupees(Rs.),0.6,0.0,White,Not rated,Unrated,0,0.0,0,0.0
7420,17989093,250.0,Indian Rupees(Rs.),3.0,0.0,White,Not rated,Unrated,2,0.0,2,3.0
7421,18429149,200.0,Indian Rupees(Rs.),2.4,0.0,White,Not rated,Unrated,0,0.0,0,0.0
7422,18366006,200.0,Indian Rupees(Rs.),2.4,0.0,White,Not rated,Unrated,2,0.0,3,3.6
7423,305567,150.0,Indian Rupees(Rs.),1.8,0.0,White,Not rated,Unrated,0,0.0,0,0.0
7424,18455551,150.0,Indian Rupees(Rs.),1.8,0.0,White,Not rated,Unrated,0,0.0,0,0.0
7425,18430902,300.0,Indian Rupees(Rs.),3.6,0.0,White,Not rated,Unrated,0,0.0,0,0.0
7426,18365385,350.0,Indian Rupees(Rs.),4.2,2.4,Red,Poor,< 3.0 (Low),26,7.91,26,54.6
7427,586,600.0,Indian Rupees(Rs.),7.2,3.3,Orange,Average,3.0 - 3.9 (Moderate),173,17.02,260,936.0
7428,3403,2200.0,Indian Rupees(Rs.),26.4,3.6,Yellow,Good,3.0 - 3.9 (Moderate),127,17.47,127,1676.4
7429,2902,550.0,Indian Rupees(Rs.),6.6,3.7,Yellow,Good,3.0 - 3.9 (Moderate),286,20.94,286,943.8
7430,308628,700.0,Indian Rupees(Rs.),8.4,3.6,Yellow,Good,3.0 - 3.9 (Moderate),44,13.7,44,184.8
7431,18466399,1000.0,Indian Rupees(Rs.),12.0,0.0,White,Not rated,Unrated,3,0.0,3,18.0
7432,18157416,1800.0,Indian Rupees(Rs.),21.6,4.0,Green,Very Good,4.0 - 4.4 (High),169,20.54,254,2743.2
7433,18264963,2200.0,Indian Rupees(Rs.),26.4,4.0,Green,Very Good,4.0 - 4.4 (High),165,20.45,165,2178.0
7434,18384123,400.0,Indian Rupees(Rs.),4.8,3.2,Orange,Average,3.0 - 3.9 (Moderate),6,6.23,6,14.4
7435,308595,400.0,Indian Rupees(Rs.),4.8,3.2,Orange,Average,3.0 - 3.9 (Moderate),24,10.3,36,86.4
7436,18251318,200.0,Indian Rupees(Rs.),2.4,2.9,Orange,Average,< 3.0 (Low),6,5.64,6,7.2
7437,18303675,250.0,Indian Rupees(Rs.),3.0,3.0,Orange,Average,3.0 - 3.9 (Moderate),5,5.38,5,7.5
7438,18245286,250.0,Indian Rupees(Rs.),3.0,3.2,Orange,Average,3.0 - 3.9 (Moderate),36,11.55,36,54.0
7439,18414475,600.0,Indian Rupees(Rs.),7.2,3.0,Orange,Average,3.0 - 3.9 (Moderate),4,4.83,6,21.6
7440,308814,200.0,Indian Rupees(Rs.),2.4,2.9,Orange,Average,< 3.0 (Low),5,5.2,5,6.0
7441,308996,200.0,Indian Rupees(Rs.),2.4,2.9,Orange,Average,< 3.0 (Low),5,5.2,5,6.0
7442,304583,450.0,Indian Rupees(Rs.),5.4,3.3,Orange,Average,3.0 - 3.9 (Moderate),14,8.94,14,37.8
7443,308080,400.0,Indian Rupees(Rs.),4.8,3.4,Orange,Average,3.0 - 3.9 (Moderate),55,13.69,82,196.8
7444,18372669,300.0,Indian Rupees(Rs.),3.6,3.0,Orange,Average,3.0 - 3.9 (Moderate),6,5.84,6,10.8
7445,309305,100.0,Indian Rupees(Rs.),1.2,3.0,Orange,Average,3.0 - 3.9 (Moderate),6,5.84,6,3.6
7446,18292457,250.0,Indian Rupees(Rs.),3.0,3.4,Orange,Average,3.0 - 3.9 (Moderate),21,10.51,21,31.5
7447,973,600.0,Indian Rupees(Rs.),7.2,3.0,Orange,Average,3.0 - 3.9 (Moderate),5,5.38,5,18.0
7448,18292469,250.0,Indian Rupees(Rs.),3.0,3.1,Orange,Average,3.0 - 3.9 (Moderate),8,6.81,8,12.0
7449,18381626,1200.0,Indian Rupees(Rs.),14.4,3.5,Yellow,Good,3.0 - 3.9 (Moderate),24,11.27,36,259.2
7450,18425157,1000.0,Indian Rupees(Rs.),12.0,3.5,Yellow,Good,3.0 - 3.9 (Moderate),26,11.54,26,156.0
7451,18365991,600.0,Indian Rupees(Rs.),7.2,3.5,Yellow,Good,3.0 - 3.9 (Moderate),54,14.03,81,291.6
7452,18355146,700.0,Indian Rupees(Rs.),8.4,3.5,Yellow,Good,3.0 - 3.9 (Moderate),38,12.82,38,159.6
7453,18454473,500.0,Indian Rupees(Rs.),6.0,3.8,Yellow,Good,3.0 - 3.9 (Moderate),18,11.19,18,54.0
7454,18432240,500.0,Indian Rupees(Rs.),6.0,3.5,Yellow,Good,3.0 - 3.9 (Moderate),12,8.98,18,54.0
7455,312027,350.0,Indian Rupees(Rs.),4.2,0.0,White,Not rated,Unrated,1,0.0,1,2.1
7456,18430872,250.0,Indian Rupees(Rs.),3.0,0.0,White,Not rated,Unrated,1,0.0,1,1.5
7457,18292478,120.0,Indian Rupees(Rs.),1.44,0.0,White,Not rated,Unrated,0,0.0,0,0.0
7458,18429417,350.0,Indian Rupees(Rs.),4.2,0.0,White,Not rated,Unrated,1,0.0,1,2.1
7459,18244564,400.0,Indian Rupees(Rs.),4.8,0.0,White,Not rated,Unrated,1,0.0,1,2.4
7460,304385,100.0,Indian Rupees(Rs.),1.2,0.0,White,Not rated,Unrated,1,0.0,1,0.6
7461,9517,200.0,Indian Rupees(Rs.),2.4,0.0,White,Not rated,Unrated,3,0.0,3,3.6
7462,7194,250.0,Indian Rupees(Rs.),3.0,0.0,White,Not rated,Unrated,2,0.0,2,3.0
7463,18472448,350.0,Indian Rupees(Rs.),4.2,0.0,White,Not rated,Unrated,3,0.0,3,6.3
7464,18472599,300.0,Indian Rupees(Rs.),3.6,0.0,White,Not rated,Unrated,0,0.0,0,0.0
7465,18429644,200.0,Indian Rupees(Rs.),2.4,0.0,White,Not rated,Unrated,1,0.0,2,2.4
7466,7180,200.0,Indian Rupees(Rs.),2.4,0.0,White,Not rated,Unrated,3,0.0,3,3.6
7467,309006,300.0,Indian Rupees(Rs.),3.6,0.0,White,Not rated,Unrated,3,0.0,3,5.4
7468,18292480,200.0,Indian Rupees(Rs.),2.4,0.0,White,Not rated,Unrated,2,0.0,2,2.4
7469,7187,250.0,Indian Rupees(Rs.),3.0,0.0,White,Not rated,Unrated,2,0.0,2,3.0
7470,301998,1600.0,Indian Rupees(Rs.),19.2,4.3,Green,Very Good,4.0 - 4.4 (High),1252,30.67,1878,18028.8
7471,3239,3000.0,Indian Rupees(Rs.),36.0,3.3,Orange,Average,3.0 - 3.9 (Moderate),50,12.98,50,900.0
7472,301422,3200.0,Indian Rupees(Rs.),38.4,3.7,Yellow,Good,3.0 - 3.9 (Moderate),147,18.49,147,2822.4
7473,4404,2500.0,Indian Rupees(Rs.),30.0,3.9,Yellow,Good,3.0 - 3.9 (Moderate),821,26.18,821,12315.0
7474,300008,800.0,Indian Rupees(Rs.),9.6,3.3,Orange,Average,3.0 - 3.9 (Moderate),152,16.6,152,729.6
7475,18216903,500.0,Indian Rupees(Rs.),6.0,3.6,Yellow,Good,3.0 - 3.9 (Moderate),186,18.83,279,837.0
7476,1079,1000.0,Indian Rupees(Rs.),12.0,3.6,Yellow,Good,3.0 - 3.9 (Moderate),141,17.84,212,1272.0
7477,4375,500.0,Indian Rupees(Rs.),6.0,3.1,Orange,Average,3.0 - 3.9 (Moderate),26,10.22,26,78.0
7478,3955,2200.0,Indian Rupees(Rs.),26.4,3.2,Orange,Average,3.0 - 3.9 (Moderate),48,12.45,48,633.6
7479,4376,1600.0,Indian Rupees(Rs.),19.2,3.2,Orange,Average,3.0 - 3.9 (Moderate),18,9.42,18,172.8
7480,1898,3600.0,Indian Rupees(Rs.),43.2,3.7,Yellow,Good,3.0 - 3.9 (Moderate),101,17.11,101,2181.6
7481,1900,3700.0,Indian Rupees(Rs.),44.4,3.6,Yellow,Good,3.0 - 3.9 (Moderate),100,16.61,100,2220.0
7482,306198,2500.0,Indian Rupees(Rs.),30.0,4.4,Green,Very Good,4.0 - 4.4 (High),609,28.22,609,9135.0
7483,18312443,2000.0,Indian Rupees(Rs.),24.0,3.1,Orange,Average,3.0 - 3.9 (Moderate),5,5.55,5,60.0
7484,2683,4100.0,Indian Rupees(Rs.),49.2,3.5,Yellow,Good,3.0 - 3.9 (Moderate),42,13.16,42,1033.2
7485,2682,4300.0,Indian Rupees(Rs.),51.6,3.9,Yellow,Good,3.0 - 3.9 (Moderate),548,24.6,548,14138.4
7486,2681,5000.0,Indian Rupees(Rs.),60.0,3.8,Yellow,Good,3.0 - 3.9 (Moderate),134,18.64,134,4020.0
7487,2674,3600.0,Indian Rupees(Rs.),43.2,3.7,Yellow,Good,3.0 - 3.9 (Moderate),139,18.28,139,3002.4
7488,2684,1000.0,Indian Rupees(Rs.),12.0,3.7,Yellow,Good,3.0 - 3.9 (Moderate),65,15.5,65,390.0
7489,2675,4500.0,Indian Rupees(Rs.),54.0,4.3,Green,Very Good,4.0 - 4.4 (High),800,28.75,800,21600.0
7490,3227,2650.0,Indian Rupees(Rs.),31.8,3.3,Orange,Average,3.0 - 3.9 (Moderate),145,16.45,145,2305.5
7491,4840,3200.0,Indian Rupees(Rs.),38.4,3.6,Yellow,Good,3.0 - 3.9 (Moderate),97,16.51,97,1862.4
7492,2726,2000.0,Indian Rupees(Rs.),24.0,3.2,Orange,Average,3.0 - 3.9 (Moderate),10,7.67,10,120.0
7493,301523,6000.0,Indian Rupees(Rs.),72.0,3.2,Orange,Average,3.0 - 3.9 (Moderate),12,8.21,12,432.0
7494,2729,3000.0,Indian Rupees(Rs.),36.0,3.3,Orange,Average,3.0 - 3.9 (Moderate),25,10.75,25,450.0
7495,2724,6000.0,Indian Rupees(Rs.),72.0,3.9,Yellow,Good,3.0 - 3.9 (Moderate),272,21.88,272,9792.0
7496,2728,4000.0,Indian Rupees(Rs.),48.0,3.7,Yellow,Good,3.0 - 3.9 (Moderate),59,15.15,59,1416.0
7497,2730,900.0,Indian Rupees(Rs.),10.8,3.8,Yellow,Good,3.0 - 3.9 (Moderate),45,14.55,45,243.0
7498,2727,5000.0,Indian Rupees(Rs.),60.0,3.7,Yellow,Good,3.0 - 3.9 (Moderate),104,17.22,104,3120.0
7499,2731,2500.0,Indian Rupees(Rs.),30.0,3.6,Yellow,Good,3.0 - 3.9 (Moderate),57,14.62,57,855.0
7500,2725,6000.0,Indian Rupees(Rs.),72.0,4.0,Green,Very Good,4.0 - 4.4 (High),259,22.24,259,9324.0
7501,18237363,1000.0,Indian Rupees(Rs.),12.0,3.0,Orange,Average,3.0 - 3.9 (Moderate),90,13.53,135,810.0
7502,18322518,900.0,Indian Rupees(Rs.),10.8,3.3,Orange,Average,3.0 - 3.9 (Moderate),21,10.2,21,113.4
7503,1023,250.0,Indian Rupees(Rs.),3.0,3.4,Orange,Average,3.0 - 3.9 (Moderate),109,15.98,109,163.5
7504,18277022,300.0,Indian Rupees(Rs.),3.6,2.9,Orange,Average,< 3.0 (Low),5,5.2,5,9.0
7505,18354650,700.0,Indian Rupees(Rs.),8.4,2.8,Orange,Average,< 3.0 (Low),19,8.39,19,79.8
7506,9671,800.0,Indian Rupees(Rs.),9.6,3.5,Yellow,Good,3.0 - 3.9 (Moderate),96,16.01,144,691.2
7507,18424209,250.0,Indian Rupees(Rs.),3.0,0.0,White,Not rated,Unrated,1,0.0,1,1.5
7508,149,500.0,Indian Rupees(Rs.),6.0,1.9,Red,Poor,< 3.0 (Low),146,9.48,219,657.0
7509,8842,900.0,Indian Rupees(Rs.),10.8,3.3,Orange,Average,3.0 - 3.9 (Moderate),46,12.71,46,248.4
7510,8817,1600.0,Indian Rupees(Rs.),19.2,3.2,Orange,Average,3.0 - 3.9 (Moderate),31,11.09,31,297.6
7511,309110,4500.0,Indian Rupees(Rs.),54.0,3.4,Orange,Average,3.0 - 3.9 (Moderate),51,13.43,51,1377.0
7512,301524,3000.0,Indian Rupees(Rs.),36.0,3.5,Yellow,Good,3.0 - 3.9 (Moderate),45,13.4,45,810.0
7513,3910,5100.0,Indian Rupees(Rs.),61.2,3.7,Yellow,Good,3.0 - 3.9 (Moderate),419,22.35,419,12821.4
7514,3027,4500.0,Indian Rupees(Rs.),54.0,3.9,Yellow,Good,3.0 - 3.9 (Moderate),265,21.78,265,7155.0
7515,4907,5000.0,Indian Rupees(Rs.),60.0,3.7,Yellow,Good,3.0 - 3.9 (Moderate),747,24.48,747,22410.0
7516,104,4500.0,Indian Rupees(Rs.),54.0,3.6,Yellow,Good,3.0 - 3.9 (Moderate),62,14.92,62,1674.0
7517,300688,2700.0,Indian Rupees(Rs.),32.4,3.9,Yellow,Good,3.0 - 3.9 (Moderate),186,20.4,186,3013.2
7518,300697,2650.0,Indian Rupees(Rs.),31.8,3.6,Yellow,Good,3.0 - 3.9 (Moderate),48,14.01,48,763.2
7519,300696,3500.0,Indian Rupees(Rs.),42.0,3.6,Yellow,Good,3.0 - 3.9 (Moderate),42,13.54,42,882.0
7520,300695,3500.0,Indian Rupees(Rs.),42.0,4.0,Green,Very Good,4.0 - 4.4 (High),184,20.88,184,3864.0
7521,4917,4000.0,Indian Rupees(Rs.),48.0,3.9,Yellow,Good,3.0 - 3.9 (Moderate),241,21.41,241,5784.0
7522,4910,5000.0,Indian Rupees(Rs.),60.0,3.8,Yellow,Good,3.0 - 3.9 (Moderate),199,20.13,199,5970.0
7523,6812,5500.0,Indian Rupees(Rs.),66.0,3.9,Yellow,Good,3.0 - 3.9 (Moderate),178,20.23,178,5874.0
7524,4911,3500.0,Indian Rupees(Rs.),42.0,3.7,Yellow,Good,3.0 - 3.9 (Moderate),59,15.15,59,1239.0
7525,4915,2000.0,Indian Rupees(Rs.),24.0,3.6,Yellow,Good,3.0 - 3.9 (Moderate),32,12.59,32,384.0
7526,310878,400.0,Indian Rupees(Rs.),4.8,2.9,Orange,Average,< 3.0 (Low),4,4.67,4,9.6
7527,3283,3000.0,Indian Rupees(Rs.),36.0,3.8,Yellow,Good,3.0 - 3.9 (Moderate),185,19.86,185,3330.0
7528,2768,3000.0,Indian Rupees(Rs.),36.0,3.3,Orange,Average,3.0 - 3.9 (Moderate),199,17.48,199,3582.0
7529,2770,3500.0,Indian Rupees(Rs.),42.0,3.3,Orange,Average,3.0 - 3.9 (Moderate),169,16.95,169,3549.0
7530,2769,4500.0,Indian Rupees(Rs.),54.0,3.8,Yellow,Good,3.0 - 3.9 (Moderate),773,25.28,773,20871.0
7531,3202,3000.0,Indian Rupees(Rs.),36.0,3.1,Orange,Average,3.0 - 3.9 (Moderate),26,10.22,26,468.0
7532,4101,900.0,Indian Rupees(Rs.),10.8,3.3,Orange,Average,3.0 - 3.9 (Moderate),19,9.89,19,102.6
7533,312902,4400.0,Indian Rupees(Rs.),52.8,3.6,Yellow,Good,3.0 - 3.9 (Moderate),90,16.24,90,2376.0
7534,5325,2500.0,Indian Rupees(Rs.),30.0,3.7,Yellow,Good,3.0 - 3.9 (Moderate),111,17.46,111,1665.0
7535,4496,5000.0,Indian Rupees(Rs.),60.0,3.1,Orange,Average,3.0 - 3.9 (Moderate),15,8.6,15,450.0
7536,2688,2500.0,Indian Rupees(Rs.),30.0,3.8,Yellow,Good,3.0 - 3.9 (Moderate),79,16.65,79,1185.0
7537,2690,5000.0,Indian Rupees(Rs.),60.0,3.9,Yellow,Good,3.0 - 3.9 (Moderate),696,25.53,696,20880.0
7538,3948,4200.0,Indian Rupees(Rs.),50.4,3.6,Yellow,Good,3.0 - 3.9 (Moderate),64,15.03,64,1612.8
7539,2694,6000.0,Indian Rupees(Rs.),72.0,3.9,Yellow,Good,3.0 - 3.9 (Moderate),183,20.34,183,6588.0
7540,2689,5500.0,Indian Rupees(Rs.),66.0,4.0,Green,Very Good,4.0 - 4.4 (High),398,23.96,398,13134.0
7541,2693,4500.0,Indian Rupees(Rs.),54.0,4.2,Green,Very Good,4.0 - 4.4 (High),541,26.44,541,14607.0
7542,18400770,2000.0,Indian Rupees(Rs.),24.0,3.7,Yellow,Good,3.0 - 3.9 (Moderate),42,13.92,42,504.0
7543,18376469,4000.0,Indian Rupees(Rs.),48.0,3.5,Yellow,Good,3.0 - 3.9 (Moderate),24,11.27,24,576.0
7544,2701,8000.0,Indian Rupees(Rs.),96.0,4.0,Green,Very Good,4.0 - 4.4 (High),145,19.93,145,6960.0
7545,2702,1500.0,Indian Rupees(Rs.),18.0,4.0,Green,Very Good,4.0 - 4.4 (High),76,17.38,76,684.0
7546,9709,3000.0,Indian Rupees(Rs.),36.0,3.2,Orange,Average,3.0 - 3.9 (Moderate),28,10.78,28,504.0
7547,312319,2500.0,Indian Rupees(Rs.),30.0,3.0,Orange,Average,3.0 - 3.9 (Moderate),5,5.38,5,75.0
7548,311858,500.0,Indian Rupees(Rs.),6.0,3.0,Orange,Average,3.0 - 3.9 (Moderate),4,4.83,4,12.0
7549,131,1700.0,Indian Rupees(Rs.),20.4,3.6,Yellow,Good,3.0 - 3.9 (Moderate),350,21.1,525,5355.0
7550,313200,1600.0,Indian Rupees(Rs.),19.2,3.8,Yellow,Good,3.0 - 3.9 (Moderate),637,24.54,637,6115.2
7551,18282047,2500.0,Indian Rupees(Rs.),30.0,4.1,Green,Very Good,4.0 - 4.4 (High),146,20.46,146,2190.0
7552,18459030,200.0,Indian Rupees(Rs.),2.4,0.0,White,Not rated,Unrated,0,0.0,0,0.0
7553,302136,100.0,Indian Rupees(Rs.),1.2,2.9,Orange,Average,< 3.0 (Low),6,5.64,6,3.6
7554,301767,250.0,Indian Rupees(Rs.),3.0,2.7,Orange,Average,< 3.0 (Low),11,6.71,11,16.5
7555,302103,450.0,Indian Rupees(Rs.),5.4,2.9,Orange,Average,< 3.0 (Low),5,5.2,5,13.5
7556,310273,200.0,Indian Rupees(Rs.),2.4,3.1,Orange,Average,3.0 - 3.9 (Moderate),7,6.45,7,8.4
7557,308868,150.0,Indian Rupees(Rs.),1.8,3.1,Orange,Average,3.0 - 3.9 (Moderate),8,6.81,8,7.2
7558,18372667,150.0,Indian Rupees(Rs.),1.8,2.9,Orange,Average,< 3.0 (Low),7,6.03,7,6.3
7559,310728,300.0,Indian Rupees(Rs.),3.6,3.0,Orange,Average,3.0 - 3.9 (Moderate),7,6.24,10,18.0
7560,8564,350.0,Indian Rupees(Rs.),4.2,3.1,Orange,Average,3.0 - 3.9 (Moderate),16,8.78,16,33.6
7561,305486,350.0,Indian Rupees(Rs.),4.2,2.9,Orange,Average,< 3.0 (Low),21,8.96,21,44.1
7562,18485858,300.0,Indian Rupees(Rs.),3.6,3.0,Orange,Average,3.0 - 3.9 (Moderate),4,4.83,4,7.2
7563,18204802,300.0,Indian Rupees(Rs.),3.6,2.9,Orange,Average,< 3.0 (Low),5,5.2,5,9.0
7564,310254,350.0,Indian Rupees(Rs.),4.2,3.0,Orange,Average,3.0 - 3.9 (Moderate),6,5.84,6,12.6
7565,310272,350.0,Indian Rupees(Rs.),4.2,3.2,Orange,Average,3.0 - 3.9 (Moderate),16,9.07,16,33.6
7566,302089,300.0,Indian Rupees(Rs.),3.6,3.3,Orange,Average,3.0 - 3.9 (Moderate),26,10.88,26,46.8
7567,18034071,150.0,Indian Rupees(Rs.),1.8,3.0,Orange,Average,3.0 - 3.9 (Moderate),4,4.83,4,3.6
7568,305785,350.0,Indian Rupees(Rs.),4.2,2.6,Orange,Average,< 3.0 (Low),10,6.23,10,21.0
7569,18268710,500.0,Indian Rupees(Rs.),6.0,3.0,Orange,Average,3.0 - 3.9 (Moderate),5,5.38,5,15.0
7570,308862,250.0,Indian Rupees(Rs.),3.0,2.9,Orange,Average,< 3.0 (Low),8,6.37,8,12.0
7571,308863,100.0,Indian Rupees(Rs.),1.2,3.4,Orange,Average,3.0 - 3.9 (Moderate),18,10.01,18,10.8
7572,304319,550.0,Indian Rupees(Rs.),6.6,3.0,Orange,Average,3.0 - 3.9 (Moderate),7,6.24,7,23.1
7573,18198440,200.0,Indian Rupees(Rs.),2.4,3.1,Orange,Average,3.0 - 3.9 (Moderate),7,6.45,7,8.4
7574,304161,150.0,Indian Rupees(Rs.),1.8,3.2,Orange,Average,3.0 - 3.9 (Moderate),26,10.55,26,23.4
7575,18037798,150.0,Indian Rupees(Rs.),1.8,3.2,Orange,Average,3.0 - 3.9 (Moderate),10,7.67,10,9.0
7576,310279,300.0,Indian Rupees(Rs.),3.6,2.9,Orange,Average,< 3.0 (Low),5,5.2,5,9.0
7577,5964,300.0,Indian Rupees(Rs.),3.6,3.0,Orange,Average,3.0 - 3.9 (Moderate),7,6.24,7,12.6
7578,18241496,150.0,Indian Rupees(Rs.),1.8,3.5,Yellow,Good,3.0 - 3.9 (Moderate),17,10.12,17,15.3
7579,309695,300.0,Indian Rupees(Rs.),3.6,3.5,Yellow,Good,3.0 - 3.9 (Moderate),21,10.82,32,57.6
7580,308905,200.0,Indian Rupees(Rs.),2.4,0.0,White,Not rated,Unrated,2,0.0,2,2.4
7581,18312644,150.0,Indian Rupees(Rs.),1.8,0.0,White,Not rated,Unrated,2,0.0,2,1.8
7582,305238,100.0,Indian Rupees(Rs.),1.2,0.0,White,Not rated,Unrated,3,0.0,3,1.8
7583,301917,250.0,Indian Rupees(Rs.),3.0,0.0,White,Not rated,Unrated,3,0.0,3,4.5
7584,18372314,350.0,Indian Rupees(Rs.),4.2,0.0,White,Not rated,Unrated,1,0.0,1,2.1
7585,313282,200.0,Indian Rupees(Rs.),2.4,0.0,White,Not rated,Unrated,2,0.0,2,2.4
7586,18368025,300.0,Indian Rupees(Rs.),3.6,0.0,White,Not rated,Unrated,3,0.0,3,5.4
7587,18089242,300.0,Indian Rupees(Rs.),3.6,0.0,White,Not rated,Unrated,1,0.0,1,1.8
7588,304160,200.0,Indian Rupees(Rs.),2.4,0.0,White,Not rated,Unrated,2,0.0,2,2.4
7589,18037813,250.0,Indian Rupees(Rs.),3.0,0.0,White,Not rated,Unrated,2,0.0,2,3.0
7590,18487958,500.0,Indian Rupees(Rs.),6.0,0.0,White,Not rated,Unrated,1,0.0,1,3.0
7591,18368021,300.0,Indian Rupees(Rs.),3.6,0.0,White,Not rated,Unrated,1,0.0,1,1.8
7592,313137,350.0,Indian Rupees(Rs.),4.2,0.0,White,Not rated,Unrated,2,0.0,2,4.2
7593,305866,500.0,Indian Rupees(Rs.),6.0,0.0,White,Not rated,Unrated,3,0.0,3,9.0
7594,18431191,250.0,Indian Rupees(Rs.),3.0,0.0,White,Not rated,Unrated,2,0.0,2,3.0
7595,18037792,350.0,Indian Rupees(Rs.),4.2,0.0,White,Not rated,Unrated,1,0.0,1,2.1
7596,18356794,250.0,Indian Rupees(Rs.),3.0,0.0,White,Not rated,Unrated,0,0.0,0,0.0
7597,312040,250.0,Indian Rupees(Rs.),3.0,0.0,White,Not rated,Unrated,1,0.0,1,1.5
7598,18460328,300.0,Indian Rupees(Rs.),3.6,0.0,White,Not rated,Unrated,3,0.0,3,5.4
7599,18187733,700.0,Indian Rupees(Rs.),8.4,0.0,White,Not rated,Unrated,3,0.0,3,12.6
7600,5961,250.0,Indian Rupees(Rs.),3.0,0.0,White,Not rated,Unrated,3,0.0,3,4.5
7601,18431176,500.0,Indian Rupees(Rs.),6.0,0.0,White,Not rated,Unrated,3,0.0,3,9.0
7602,18037796,150.0,Indian Rupees(Rs.),1.8,0.0,White,Not rated,Unrated,3,0.0,3,2.7
7603,312853,200.0,Indian Rupees(Rs.),2.4,0.0,White,Not rated,Unrated,2,0.0,2,2.4
7604,18469949,300.0,Indian Rupees(Rs.),3.6,0.0,White,Not rated,Unrated,3,0.0,3,5.4
7605,18428721,300.0,Indian Rupees(Rs.),3.6,0.0,White,Not rated,Unrated,2,0.0,2,3.6
7606,18203187,200.0,Indian Rupees(Rs.),2.4,0.0,White,Not rated,Unrated,1,0.0,1,1.2
7607,308900,100.0,Indian Rupees(Rs.),1.2,0.0,White,Not rated,Unrated,2,0.0,2,1.2
7608,18430577,500.0,Indian Rupees(Rs.),6.0,0.0,White,Not rated,Unrated,2,0.0,3,9.0
7609,310286,250.0,Indian Rupees(Rs.),3.0,0.0,White,Not rated,Unrated,3,0.0,3,4.5
7610,18246984,250.0,Indian Rupees(Rs.),3.0,0.0,White,Not rated,Unrated,3,0.0,3,4.5
7611,312041,300.0,Indian Rupees(Rs.),3.6,0.0,White,Not rated,Unrated,2,0.0,2,3.6
7612,18429180,400.0,Indian Rupees(Rs.),4.8,0.0,White,Not rated,Unrated,3,0.0,3,7.2
7613,304730,100.0,Indian Rupees(Rs.),1.2,0.0,White,Not rated,Unrated,1,0.0,1,0.6
7614,5438,800.0,Indian Rupees(Rs.),9.6,3.7,Yellow,Good,3.0 - 3.9 (Moderate),281,20.88,281,1348.8
7615,3383,750.0,Indian Rupees(Rs.),9.0,3.4,Orange,Average,3.0 - 3.9 (Moderate),104,15.82,104,468.0
7616,4450,500.0,Indian Rupees(Rs.),6.0,3.6,Yellow,Good,3.0 - 3.9 (Moderate),438,21.9,657,1971.0
7617,18254521,700.0,Indian Rupees(Rs.),8.4,4.2,Green,Very Good,4.0 - 4.4 (High),73,18.08,110,462.0
7618,18352678,350.0,Indian Rupees(Rs.),4.2,2.9,Orange,Average,< 3.0 (Low),77,12.63,116,243.6
7619,18263236,700.0,Indian Rupees(Rs.),8.4,3.6,Yellow,Good,3.0 - 3.9 (Moderate),24,11.59,24,100.8
7620,18277230,500.0,Indian Rupees(Rs.),6.0,3.7,Yellow,Good,3.0 - 3.9 (Moderate),59,15.15,59,177.0
7621,18350231,400.0,Indian Rupees(Rs.),4.8,3.8,Yellow,Good,3.0 - 3.9 (Moderate),37,13.82,37,88.8
7622,18380171,400.0,Indian Rupees(Rs.),4.8,2.3,Red,Poor,< 3.0 (Low),42,8.65,63,151.2
7623,18306543,200.0,Indian Rupees(Rs.),2.4,3.1,Orange,Average,3.0 - 3.9 (Moderate),5,5.55,8,9.6
7624,7297,100.0,Indian Rupees(Rs.),1.2,2.8,Orange,Average,< 3.0 (Low),5,5.02,5,3.0
7625,5774,250.0,Indian Rupees(Rs.),3.0,2.9,Orange,Average,< 3.0 (Low),10,6.95,10,15.0
7626,312172,500.0,Indian Rupees(Rs.),6.0,2.9,Orange,Average,< 3.0 (Low),4,4.67,6,18.0
7627,18168165,200.0,Indian Rupees(Rs.),2.4,3.0,Orange,Average,3.0 - 3.9 (Moderate),4,4.83,4,4.8
7628,18449824,200.0,Indian Rupees(Rs.),2.4,2.8,Orange,Average,< 3.0 (Low),4,4.51,6,7.2
7629,5413,350.0,Indian Rupees(Rs.),4.2,2.7,Orange,Average,< 3.0 (Low),12,6.93,12,25.2
7630,18285208,250.0,Indian Rupees(Rs.),3.0,2.9,Orange,Average,< 3.0 (Low),7,6.03,7,10.5
7631,306185,300.0,Indian Rupees(Rs.),3.6,2.7,Orange,Average,< 3.0 (Low),5,4.84,8,14.4
7632,312073,700.0,Indian Rupees(Rs.),8.4,2.5,Orange,Average,< 3.0 (Low),6,4.86,6,25.2
7633,312054,300.0,Indian Rupees(Rs.),3.6,3.1,Orange,Average,3.0 - 3.9 (Moderate),14,8.39,14,25.2
7634,301912,100.0,Indian Rupees(Rs.),1.2,3.0,Orange,Average,3.0 - 3.9 (Moderate),4,4.83,4,2.4
7635,18372661,300.0,Indian Rupees(Rs.),3.6,3.1,Orange,Average,3.0 - 3.9 (Moderate),4,4.99,4,7.2
7636,5499,150.0,Indian Rupees(Rs.),1.8,3.3,Orange,Average,3.0 - 3.9 (Moderate),12,8.46,12,10.8
7637,302005,300.0,Indian Rupees(Rs.),3.6,3.1,Orange,Average,3.0 - 3.9 (Moderate),10,7.43,10,18.0
7638,306179,300.0,Indian Rupees(Rs.),3.6,3.0,Orange,Average,3.0 - 3.9 (Moderate),4,4.83,4,7.2
7639,302057,100.0,Indian Rupees(Rs.),1.2,3.1,Orange,Average,3.0 - 3.9 (Moderate),7,6.45,7,4.2
7640,302729,150.0,Indian Rupees(Rs.),1.8,3.0,Orange,Average,3.0 - 3.9 (Moderate),5,5.38,5,4.5
7641,313067,300.0,Indian Rupees(Rs.),3.6,3.1,Orange,Average,3.0 - 3.9 (Moderate),4,4.99,6,10.8
7642,18133491,350.0,Indian Rupees(Rs.),4.2,3.2,Orange,Average,3.0 - 3.9 (Moderate),11,7.95,16,33.6
7643,18204464,500.0,Indian Rupees(Rs.),6.0,2.7,Orange,Average,< 3.0 (Low),11,6.71,16,48.0
7644,5412,200.0,Indian Rupees(Rs.),2.4,3.0,Orange,Average,3.0 - 3.9 (Moderate),6,5.84,6,7.2
7645,18358654,200.0,Indian Rupees(Rs.),2.4,2.8,Orange,Average,< 3.0 (Low),9,6.45,9,10.8
7646,309167,400.0,Indian Rupees(Rs.),4.8,3.0,Orange,Average,3.0 - 3.9 (Moderate),10,7.19,10,24.0
7647,301903,50.0,Indian Rupees(Rs.),0.6,2.8,Orange,Average,< 3.0 (Low),6,5.45,6,1.8
7648,302757,50.0,Indian Rupees(Rs.),0.6,2.8,Orange,Average,< 3.0 (Low),4,4.51,4,1.2
7649,310625,250.0,Indian Rupees(Rs.),3.0,2.9,Orange,Average,< 3.0 (Low),4,4.67,4,6.0
7650,312171,300.0,Indian Rupees(Rs.),3.6,3.0,Orange,Average,3.0 - 3.9 (Moderate),5,5.38,5,9.0
7651,9209,400.0,Indian Rupees(Rs.),4.8,2.8,Orange,Average,< 3.0 (Low),7,5.82,7,16.8
7652,18291240,300.0,Indian Rupees(Rs.),3.6,2.8,Orange,Average,< 3.0 (Low),6,5.45,6,10.8
7653,307946,200.0,Indian Rupees(Rs.),2.4,3.0,Orange,Average,3.0 - 3.9 (Moderate),8,6.59,8,9.6
7654,18203182,400.0,Indian Rupees(Rs.),4.8,2.7,Orange,Average,< 3.0 (Low),6,5.25,9,21.6
7655,302047,200.0,Indian Rupees(Rs.),2.4,2.9,Orange,Average,< 3.0 (Low),7,6.03,7,8.4
7656,307140,650.0,Indian Rupees(Rs.),7.8,2.8,Orange,Average,< 3.0 (Low),12,7.18,18,70.2
7657,302835,50.0,Indian Rupees(Rs.),0.6,0.0,White,Not rated,Unrated,3,0.0,3,0.9
7658,9108,200.0,Indian Rupees(Rs.),2.4,0.0,White,Not rated,Unrated,3,0.0,3,3.6
7659,9116,100.0,Indian Rupees(Rs.),1.2,0.0,White,Not rated,Unrated,3,0.0,3,1.8
7660,18401212,250.0,Indian Rupees(Rs.),3.0,0.0,White,Not rated,Unrated,2,0.0,3,4.5
7661,18437128,250.0,Indian Rupees(Rs.),3.0,0.0,White,Not rated,Unrated,2,0.0,2,3.0
7662,18331594,600.0,Indian Rupees(Rs.),7.2,0.0,White,Not rated,Unrated,2,0.0,3,10.8
7663,18381265,250.0,Indian Rupees(Rs.),3.0,0.0,White,Not rated,Unrated,0,0.0,0,0.0
7664,18312449,350.0,Indian Rupees(Rs.),4.2,0.0,White,Not rated,Unrated,3,0.0,3,6.3
7665,18372672,250.0,Indian Rupees(Rs.),3.0,0.0,White,Not rated,Unrated,2,0.0,2,3.0
7666,18363058,300.0,Indian Rupees(Rs.),3.6,0.0,White,Not rated,Unrated,2,0.0,3,5.4
7667,310581,100.0,Indian Rupees(Rs.),1.2,0.0,White,Not rated,Unrated,3,0.0,3,1.8
7668,301914,250.0,Indian Rupees(Rs.),3.0,0.0,White,Not rated,Unrated,2,0.0,2,3.0
7669,5470,200.0,Indian Rupees(Rs.),2.4,0.0,White,Not rated,Unrated,1,0.0,1,1.2
7670,18358206,200.0,Indian Rupees(Rs.),2.4,0.0,White,Not rated,Unrated,3,0.0,3,3.6
7671,17989106,300.0,Indian Rupees(Rs.),3.6,0.0,White,Not rated,Unrated,2,0.0,2,3.6
7672,18419501,200.0,Indian Rupees(Rs.),2.4,0.0,White,Not rated,Unrated,2,0.0,2,2.4
7673,307950,400.0,Indian Rupees(Rs.),4.8,0.0,White,Not rated,Unrated,3,0.0,3,7.2
7674,18354634,250.0,Indian Rupees(Rs.),3.0,0.0,White,Not rated,Unrated,2,0.0,2,3.0
7675,306180,200.0,Indian Rupees(Rs.),2.4,0.0,White,Not rated,Unrated,3,0.0,4,4.8
7676,301907,150.0,Indian Rupees(Rs.),1.8,0.0,White,Not rated,Unrated,2,0.0,2,1.8
7677,18358165,450.0,Indian Rupees(Rs.),5.4,0.0,White,Not rated,Unrated,2,0.0,3,8.1
7678,18372666,100.0,Indian Rupees(Rs.),1.2,0.0,White,Not rated,Unrated,3,0.0,3,1.8
7679,18499450,400.0,Indian Rupees(Rs.),4.8,0.0,White,Not rated,Unrated,3,0.0,3,7.2
7680,18500618,400.0,Indian Rupees(Rs.),4.8,0.0,White,Not rated,Unrated,1,0.0,1,2.4
7681,18014109,400.0,Indian Rupees(Rs.),4.8,2.4,Red,Poor,< 3.0 (Low),4,3.86,6,14.4
7682,8257,450.0,Indian Rupees(Rs.),5.4,2.6,Orange,Average,< 3.0 (Low),33,9.17,33,89.1
7683,18291214,300.0,Indian Rupees(Rs.),3.6,2.6,Orange,Average,< 3.0 (Low),23,8.26,23,41.4
7684,1547,1200.0,Indian Rupees(Rs.),14.4,2.7,Orange,Average,< 3.0 (Low),132,13.2,132,950.4
7685,18219520,700.0,Indian Rupees(Rs.),8.4,3.4,Orange,Average,3.0 - 3.9 (Moderate),25,11.08,25,105.0
7686,18378036,200.0,Indian Rupees(Rs.),2.4,2.9,Orange,Average,< 3.0 (Low),5,5.2,5,6.0
7687,18311958,400.0,Indian Rupees(Rs.),4.8,3.3,Orange,Average,3.0 - 3.9 (Moderate),25,10.75,25,60.0
7688,8979,250.0,Indian Rupees(Rs.),3.0,3.4,Orange,Average,3.0 - 3.9 (Moderate),99,15.66,99,148.5
7689,8215,450.0,Indian Rupees(Rs.),5.4,2.8,Orange,Average,< 3.0 (Low),7,5.82,7,18.9
7690,2009,600.0,Indian Rupees(Rs.),7.2,3.4,Orange,Average,3.0 - 3.9 (Moderate),193,17.91,193,694.8
7691,6042,250.0,Indian Rupees(Rs.),3.0,3.0,Orange,Average,3.0 - 3.9 (Moderate),38,10.99,57,85.5
7692,308816,400.0,Indian Rupees(Rs.),4.8,2.8,Orange,Average,< 3.0 (Low),5,5.02,5,12.0
7693,308785,1200.0,Indian Rupees(Rs.),14.4,2.6,Orange,Average,< 3.0 (Low),86,11.61,129,928.8
7694,309769,250.0,Indian Rupees(Rs.),3.0,2.5,Orange,Average,< 3.0 (Low),18,7.36,18,27.0
7695,3779,500.0,Indian Rupees(Rs.),6.0,2.5,Orange,Average,< 3.0 (Low),163,12.75,244,732.0
7696,6127,1500.0,Indian Rupees(Rs.),18.0,2.7,Orange,Average,< 3.0 (Low),307,15.47,460,4140.0
7697,4982,600.0,Indian Rupees(Rs.),7.2,2.9,Orange,Average,< 3.0 (Low),9,6.68,9,32.4
7698,4677,600.0,Indian Rupees(Rs.),7.2,2.5,Orange,Average,< 3.0 (Low),88,11.22,132,475.2
7699,8265,500.0,Indian Rupees(Rs.),6.0,3.6,Yellow,Good,3.0 - 3.9 (Moderate),160,18.29,240,720.0
7700,312352,350.0,Indian Rupees(Rs.),4.2,3.9,Yellow,Good,3.0 - 3.9 (Moderate),96,17.84,144,302.4
7701,18285699,350.0,Indian Rupees(Rs.),4.2,3.5,Yellow,Good,3.0 - 3.9 (Moderate),54,14.03,54,113.4
7702,304987,350.0,Indian Rupees(Rs.),4.2,2.3,Red,Poor,< 3.0 (Low),45,8.81,45,94.5
7703,305386,600.0,Indian Rupees(Rs.),7.2,2.4,Red,Poor,< 3.0 (Low),117,11.45,176,633.6
7704,474,1000.0,Indian Rupees(Rs.),12.0,2.2,Red,Poor,< 3.0 (Low),79,9.64,118,708.0
7705,252,1000.0,Indian Rupees(Rs.),12.0,2.4,Red,Poor,< 3.0 (Low),224,13.0,336,2016.0
7706,5851,1500.0,Indian Rupees(Rs.),18.0,2.4,Red,Poor,< 3.0 (Low),43,9.08,43,387.0
7707,404,900.0,Indian Rupees(Rs.),10.8,2.0,Red,Poor,< 3.0 (Low),191,10.51,286,1544.4
7708,3072,600.0,Indian Rupees(Rs.),7.2,3.4,Orange,Average,3.0 - 3.9 (Moderate),398,20.36,597,2149.2
7709,234,1100.0,Indian Rupees(Rs.),13.2,3.0,Orange,Average,3.0 - 3.9 (Moderate),145,14.95,218,1438.8
7710,308,600.0,Indian Rupees(Rs.),7.2,2.8,Orange,Average,< 3.0 (Low),133,13.71,200,720.0
7711,311305,2200.0,Indian Rupees(Rs.),26.4,3.3,Orange,Average,3.0 - 3.9 (Moderate),89,14.85,89,1174.8
7712,1509,350.0,Indian Rupees(Rs.),4.2,3.7,Yellow,Good,3.0 - 3.9 (Moderate),248,20.41,372,781.2
7713,18089255,650.0,Indian Rupees(Rs.),7.8,3.8,Yellow,Good,3.0 - 3.9 (Moderate),122,18.29,183,713.7
7714,18369756,850.0,Indian Rupees(Rs.),10.2,3.8,Yellow,Good,3.0 - 3.9 (Moderate),123,18.32,184,938.4
7715,18416856,1000.0,Indian Rupees(Rs.),12.0,3.9,Yellow,Good,3.0 - 3.9 (Moderate),40,14.48,60,360.0
7716,306554,1000.0,Indian Rupees(Rs.),12.0,3.8,Yellow,Good,3.0 - 3.9 (Moderate),619,24.43,928,5568.0
7717,18287390,900.0,Indian Rupees(Rs.),10.8,3.8,Yellow,Good,3.0 - 3.9 (Moderate),43,14.38,64,345.6
7718,1060,900.0,Indian Rupees(Rs.),10.8,3.8,Yellow,Good,3.0 - 3.9 (Moderate),286,21.51,429,2316.6
7719,306859,800.0,Indian Rupees(Rs.),9.6,3.7,Yellow,Good,3.0 - 3.9 (Moderate),164,18.89,246,1180.8
7720,308621,800.0,Indian Rupees(Rs.),9.6,3.5,Yellow,Good,3.0 - 3.9 (Moderate),170,18.0,255,1224.0
7721,18218321,900.0,Indian Rupees(Rs.),10.8,3.5,Yellow,Good,3.0 - 3.9 (Moderate),95,15.98,142,766.8
7722,18337788,950.0,Indian Rupees(Rs.),11.4,3.9,Yellow,Good,3.0 - 3.9 (Moderate),191,20.5,286,1630.2
7723,2778,1500.0,Indian Rupees(Rs.),18.0,3.6,Yellow,Good,3.0 - 3.9 (Moderate),361,21.21,542,4878.0
7724,18292485,650.0,Indian Rupees(Rs.),7.8,3.8,Yellow,Good,3.0 - 3.9 (Moderate),141,18.83,212,826.8
7725,18423898,1000.0,Indian Rupees(Rs.),12.0,3.8,Yellow,Good,3.0 - 3.9 (Moderate),20,11.57,30,180.0
7726,308246,700.0,Indian Rupees(Rs.),8.4,3.7,Yellow,Good,3.0 - 3.9 (Moderate),185,19.34,278,1167.6
7727,18289277,800.0,Indian Rupees(Rs.),9.6,0.0,White,Not rated,Unrated,2,0.0,2,9.6
7728,18264997,700.0,Indian Rupees(Rs.),8.4,4.2,Green,Very Good,4.0 - 4.4 (High),193,22.13,290,1218.0
7729,18144479,650.0,Indian Rupees(Rs.),7.8,4.1,Green,Very Good,4.0 - 4.4 (High),173,21.15,260,1014.0
7730,18431179,900.0,Indian Rupees(Rs.),10.8,4.2,Green,Very Good,4.0 - 4.4 (High),62,17.4,93,502.2
7731,307032,800.0,Indian Rupees(Rs.),9.6,2.9,Orange,Average,< 3.0 (Low),252,16.05,378,1814.4
7732,305243,700.0,Indian Rupees(Rs.),8.4,2.8,Orange,Average,< 3.0 (Low),145,13.95,145,609.0
7733,9177,600.0,Indian Rupees(Rs.),7.2,3.3,Orange,Average,3.0 - 3.9 (Moderate),87,14.78,87,313.2
7734,308697,650.0,Indian Rupees(Rs.),7.8,3.3,Orange,Average,3.0 - 3.9 (Moderate),199,17.48,298,1162.2
7735,3507,500.0,Indian Rupees(Rs.),6.0,2.5,Orange,Average,< 3.0 (Low),131,12.21,196,588.0
7736,18350121,750.0,Indian Rupees(Rs.),9.0,3.9,Yellow,Good,3.0 - 3.9 (Moderate),105,18.19,158,711.0
7737,311345,600.0,Indian Rupees(Rs.),7.2,3.9,Yellow,Good,3.0 - 3.9 (Moderate),380,23.18,570,2052.0
7738,1492,500.0,Indian Rupees(Rs.),6.0,3.6,Yellow,Good,3.0 - 3.9 (Moderate),277,20.26,416,1248.0
7739,310169,850.0,Indian Rupees(Rs.),10.2,3.7,Yellow,Good,3.0 - 3.9 (Moderate),364,21.83,546,2784.6
7740,312535,350.0,Indian Rupees(Rs.),4.2,3.2,Orange,Average,3.0 - 3.9 (Moderate),22,10.03,33,69.3
7741,535,650.0,Indian Rupees(Rs.),7.8,3.3,Orange,Average,3.0 - 3.9 (Moderate),47,12.77,70,273.0
7742,304281,150.0,Indian Rupees(Rs.),1.8,3.3,Orange,Average,3.0 - 3.9 (Moderate),28,11.11,28,25.2
7743,7392,150.0,Indian Rupees(Rs.),1.8,3.1,Orange,Average,3.0 - 3.9 (Moderate),14,8.39,14,12.6
7744,2122,400.0,Indian Rupees(Rs.),4.8,3.4,Orange,Average,3.0 - 3.9 (Moderate),20,10.35,20,48.0
7745,302438,900.0,Indian Rupees(Rs.),10.8,2.9,Orange,Average,< 3.0 (Low),6,5.64,6,32.4
7746,309789,250.0,Indian Rupees(Rs.),3.0,3.1,Orange,Average,3.0 - 3.9 (Moderate),9,7.14,9,13.5
7747,313412,1500.0,Indian Rupees(Rs.),18.0,2.8,Orange,Average,< 3.0 (Low),9,6.45,14,126.0
7748,7360,350.0,Indian Rupees(Rs.),4.2,3.3,Orange,Average,3.0 - 3.9 (Moderate),23,10.49,23,48.3
7749,4317,300.0,Indian Rupees(Rs.),3.6,2.7,Orange,Average,< 3.0 (Low),26,8.9,39,70.2
7750,18458099,150.0,Indian Rupees(Rs.),1.8,3.1,Orange,Average,3.0 - 3.9 (Moderate),8,6.81,8,7.2
7751,2124,600.0,Indian Rupees(Rs.),7.2,3.1,Orange,Average,3.0 - 3.9 (Moderate),31,10.74,31,111.6
7752,2204,400.0,Indian Rupees(Rs.),4.8,3.2,Orange,Average,3.0 - 3.9 (Moderate),28,10.78,42,100.8
7753,305403,300.0,Indian Rupees(Rs.),3.6,3.3,Orange,Average,3.0 - 3.9 (Moderate),18,9.72,27,48.6
7754,775,700.0,Indian Rupees(Rs.),8.4,2.8,Orange,Average,< 3.0 (Low),299,15.97,448,1881.6
7755,18247024,1100.0,Indian Rupees(Rs.),13.2,3.3,Orange,Average,3.0 - 3.9 (Moderate),52,13.1,78,514.8
7756,303244,300.0,Indian Rupees(Rs.),3.6,3.1,Orange,Average,3.0 - 3.9 (Moderate),9,7.14,9,16.2
7757,300262,200.0,Indian Rupees(Rs.),2.4,3.3,Orange,Average,3.0 - 3.9 (Moderate),40,12.25,40,48.0
7758,18458332,300.0,Indian Rupees(Rs.),3.6,3.5,Yellow,Good,3.0 - 3.9 (Moderate),37,12.73,56,100.8
7759,7391,600.0,Indian Rupees(Rs.),7.2,3.6,Yellow,Good,3.0 - 3.9 (Moderate),80,15.82,80,288.0
7760,18198434,450.0,Indian Rupees(Rs.),5.4,3.6,Yellow,Good,3.0 - 3.9 (Moderate),34,12.8,34,91.8
7761,18371408,900.0,Indian Rupees(Rs.),10.8,3.5,Yellow,Good,3.0 - 3.9 (Moderate),21,10.82,32,172.8
7762,308007,1700.0,Indian Rupees(Rs.),20.4,3.7,Yellow,Good,3.0 - 3.9 (Moderate),76,16.07,76,775.2
7763,18227685,250.0,Indian Rupees(Rs.),3.0,0.0,White,Not rated,Unrated,0,0.0,0,0.0
7764,18394443,400.0,Indian Rupees(Rs.),4.8,0.0,White,Not rated,Unrated,1,0.0,1,2.4
7765,18312585,450.0,Indian Rupees(Rs.),5.4,0.0,White,Not rated,Unrated,2,0.0,2,5.4
7766,18358669,300.0,Indian Rupees(Rs.),3.6,0.0,White,Not rated,Unrated,2,0.0,2,3.6
7767,18279461,400.0,Indian Rupees(Rs.),4.8,0.0,White,Not rated,Unrated,3,0.0,3,7.2
7768,18463329,200.0,Indian Rupees(Rs.),2.4,0.0,White,Not rated,Unrated,1,0.0,1,1.2
7769,18277185,1000.0,Indian Rupees(Rs.),12.0,0.0,White,Not rated,Unrated,2,0.0,2,12.0
7770,18358667,200.0,Indian Rupees(Rs.),2.4,0.0,White,Not rated,Unrated,1,0.0,1,1.2
7771,18415363,200.0,Indian Rupees(Rs.),2.4,0.0,White,Not rated,Unrated,0,0.0,0,0.0
7772,18440933,500.0,Indian Rupees(Rs.),6.0,0.0,White,Not rated,Unrated,1,0.0,1,3.0
7773,18397698,600.0,Indian Rupees(Rs.),7.2,0.0,White,Not rated,Unrated,0,0.0,0,0.0
7774,18492083,600.0,Indian Rupees(Rs.),7.2,0.0,White,Not rated,Unrated,0,0.0,0,0.0
7775,18289247,2000.0,Indian Rupees(Rs.),24.0,4.3,Green,Very Good,4.0 - 4.4 (High),114,20.4,114,1368.0
7776,8530,50.0,Indian Rupees(Rs.),0.6,2.8,Orange,Average,< 3.0 (Low),7,5.82,7,2.1
7777,8501,150.0,Indian Rupees(Rs.),1.8,2.9,Orange,Average,< 3.0 (Low),16,8.22,16,14.4
7778,8520,350.0,Indian Rupees(Rs.),4.2,3.0,Orange,Average,3.0 - 3.9 (Moderate),31,10.4,31,65.1
7779,311184,500.0,Indian Rupees(Rs.),6.0,2.8,Orange,Average,< 3.0 (Low),7,5.82,7,21.0
7780,18217007,400.0,Indian Rupees(Rs.),4.8,3.2,Orange,Average,3.0 - 3.9 (Moderate),13,8.44,13,31.2
7781,18342098,400.0,Indian Rupees(Rs.),4.8,3.1,Orange,Average,3.0 - 3.9 (Moderate),36,11.19,54,129.6
7782,311231,700.0,Indian Rupees(Rs.),8.4,2.6,Orange,Average,< 3.0 (Low),17,7.51,17,71.4
7783,310876,450.0,Indian Rupees(Rs.),5.4,3.3,Orange,Average,3.0 - 3.9 (Moderate),32,11.54,32,86.4
7784,18265408,300.0,Indian Rupees(Rs.),3.6,3.0,Orange,Average,3.0 - 3.9 (Moderate),5,5.38,5,9.0
7785,312517,250.0,Indian Rupees(Rs.),3.0,3.4,Orange,Average,3.0 - 3.9 (Moderate),31,11.78,31,46.5
7786,312783,350.0,Indian Rupees(Rs.),4.2,3.3,Orange,Average,3.0 - 3.9 (Moderate),30,11.33,30,63.0
7787,307920,550.0,Indian Rupees(Rs.),6.6,2.9,Orange,Average,< 3.0 (Low),14,7.85,14,46.2
7788,311253,200.0,Indian Rupees(Rs.),2.4,2.9,Orange,Average,< 3.0 (Low),4,4.67,4,4.8
7789,307290,400.0,Indian Rupees(Rs.),4.8,2.9,Orange,Average,< 3.0 (Low),10,6.95,10,24.0
7790,8532,100.0,Indian Rupees(Rs.),1.2,3.1,Orange,Average,3.0 - 3.9 (Moderate),16,8.78,16,9.6
7791,18323036,200.0,Indian Rupees(Rs.),2.4,3.0,Orange,Average,3.0 - 3.9 (Moderate),4,4.83,4,4.8
7792,18325165,400.0,Indian Rupees(Rs.),4.8,3.7,Yellow,Good,3.0 - 3.9 (Moderate),32,12.94,48,115.2
7793,311248,300.0,Indian Rupees(Rs.),3.6,0.0,White,Not rated,Unrated,3,0.0,3,5.4
7794,18424207,150.0,Indian Rupees(Rs.),1.8,0.0,White,Not rated,Unrated,0,0.0,0,0.0
7795,18420697,150.0,Indian Rupees(Rs.),1.8,0.0,White,Not rated,Unrated,0,0.0,0,0.0
7796,18424648,100.0,Indian Rupees(Rs.),1.2,0.0,White,Not rated,Unrated,0,0.0,0,0.0
7797,18376497,300.0,Indian Rupees(Rs.),3.6,0.0,White,Not rated,Unrated,0,0.0,0,0.0
7798,18377898,200.0,Indian Rupees(Rs.),2.4,0.0,White,Not rated,Unrated,0,0.0,0,0.0
7799,18423889,100.0,Indian Rupees(Rs.),1.2,0.0,White,Not rated,Unrated,0,0.0,0,0.0
7800,18424638,150.0,Indian Rupees(Rs.),1.8,0.0,White,Not rated,Unrated,0,0.0,0,0.0
7801,18424661,250.0,Indian Rupees(Rs.),3.0,0.0,White,Not rated,Unrated,0,0.0,0,0.0
7802,18375390,100.0,Indian Rupees(Rs.),1.2,0.0,White,Not rated,Unrated,2,0.0,2,1.2
7803,18377902,350.0,Indian Rupees(Rs.),4.2,0.0,White,Not rated,Unrated,1,0.0,1,2.1
7804,18430246,350.0,Indian Rupees(Rs.),4.2,0.0,White,Not rated,Unrated,1,0.0,1,2.1
7805,18425318,300.0,Indian Rupees(Rs.),3.6,0.0,White,Not rated,Unrated,0,0.0,0,0.0
7806,18336496,300.0,Indian Rupees(Rs.),3.6,0.0,White,Not rated,Unrated,3,0.0,3,5.4
7807,18429388,200.0,Indian Rupees(Rs.),2.4,0.0,White,Not rated,Unrated,0,0.0,0,0.0
7808,18499026,300.0,Indian Rupees(Rs.),3.6,0.0,White,Not rated,Unrated,0,0.0,0,0.0
7809,18424202,50.0,Indian Rupees(Rs.),0.6,0.0,White,Not rated,Unrated,0,0.0,0,0.0
7810,18434964,150.0,Indian Rupees(Rs.),1.8,0.0,White,Not rated,Unrated,0,0.0,0,0.0
7811,18377909,250.0,Indian Rupees(Rs.),3.0,0.0,White,Not rated,Unrated,0,0.0,0,0.0
7812,18390095,150.0,Indian Rupees(Rs.),1.8,0.0,White,Not rated,Unrated,2,0.0,2,1.8
7813,18423894,100.0,Indian Rupees(Rs.),1.2,0.0,White,Not rated,Unrated,3,0.0,3,1.8
7814,18414502,400.0,Indian Rupees(Rs.),4.8,0.0,White,Not rated,Unrated,1,0.0,1,2.4
7815,18419424,500.0,Indian Rupees(Rs.),6.0,0.0,White,Not rated,Unrated,0,0.0,0,0.0
7816,18377900,400.0,Indian Rupees(Rs.),4.8,0.0,White,Not rated,Unrated,0,0.0,0,0.0
7817,18424582,150.0,Indian Rupees(Rs.),1.8,0.0,White,Not rated,Unrated,0,0.0,0,0.0
7818,18424654,150.0,Indian Rupees(Rs.),1.8,0.0,White,Not rated,Unrated,0,0.0,0,0.0
7819,18424650,500.0,Indian Rupees(Rs.),6.0,0.0,White,Not rated,Unrated,0,0.0,0,0.0
7820,18423118,400.0,Indian Rupees(Rs.),4.8,0.0,White,Not rated,Unrated,0,0.0,0,0.0
7821,18251459,400.0,Indian Rupees(Rs.),4.8,0.0,White,Not rated,Unrated,1,0.0,1,2.4
7822,18424208,150.0,Indian Rupees(Rs.),1.8,0.0,White,Not rated,Unrated,0,0.0,0,0.0
7823,18424656,200.0,Indian Rupees(Rs.),2.4,0.0,White,Not rated,Unrated,0,0.0,0,0.0
7824,18375387,400.0,Indian Rupees(Rs.),4.8,0.0,White,Not rated,Unrated,0,0.0,0,0.0
7825,18424200,150.0,Indian Rupees(Rs.),1.8,0.0,White,Not rated,Unrated,0,0.0,0,0.0
7826,18377895,200.0,Indian Rupees(Rs.),2.4,0.0,White,Not rated,Unrated,1,0.0,1,1.2
7827,300961,250.0,Indian Rupees(Rs.),3.0,0.0,White,Not rated,Unrated,3,0.0,3,4.5
7828,18424640,150.0,Indian Rupees(Rs.),1.8,0.0,White,Not rated,Unrated,0,0.0,0,0.0
7829,18424584,200.0,Indian Rupees(Rs.),2.4,0.0,White,Not rated,Unrated,2,0.0,2,2.4
7830,18424188,100.0,Indian Rupees(Rs.),1.2,0.0,White,Not rated,Unrated,0,0.0,0,0.0
7831,18372694,50.0,Indian Rupees(Rs.),0.6,0.0,White,Not rated,Unrated,0,0.0,0,0.0
7832,18371398,100.0,Indian Rupees(Rs.),1.2,0.0,White,Not rated,Unrated,1,0.0,1,0.6
7833,18409206,300.0,Indian Rupees(Rs.),3.6,0.0,White,Not rated,Unrated,0,0.0,0,0.0
7834,18429386,100.0,Indian Rupees(Rs.),1.2,0.0,White,Not rated,Unrated,0,0.0,0,0.0
7835,18396190,400.0,Indian Rupees(Rs.),4.8,0.0,White,Not rated,Unrated,0,0.0,0,0.0
7836,18424192,150.0,Indian Rupees(Rs.),1.8,0.0,White,Not rated,Unrated,0,0.0,0,0.0
7837,18499493,500.0,Indian Rupees(Rs.),6.0,0.0,White,Not rated,Unrated,0,0.0,0,0.0
7838,18322647,800.0,Indian Rupees(Rs.),9.6,3.3,Orange,Average,3.0 - 3.9 (Moderate),43,12.49,43,206.4
7839,6654,300.0,Indian Rupees(Rs.),3.6,3.1,Orange,Average,3.0 - 3.9 (Moderate),25,10.1,25,45.0
7840,300941,300.0,Indian Rupees(Rs.),3.6,3.4,Orange,Average,3.0 - 3.9 (Moderate),43,12.87,43,77.4
7841,18263693,300.0,Indian Rupees(Rs.),3.6,3.1,Orange,Average,3.0 - 3.9 (Moderate),10,7.43,10,18.0
7842,18245248,200.0,Indian Rupees(Rs.),2.4,3.0,Orange,Average,3.0 - 3.9 (Moderate),16,8.5,16,19.2
7843,305275,500.0,Indian Rupees(Rs.),6.0,3.4,Orange,Average,3.0 - 3.9 (Moderate),168,17.44,252,756.0
7844,18337490,200.0,Indian Rupees(Rs.),2.4,3.3,Orange,Average,3.0 - 3.9 (Moderate),12,8.46,18,21.6
7845,312364,350.0,Indian Rupees(Rs.),4.2,3.3,Orange,Average,3.0 - 3.9 (Moderate),27,11.0,27,56.7
7846,312422,200.0,Indian Rupees(Rs.),2.4,2.9,Orange,Average,< 3.0 (Low),19,8.69,19,22.8
7847,18359295,400.0,Indian Rupees(Rs.),4.8,3.1,Orange,Average,3.0 - 3.9 (Moderate),15,8.6,22,52.8
7848,307369,800.0,Indian Rupees(Rs.),9.6,3.3,Orange,Average,3.0 - 3.9 (Moderate),732,21.77,1098,5270.4
7849,308811,800.0,Indian Rupees(Rs.),9.6,3.4,Orange,Average,3.0 - 3.9 (Moderate),430,20.62,645,3096.0
7850,18273624,900.0,Indian Rupees(Rs.),10.8,4.6,Dark Green,Excellent,4.5 - 5.0 (Top Tier),1136,32.37,1136,6134.4
7851,18175303,300.0,Indian Rupees(Rs.),3.6,3.8,Yellow,Good,3.0 - 3.9 (Moderate),114,18.03,114,205.2
7852,310532,600.0,Indian Rupees(Rs.),7.2,3.8,Yellow,Good,3.0 - 3.9 (Moderate),429,23.04,429,1544.4
7853,312420,250.0,Indian Rupees(Rs.),3.0,3.5,Yellow,Good,3.0 - 3.9 (Moderate),65,14.66,98,147.0
7854,308155,700.0,Indian Rupees(Rs.),8.4,3.5,Yellow,Good,3.0 - 3.9 (Moderate),349,20.5,524,2200.8
7855,305856,500.0,Indian Rupees(Rs.),6.0,3.6,Yellow,Good,3.0 - 3.9 (Moderate),480,22.23,480,1440.0
7856,308950,400.0,Indian Rupees(Rs.),4.8,3.6,Yellow,Good,3.0 - 3.9 (Moderate),314,20.71,314,753.6
7857,17977767,800.0,Indian Rupees(Rs.),9.6,3.7,Yellow,Good,3.0 - 3.9 (Moderate),344,21.62,516,2476.8
7858,18359288,150.0,Indian Rupees(Rs.),1.8,3.5,Yellow,Good,3.0 - 3.9 (Moderate),18,10.31,18,16.2
7859,1199,800.0,Indian Rupees(Rs.),9.6,3.9,Yellow,Good,3.0 - 3.9 (Moderate),419,23.56,628,3014.4
7860,312365,150.0,Indian Rupees(Rs.),1.8,3.5,Yellow,Good,3.0 - 3.9 (Moderate),27,11.66,27,24.3
7861,17989097,700.0,Indian Rupees(Rs.),8.4,3.5,Yellow,Good,3.0 - 3.9 (Moderate),359,20.6,538,2259.6
7862,18233584,500.0,Indian Rupees(Rs.),6.0,3.6,Yellow,Good,3.0 - 3.9 (Moderate),555,22.75,832,2496.0
7863,18241524,900.0,Indian Rupees(Rs.),10.8,4.1,Green,Very Good,4.0 - 4.4 (High),506,25.54,506,2732.4
7864,301700,600.0,Indian Rupees(Rs.),7.2,4.3,Green,Very Good,4.0 - 4.4 (High),3986,35.65,3986,14349.6
7865,303849,400.0,Indian Rupees(Rs.),4.8,4.2,Green,Very Good,4.0 - 4.4 (High),741,27.76,741,1778.4
7866,18258484,800.0,Indian Rupees(Rs.),9.6,4.1,Green,Very Good,4.0 - 4.4 (High),636,26.47,954,4579.2
7867,18157386,200.0,Indian Rupees(Rs.),2.4,4.4,Green,Very Good,4.0 - 4.4 (High),163,22.44,244,292.8
7868,18455949,350.0,Indian Rupees(Rs.),4.2,4.0,Green,Very Good,4.0 - 4.4 (High),90,18.04,90,189.0
7869,18337907,300.0,Indian Rupees(Rs.),3.6,3.4,Orange,Average,3.0 - 3.9 (Moderate),19,10.19,19,34.2
7870,18441677,300.0,Indian Rupees(Rs.),3.6,0.0,White,Not rated,Unrated,0,0.0,0,0.0
7871,18355037,250.0,Indian Rupees(Rs.),3.0,3.3,Orange,Average,3.0 - 3.9 (Moderate),15,9.15,15,22.5
7872,18124369,300.0,Indian Rupees(Rs.),3.6,3.3,Orange,Average,3.0 - 3.9 (Moderate),23,10.49,23,41.4
7873,18221405,300.0,Indian Rupees(Rs.),3.6,3.4,Orange,Average,3.0 - 3.9 (Moderate),28,11.45,28,50.4
7874,302166,150.0,Indian Rupees(Rs.),1.8,2.8,Orange,Average,< 3.0 (Low),14,7.58,14,12.6
7875,8696,400.0,Indian Rupees(Rs.),4.8,3.0,Orange,Average,3.0 - 3.9 (Moderate),41,11.21,41,98.4
7876,6925,450.0,Indian Rupees(Rs.),5.4,3.0,Orange,Average,3.0 - 3.9 (Moderate),16,8.5,16,43.2
7877,300459,200.0,Indian Rupees(Rs.),2.4,2.7,Orange,Average,< 3.0 (Low),11,6.71,11,13.2
7878,2403,500.0,Indian Rupees(Rs.),6.0,2.6,Orange,Average,< 3.0 (Low),20,7.92,20,60.0
7879,8695,400.0,Indian Rupees(Rs.),4.8,3.3,Orange,Average,3.0 - 3.9 (Moderate),55,13.28,55,132.0
7880,311396,350.0,Indian Rupees(Rs.),4.2,2.9,Orange,Average,< 3.0 (Low),6,5.64,6,12.6
7881,18333392,400.0,Indian Rupees(Rs.),4.8,3.0,Orange,Average,3.0 - 3.9 (Moderate),6,5.84,6,14.4
7882,18287378,750.0,Indian Rupees(Rs.),9.0,3.2,Orange,Average,3.0 - 3.9 (Moderate),20,9.74,20,90.0
7883,307195,850.0,Indian Rupees(Rs.),10.2,3.3,Orange,Average,3.0 - 3.9 (Moderate),16,9.35,16,81.6
7884,300440,100.0,Indian Rupees(Rs.),1.2,3.2,Orange,Average,3.0 - 3.9 (Moderate),17,9.25,17,10.2
7885,4793,350.0,Indian Rupees(Rs.),4.2,2.6,Orange,Average,< 3.0 (Low),44,9.9,44,92.4
7886,18478982,600.0,Indian Rupees(Rs.),7.2,3.1,Orange,Average,3.0 - 3.9 (Moderate),5,5.55,8,28.8
7887,18322639,300.0,Indian Rupees(Rs.),3.6,3.0,Orange,Average,3.0 - 3.9 (Moderate),5,5.38,5,9.0
7888,18285737,100.0,Indian Rupees(Rs.),1.2,3.3,Orange,Average,3.0 - 3.9 (Moderate),26,10.88,26,15.6
7889,18204810,100.0,Indian Rupees(Rs.),1.2,3.1,Orange,Average,3.0 - 3.9 (Moderate),8,6.81,8,4.8
7890,301380,300.0,Indian Rupees(Rs.),3.6,3.3,Orange,Average,3.0 - 3.9 (Moderate),21,10.2,21,37.8
7891,18277000,600.0,Indian Rupees(Rs.),7.2,3.2,Orange,Average,3.0 - 3.9 (Moderate),13,8.44,13,46.8
7892,300461,300.0,Indian Rupees(Rs.),3.6,3.4,Orange,Average,3.0 - 3.9 (Moderate),33,11.99,33,59.4
7893,3654,500.0,Indian Rupees(Rs.),6.0,2.6,Orange,Average,< 3.0 (Low),33,9.17,33,99.0
7894,18264996,200.0,Indian Rupees(Rs.),2.4,3.1,Orange,Average,3.0 - 3.9 (Moderate),8,6.81,8,9.6
7895,301377,300.0,Indian Rupees(Rs.),3.6,3.3,Orange,Average,3.0 - 3.9 (Moderate),33,11.64,33,59.4
7896,8680,200.0,Indian Rupees(Rs.),2.4,3.0,Orange,Average,3.0 - 3.9 (Moderate),10,7.19,10,12.0
7897,18246995,350.0,Indian Rupees(Rs.),4.2,2.8,Orange,Average,< 3.0 (Low),31,9.7,46,96.6
7898,4785,300.0,Indian Rupees(Rs.),3.6,3.1,Orange,Average,3.0 - 3.9 (Moderate),34,11.02,34,61.2
7899,2402,600.0,Indian Rupees(Rs.),7.2,2.8,Orange,Average,< 3.0 (Low),20,8.52,20,72.0
7900,300406,300.0,Indian Rupees(Rs.),3.6,3.1,Orange,Average,3.0 - 3.9 (Moderate),12,7.95,12,21.6
7901,311390,650.0,Indian Rupees(Rs.),7.8,3.1,Orange,Average,3.0 - 3.9 (Moderate),24,9.98,24,93.6
7902,4164,350.0,Indian Rupees(Rs.),4.2,2.7,Orange,Average,< 3.0 (Low),44,10.28,66,138.6
7903,18365391,350.0,Indian Rupees(Rs.),4.2,3.3,Orange,Average,3.0 - 3.9 (Moderate),15,9.15,15,31.5
7904,8508,400.0,Indian Rupees(Rs.),4.8,3.1,Orange,Average,3.0 - 3.9 (Moderate),17,8.96,17,40.8
7905,1305,400.0,Indian Rupees(Rs.),4.8,2.8,Orange,Average,< 3.0 (Low),37,10.19,37,88.8
7906,18245289,250.0,Indian Rupees(Rs.),3.0,3.2,Orange,Average,3.0 - 3.9 (Moderate),10,7.67,10,15.0
7907,18057797,300.0,Indian Rupees(Rs.),3.6,3.2,Orange,Average,3.0 - 3.9 (Moderate),9,7.37,9,16.2
7908,300472,400.0,Indian Rupees(Rs.),4.8,3.1,Orange,Average,3.0 - 3.9 (Moderate),23,9.85,23,55.2
7909,18247014,550.0,Indian Rupees(Rs.),6.6,3.4,Orange,Average,3.0 - 3.9 (Moderate),23,10.81,23,75.9
7910,4790,450.0,Indian Rupees(Rs.),5.4,2.8,Orange,Average,< 3.0 (Low),11,6.96,11,29.7
7911,8707,100.0,Indian Rupees(Rs.),1.2,3.0,Orange,Average,3.0 - 3.9 (Moderate),4,4.83,4,2.4
7912,302183,100.0,Indian Rupees(Rs.),1.2,3.0,Orange,Average,3.0 - 3.9 (Moderate),4,4.83,4,2.4
7913,4792,350.0,Indian Rupees(Rs.),4.2,3.3,Orange,Average,3.0 - 3.9 (Moderate),42,12.41,42,88.2
7914,2362,250.0,Indian Rupees(Rs.),3.0,3.4,Orange,Average,3.0 - 3.9 (Moderate),35,12.18,35,52.5
7915,4338,800.0,Indian Rupees(Rs.),9.6,2.6,Orange,Average,< 3.0 (Low),43,9.84,43,206.4
7916,309198,500.0,Indian Rupees(Rs.),6.0,2.6,Orange,Average,< 3.0 (Low),28,8.75,42,126.0
7917,300457,200.0,Indian Rupees(Rs.),2.4,3.2,Orange,Average,3.0 - 3.9 (Moderate),17,9.25,17,20.4
7918,312201,1150.0,Indian Rupees(Rs.),13.8,3.4,Orange,Average,3.0 - 3.9 (Moderate),40,12.63,60,414.0
7919,3657,600.0,Indian Rupees(Rs.),7.2,3.4,Orange,Average,3.0 - 3.9 (Moderate),26,11.21,26,93.6
7920,310640,600.0,Indian Rupees(Rs.),7.2,3.2,Orange,Average,3.0 - 3.9 (Moderate),49,12.52,49,176.4
7921,309323,1100.0,Indian Rupees(Rs.),13.2,3.2,Orange,Average,3.0 - 3.9 (Moderate),31,11.09,31,204.6
7922,311333,300.0,Indian Rupees(Rs.),3.6,3.1,Orange,Average,3.0 - 3.9 (Moderate),7,6.45,7,12.6
7923,5925,100.0,Indian Rupees(Rs.),1.2,2.6,Orange,Average,< 3.0 (Low),42,9.78,42,25.2
7924,312448,300.0,Indian Rupees(Rs.),3.6,3.5,Yellow,Good,3.0 - 3.9 (Moderate),36,12.64,36,64.8
7925,311600,700.0,Indian Rupees(Rs.),8.4,3.5,Yellow,Good,3.0 - 3.9 (Moderate),56,14.15,56,235.2
7926,18365871,600.0,Indian Rupees(Rs.),7.2,0.0,White,Not rated,Unrated,3,0.0,3,10.8
7927,18466393,300.0,Indian Rupees(Rs.),3.6,0.0,White,Not rated,Unrated,1,0.0,1,1.8
7928,18258762,200.0,Indian Rupees(Rs.),2.4,0.0,White,Not rated,Unrated,3,0.0,3,3.6
7929,18489507,500.0,Indian Rupees(Rs.),6.0,0.0,White,Not rated,Unrated,2,0.0,2,6.0
7930,3665,600.0,Indian Rupees(Rs.),7.2,2.3,Red,Poor,< 3.0 (Low),26,7.58,39,140.4
7931,309473,350.0,Indian Rupees(Rs.),4.2,2.8,Orange,Average,< 3.0 (Low),14,7.58,14,29.4
7932,8502,100.0,Indian Rupees(Rs.),1.2,2.9,Orange,Average,< 3.0 (Low),5,5.2,5,3.0
7933,18303857,400.0,Indian Rupees(Rs.),4.8,3.4,Orange,Average,3.0 - 3.9 (Moderate),33,11.99,50,120.0
7934,6264,450.0,Indian Rupees(Rs.),5.4,3.3,Orange,Average,3.0 - 3.9 (Moderate),114,15.66,171,461.7
7935,18419896,350.0,Indian Rupees(Rs.),4.2,3.1,Orange,Average,3.0 - 3.9 (Moderate),7,6.45,10,21.0
7936,18291215,200.0,Indian Rupees(Rs.),2.4,3.2,Orange,Average,3.0 - 3.9 (Moderate),12,8.21,12,14.4
7937,18264964,400.0,Indian Rupees(Rs.),4.8,3.0,Orange,Average,3.0 - 3.9 (Moderate),6,5.84,6,14.4
7938,18420420,300.0,Indian Rupees(Rs.),3.6,3.3,Orange,Average,3.0 - 3.9 (Moderate),12,8.46,12,21.6
7939,310604,600.0,Indian Rupees(Rs.),7.2,2.6,Orange,Average,< 3.0 (Low),54,10.42,54,194.4
7940,18225627,450.0,Indian Rupees(Rs.),5.4,3.1,Orange,Average,3.0 - 3.9 (Moderate),5,5.55,5,13.5
7941,6251,400.0,Indian Rupees(Rs.),4.8,2.5,Orange,Average,< 3.0 (Low),51,9.88,51,122.4
7942,6253,400.0,Indian Rupees(Rs.),4.8,3.3,Orange,Average,3.0 - 3.9 (Moderate),21,10.2,21,50.4
7943,18249080,400.0,Indian Rupees(Rs.),4.8,3.2,Orange,Average,3.0 - 3.9 (Moderate),10,7.67,10,24.0
7944,18364535,400.0,Indian Rupees(Rs.),4.8,2.9,Orange,Average,< 3.0 (Low),4,4.67,4,9.6
7945,18128871,500.0,Indian Rupees(Rs.),6.0,3.5,Yellow,Good,3.0 - 3.9 (Moderate),37,12.73,56,168.0
7946,18124355,600.0,Indian Rupees(Rs.),7.2,3.8,Yellow,Good,3.0 - 3.9 (Moderate),122,18.29,183,658.8
7947,304598,800.0,Indian Rupees(Rs.),9.6,3.6,Yellow,Good,3.0 - 3.9 (Moderate),126,17.44,189,907.2
7948,18380891,300.0,Indian Rupees(Rs.),3.6,3.6,Yellow,Good,3.0 - 3.9 (Moderate),35,12.9,52,93.6
7949,18458629,500.0,Indian Rupees(Rs.),6.0,3.6,Yellow,Good,3.0 - 3.9 (Moderate),26,11.87,26,78.0
7950,6240,600.0,Indian Rupees(Rs.),7.2,3.6,Yellow,Good,3.0 - 3.9 (Moderate),168,18.47,168,604.8
7951,18420428,200.0,Indian Rupees(Rs.),2.4,0.0,White,Not rated,Unrated,0,0.0,0,0.0
7952,18418262,150.0,Indian Rupees(Rs.),1.8,0.0,White,Not rated,Unrated,0,0.0,0,0.0
7953,18418276,500.0,Indian Rupees(Rs.),6.0,0.0,White,Not rated,Unrated,0,0.0,0,0.0
7954,18421469,300.0,Indian Rupees(Rs.),3.6,0.0,White,Not rated,Unrated,0,0.0,0,0.0
7955,18421467,150.0,Indian Rupees(Rs.),1.8,0.0,White,Not rated,Unrated,0,0.0,0,0.0
7956,18446390,100.0,Indian Rupees(Rs.),1.2,0.0,White,Not rated,Unrated,0,0.0,0,0.0
7957,18421471,300.0,Indian Rupees(Rs.),3.6,0.0,White,Not rated,Unrated,0,0.0,0,0.0
7958,18377897,300.0,Indian Rupees(Rs.),3.6,0.0,White,Not rated,Unrated,1,0.0,1,1.8
7959,18419871,200.0,Indian Rupees(Rs.),2.4,0.0,White,Not rated,Unrated,0,0.0,0,0.0
7960,18420424,250.0,Indian Rupees(Rs.),3.0,0.0,White,Not rated,Unrated,0,0.0,0,0.0
7961,18377901,300.0,Indian Rupees(Rs.),3.6,0.0,White,Not rated,Unrated,0,0.0,0,0.0
7962,18291232,250.0,Indian Rupees(Rs.),3.0,0.0,White,Not rated,Unrated,0,0.0,0,0.0
7963,18445361,400.0,Indian Rupees(Rs.),4.8,0.0,White,Not rated,Unrated,0,0.0,0,0.0
7964,1613,350.0,Indian Rupees(Rs.),4.2,2.4,Red,Poor,< 3.0 (Low),29,8.16,29,60.9
7965,18216911,400.0,Indian Rupees(Rs.),4.8,2.2,Red,Poor,< 3.0 (Low),64,9.18,96,230.4
7966,310440,300.0,Indian Rupees(Rs.),3.6,2.4,Red,Poor,< 3.0 (Low),10,5.75,15,27.0
7967,4740,300.0,Indian Rupees(Rs.),3.6,2.6,Orange,Average,< 3.0 (Low),19,7.79,19,34.2
7968,2044,400.0,Indian Rupees(Rs.),4.8,3.4,Orange,Average,3.0 - 3.9 (Moderate),35,12.18,35,84.0
7969,306064,250.0,Indian Rupees(Rs.),3.0,3.0,Orange,Average,3.0 - 3.9 (Moderate),24,9.66,24,36.0
7970,6553,150.0,Indian Rupees(Rs.),1.8,3.2,Orange,Average,3.0 - 3.9 (Moderate),8,7.03,8,7.2
7971,18363089,200.0,Indian Rupees(Rs.),2.4,0.0,White,Not rated,Unrated,0,0.0,0,0.0
7972,18294257,200.0,Indian Rupees(Rs.),2.4,0.0,White,Not rated,Unrated,0,0.0,0,0.0
7973,349,350.0,Indian Rupees(Rs.),4.2,3.4,Orange,Average,3.0 - 3.9 (Moderate),86,15.18,86,180.6
7974,3455,500.0,Indian Rupees(Rs.),6.0,2.1,Red,Poor,< 3.0 (Low),152,10.56,228,684.0
7975,1115,1500.0,Indian Rupees(Rs.),18.0,3.5,Yellow,Good,3.0 - 3.9 (Moderate),178,18.16,178,1602.0
7976,311506,500.0,Indian Rupees(Rs.),6.0,3.4,Orange,Average,3.0 - 3.9 (Moderate),86,15.18,129,387.0
7977,3974,400.0,Indian Rupees(Rs.),4.8,3.5,Yellow,Good,3.0 - 3.9 (Moderate),216,18.83,216,518.4
7978,18163893,400.0,Indian Rupees(Rs.),4.8,3.7,Yellow,Good,3.0 - 3.9 (Moderate),83,16.39,124,297.6
7979,313093,400.0,Indian Rupees(Rs.),4.8,4.1,Green,Very Good,4.0 - 4.4 (High),491,25.41,736,1766.4
7980,18384135,400.0,Indian Rupees(Rs.),4.8,3.1,Orange,Average,3.0 - 3.9 (Moderate),5,5.55,5,12.0
7981,18337772,600.0,Indian Rupees(Rs.),7.2,3.2,Orange,Average,3.0 - 3.9 (Moderate),17,9.25,17,61.2
7982,18316173,500.0,Indian Rupees(Rs.),6.0,3.1,Orange,Average,3.0 - 3.9 (Moderate),25,10.1,38,114.0
7983,18336491,350.0,Indian Rupees(Rs.),4.2,3.1,Orange,Average,3.0 - 3.9 (Moderate),8,6.81,8,16.8
7984,18306524,1000.0,Indian Rupees(Rs.),12.0,3.6,Yellow,Good,3.0 - 3.9 (Moderate),22,11.29,22,132.0
7985,18390311,500.0,Indian Rupees(Rs.),6.0,0.0,White,Not rated,Unrated,3,0.0,3,9.0
7986,18446491,550.0,Indian Rupees(Rs.),6.6,0.0,White,Not rated,Unrated,3,0.0,3,9.9
7987,18334400,600.0,Indian Rupees(Rs.),7.2,0.0,White,Not rated,Unrated,3,0.0,3,10.8
7988,18474934,300.0,Indian Rupees(Rs.),3.6,0.0,White,Not rated,Unrated,1,0.0,1,1.8
7989,18416747,300.0,Indian Rupees(Rs.),3.6,0.0,White,Not rated,Unrated,0,0.0,0,0.0
7990,18415376,600.0,Indian Rupees(Rs.),7.2,0.0,White,Not rated,Unrated,3,0.0,4,14.4
7991,18446483,1000.0,Indian Rupees(Rs.),12.0,0.0,White,Not rated,Unrated,1,0.0,1,6.0
7992,18409199,650.0,Indian Rupees(Rs.),7.8,0.0,White,Not rated,Unrated,2,0.0,2,7.8
7993,18446485,800.0,Indian Rupees(Rs.),9.6,0.0,White,Not rated,Unrated,0,0.0,0,0.0
7994,18439530,700.0,Indian Rupees(Rs.),8.4,0.0,White,Not rated,Unrated,3,0.0,3,12.6
7995,18279456,600.0,Indian Rupees(Rs.),7.2,2.7,Orange,Average,< 3.0 (Low),33,9.52,50,180.0
7996,304475,150.0,Indian Rupees(Rs.),1.8,3.3,Orange,Average,3.0 - 3.9 (Moderate),39,12.17,39,35.1
7997,311971,400.0,Indian Rupees(Rs.),4.8,3.1,Orange,Average,3.0 - 3.9 (Moderate),9,7.14,9,21.6
7998,1918,250.0,Indian Rupees(Rs.),3.0,3.3,Orange,Average,3.0 - 3.9 (Moderate),28,11.11,28,42.0
7999,3467,350.0,Indian Rupees(Rs.),4.2,3.1,Orange,Average,3.0 - 3.9 (Moderate),30,10.65,30,63.0
8000,18265698,600.0,Indian Rupees(Rs.),7.2,2.7,Orange,Average,< 3.0 (Low),5,4.84,5,18.0
8001,7457,300.0,Indian Rupees(Rs.),3.6,2.7,Orange,Average,< 3.0 (Low),52,10.72,52,93.6
8002,18175274,350.0,Indian Rupees(Rs.),4.2,2.9,Orange,Average,< 3.0 (Low),5,5.2,5,10.5
8003,3469,600.0,Indian Rupees(Rs.),7.2,3.2,Orange,Average,3.0 - 3.9 (Moderate),46,12.32,46,165.6
8004,2605,1000.0,Indian Rupees(Rs.),12.0,3.0,Orange,Average,3.0 - 3.9 (Moderate),42,11.28,42,252.0
8005,4640,400.0,Indian Rupees(Rs.),4.8,2.7,Orange,Average,< 3.0 (Low),128,13.12,192,460.8
8006,928,450.0,Indian Rupees(Rs.),5.4,3.2,Orange,Average,3.0 - 3.9 (Moderate),30,10.99,30,81.0
8007,312756,400.0,Indian Rupees(Rs.),4.8,2.7,Orange,Average,< 3.0 (Low),8,5.93,8,19.2
8008,309505,450.0,Indian Rupees(Rs.),5.4,3.0,Orange,Average,3.0 - 3.9 (Moderate),25,9.77,25,67.5
8009,9890,150.0,Indian Rupees(Rs.),1.8,3.9,Yellow,Good,3.0 - 3.9 (Moderate),109,18.33,109,98.1
8010,954,500.0,Indian Rupees(Rs.),6.0,3.7,Yellow,Good,3.0 - 3.9 (Moderate),334,21.51,501,1503.0
8011,18357525,150.0,Indian Rupees(Rs.),1.8,0.0,White,Not rated,Unrated,2,0.0,2,1.8
8012,18265700,300.0,Indian Rupees(Rs.),3.6,0.0,White,Not rated,Unrated,3,0.0,3,5.4
8013,18252382,350.0,Indian Rupees(Rs.),4.2,0.0,White,Not rated,Unrated,0,0.0,0,0.0
8014,18478967,300.0,Indian Rupees(Rs.),3.6,0.0,White,Not rated,Unrated,0,0.0,0,0.0
8015,18311920,300.0,Indian Rupees(Rs.),3.6,0.0,White,Not rated,Unrated,1,0.0,1,1.8
8016,18455876,200.0,Indian Rupees(Rs.),2.4,0.0,White,Not rated,Unrated,1,0.0,1,1.2
8017,18478987,450.0,Indian Rupees(Rs.),5.4,0.0,White,Not rated,Unrated,1,0.0,1,2.7
8018,18479000,200.0,Indian Rupees(Rs.),2.4,0.0,White,Not rated,Unrated,0,0.0,0,0.0
8019,18478997,100.0,Indian Rupees(Rs.),1.2,0.0,White,Not rated,Unrated,0,0.0,0,0.0
8020,18492061,200.0,Indian Rupees(Rs.),2.4,0.0,White,Not rated,Unrated,0,0.0,0,0.0
8021,18349925,200.0,Indian Rupees(Rs.),2.4,0.0,White,Not rated,Unrated,0,0.0,0,0.0
8022,18492065,200.0,Indian Rupees(Rs.),2.4,0.0,White,Not rated,Unrated,0,0.0,0,0.0
8023,310480,150.0,Indian Rupees(Rs.),1.8,0.0,White,Not rated,Unrated,1,0.0,1,0.9
8024,18144471,450.0,Indian Rupees(Rs.),5.4,0.0,White,Not rated,Unrated,0,0.0,0,0.0
8025,18466972,350.0,Indian Rupees(Rs.),4.2,0.0,White,Not rated,Unrated,0,0.0,0,0.0
8026,18429376,600.0,Indian Rupees(Rs.),7.2,0.0,White,Not rated,Unrated,0,0.0,0,0.0
8027,18354968,200.0,Indian Rupees(Rs.),2.4,0.0,White,Not rated,Unrated,1,0.0,1,1.2
8028,18441542,500.0,Indian Rupees(Rs.),6.0,0.0,White,Not rated,Unrated,0,0.0,0,0.0
8029,18445274,250.0,Indian Rupees(Rs.),3.0,0.0,White,Not rated,Unrated,0,0.0,0,0.0
8030,18168147,350.0,Indian Rupees(Rs.),4.2,0.0,White,Not rated,Unrated,0,0.0,0,0.0
8031,18429375,250.0,Indian Rupees(Rs.),3.0,0.0,White,Not rated,Unrated,0,0.0,0,0.0
8032,310479,250.0,Indian Rupees(Rs.),3.0,0.0,White,Not rated,Unrated,1,0.0,1,1.5
8033,18212160,800.0,Indian Rupees(Rs.),9.6,0.0,White,Not rated,Unrated,1,0.0,1,4.8
8034,310063,500.0,Indian Rupees(Rs.),6.0,3.1,Orange,Average,3.0 - 3.9 (Moderate),15,8.6,15,45.0
8035,312214,600.0,Indian Rupees(Rs.),7.2,3.4,Orange,Average,3.0 - 3.9 (Moderate),50,13.37,75,270.0
8036,309641,800.0,Indian Rupees(Rs.),9.6,2.9,Orange,Average,< 3.0 (Low),6,5.64,6,28.8
8037,306688,450.0,Indian Rupees(Rs.),5.4,3.2,Orange,Average,3.0 - 3.9 (Moderate),45,12.25,45,121.5
8038,18440427,600.0,Indian Rupees(Rs.),7.2,0.0,White,Not rated,Unrated,3,0.0,3,10.8
8039,312573,300.0,Indian Rupees(Rs.),3.6,3.1,Orange,Average,3.0 - 3.9 (Moderate),47,12.0,47,84.6
8040,7983,200.0,Indian Rupees(Rs.),2.4,3.5,Yellow,Good,3.0 - 3.9 (Moderate),94,15.94,141,169.2
8041,302541,400.0,Indian Rupees(Rs.),4.8,3.7,Yellow,Good,3.0 - 3.9 (Moderate),331,21.48,496,1190.4
8042,7992,300.0,Indian Rupees(Rs.),3.6,3.8,Yellow,Good,3.0 - 3.9 (Moderate),603,24.33,603,1085.4
8043,3695,2600.0,Indian Rupees(Rs.),31.2,3.0,Orange,Average,3.0 - 3.9 (Moderate),579,19.09,579,9032.4
8044,4473,600.0,Indian Rupees(Rs.),7.2,3.5,Yellow,Good,3.0 - 3.9 (Moderate),169,17.98,169,608.4
8045,3250,1100.0,Indian Rupees(Rs.),13.2,3.5,Yellow,Good,3.0 - 3.9 (Moderate),278,19.71,417,2752.2
8046,718,2000.0,Indian Rupees(Rs.),24.0,2.4,Red,Poor,< 3.0 (Low),221,12.97,221,2652.0
8047,18272361,1100.0,Indian Rupees(Rs.),13.2,3.4,Orange,Average,3.0 - 3.9 (Moderate),120,16.31,120,792.0
8048,18372695,1500.0,Indian Rupees(Rs.),18.0,3.4,Orange,Average,3.0 - 3.9 (Moderate),215,18.28,215,1935.0
8049,18265411,350.0,Indian Rupees(Rs.),4.2,2.7,Orange,Average,< 3.0 (Low),212,14.48,212,445.2
8050,18303706,250.0,Indian Rupees(Rs.),3.0,4.5,Dark Green,Excellent,4.5 - 5.0 (Top Tier),324,26.03,324,486.0
8051,18268698,700.0,Indian Rupees(Rs.),8.4,4.5,Dark Green,Excellent,4.5 - 5.0 (Top Tier),147,22.49,147,617.4
8052,18264244,650.0,Indian Rupees(Rs.),7.8,3.5,Yellow,Good,3.0 - 3.9 (Moderate),23,11.12,23,89.7
8053,18277171,1500.0,Indian Rupees(Rs.),18.0,3.9,Yellow,Good,3.0 - 3.9 (Moderate),199,20.66,298,2682.0
8054,18265419,650.0,Indian Rupees(Rs.),7.8,3.8,Yellow,Good,3.0 - 3.9 (Moderate),458,23.29,687,2679.3
8055,18233616,400.0,Indian Rupees(Rs.),4.8,3.9,Yellow,Good,3.0 - 3.9 (Moderate),124,18.83,124,297.6
8056,18366022,1400.0,Indian Rupees(Rs.),16.8,3.9,Yellow,Good,3.0 - 3.9 (Moderate),173,20.12,260,2184.0
8057,18273551,600.0,Indian Rupees(Rs.),7.2,3.7,Yellow,Good,3.0 - 3.9 (Moderate),64,15.45,64,230.4
8058,18272346,600.0,Indian Rupees(Rs.),7.2,3.7,Yellow,Good,3.0 - 3.9 (Moderate),86,16.52,86,309.6
8059,18268925,900.0,Indian Rupees(Rs.),10.8,3.7,Yellow,Good,3.0 - 3.9 (Moderate),214,19.87,321,1733.4
8060,18272379,400.0,Indian Rupees(Rs.),4.8,3.8,Yellow,Good,3.0 - 3.9 (Moderate),169,19.52,169,405.6
8061,18272355,1800.0,Indian Rupees(Rs.),21.6,3.9,Yellow,Good,3.0 - 3.9 (Moderate),749,25.82,749,8089.2
8062,18268722,1000.0,Indian Rupees(Rs.),12.0,3.9,Yellow,Good,3.0 - 3.9 (Moderate),173,20.12,173,1038.0
8063,18273556,1600.0,Indian Rupees(Rs.),19.2,3.9,Yellow,Good,3.0 - 3.9 (Moderate),366,23.03,549,5270.4
8064,18272367,400.0,Indian Rupees(Rs.),4.8,3.9,Yellow,Good,3.0 - 3.9 (Moderate),232,21.26,232,556.8
8065,18258775,550.0,Indian Rupees(Rs.),6.6,3.6,Yellow,Good,3.0 - 3.9 (Moderate),397,21.55,596,1966.8
8066,18449092,350.0,Indian Rupees(Rs.),4.2,3.7,Yellow,Good,3.0 - 3.9 (Moderate),22,11.6,22,46.2
8067,18461590,500.0,Indian Rupees(Rs.),6.0,3.5,Yellow,Good,3.0 - 3.9 (Moderate),13,9.24,13,39.0
8068,18254530,400.0,Indian Rupees(Rs.),4.8,3.7,Yellow,Good,3.0 - 3.9 (Moderate),518,23.13,777,1864.8
8069,18336212,1600.0,Indian Rupees(Rs.),19.2,3.8,Yellow,Good,3.0 - 3.9 (Moderate),67,16.03,100,960.0
8070,18268727,1500.0,Indian Rupees(Rs.),18.0,4.1,Green,Very Good,4.0 - 4.4 (High),567,26.0,567,5103.0
8071,18268712,1500.0,Indian Rupees(Rs.),18.0,4.1,Green,Very Good,4.0 - 4.4 (High),750,27.15,1125,10125.0
8072,18272353,1500.0,Indian Rupees(Rs.),18.0,4.1,Green,Very Good,4.0 - 4.4 (High),322,23.69,322,2898.0
8073,18261140,1600.0,Indian Rupees(Rs.),19.2,4.3,Green,Very Good,4.0 - 4.4 (High),428,26.06,642,6163.2
8074,18272357,650.0,Indian Rupees(Rs.),7.8,4.0,Green,Very Good,4.0 - 4.4 (High),91,18.09,136,530.4
8075,18303688,1350.0,Indian Rupees(Rs.),16.2,4.0,Green,Very Good,4.0 - 4.4 (High),121,19.22,121,980.1
8076,18268716,1300.0,Indian Rupees(Rs.),15.6,4.0,Green,Very Good,4.0 - 4.4 (High),617,25.71,617,4812.6
8077,18264533,750.0,Indian Rupees(Rs.),9.0,4.2,Green,Very Good,4.0 - 4.4 (High),316,24.19,474,2133.0
8078,2799,1500.0,Indian Rupees(Rs.),18.0,3.4,Orange,Average,3.0 - 3.9 (Moderate),67,14.35,67,603.0
8079,2655,2000.0,Indian Rupees(Rs.),24.0,3.2,Orange,Average,3.0 - 3.9 (Moderate),27,10.66,27,324.0
8080,301392,350.0,Indian Rupees(Rs.),4.2,3.4,Orange,Average,3.0 - 3.9 (Moderate),96,15.55,96,201.6
8081,302727,650.0,Indian Rupees(Rs.),7.8,3.1,Orange,Average,3.0 - 3.9 (Moderate),112,14.65,168,655.2
8082,311698,350.0,Indian Rupees(Rs.),4.2,2.6,Orange,Average,< 3.0 (Low),12,6.67,18,37.8
8083,307297,600.0,Indian Rupees(Rs.),7.2,2.5,Orange,Average,< 3.0 (Low),24,8.05,24,86.4
8084,3154,1500.0,Indian Rupees(Rs.),18.0,3.3,Orange,Average,3.0 - 3.9 (Moderate),129,16.06,194,1746.0
8085,18357543,650.0,Indian Rupees(Rs.),7.8,3.9,Yellow,Good,3.0 - 3.9 (Moderate),44,14.85,66,257.4
8086,3155,1200.0,Indian Rupees(Rs.),14.4,3.7,Yellow,Good,3.0 - 3.9 (Moderate),330,21.47,330,2376.0
8087,18424581,600.0,Indian Rupees(Rs.),7.2,0.0,White,Not rated,Unrated,3,0.0,4,14.4
8088,18421057,1800.0,Indian Rupees(Rs.),21.6,3.4,Orange,Average,3.0 - 3.9 (Moderate),299,19.39,299,3229.2
8089,18233620,400.0,Indian Rupees(Rs.),4.8,3.6,Yellow,Good,3.0 - 3.9 (Moderate),46,13.86,69,165.6
8090,300605,600.0,Indian Rupees(Rs.),7.2,3.7,Yellow,Good,3.0 - 3.9 (Moderate),481,22.86,722,2599.2
8091,18279442,2000.0,Indian Rupees(Rs.),24.0,3.8,Yellow,Good,3.0 - 3.9 (Moderate),240,20.84,240,2880.0
8092,18279455,1900.0,Indian Rupees(Rs.),22.8,3.8,Yellow,Good,3.0 - 3.9 (Moderate),240,20.84,240,2736.0
8093,18424873,300.0,Indian Rupees(Rs.),3.6,0.0,White,Not rated,Unrated,0,0.0,0,0.0
8094,18381672,450.0,Indian Rupees(Rs.),5.4,0.0,White,Not rated,Unrated,3,0.0,3,8.1
8095,18382336,300.0,Indian Rupees(Rs.),3.6,0.0,White,Not rated,Unrated,1,0.0,1,1.8
8096,18424874,600.0,Indian Rupees(Rs.),7.2,0.0,White,Not rated,Unrated,1,0.0,1,3.6
8097,18424872,300.0,Indian Rupees(Rs.),3.6,0.0,White,Not rated,Unrated,0,0.0,0,0.0
8098,18424880,500.0,Indian Rupees(Rs.),6.0,0.0,White,Not rated,Unrated,2,0.0,3,9.0
8099,18381675,1000.0,Indian Rupees(Rs.),12.0,0.0,White,Not rated,Unrated,0,0.0,0,0.0
8100,18419893,1300.0,Indian Rupees(Rs.),15.6,4.1,Green,Very Good,4.0 - 4.4 (High),111,19.35,166,1294.8
8101,18289074,700.0,Indian Rupees(Rs.),8.4,4.0,Green,Very Good,4.0 - 4.4 (High),59,16.38,59,247.8
8102,18291236,500.0,Indian Rupees(Rs.),6.0,0.0,White,Not rated,Unrated,0,0.0,0,0.0
8103,311614,1200.0,Indian Rupees(Rs.),14.4,3.3,Orange,Average,3.0 - 3.9 (Moderate),19,9.89,19,136.8
8104,18429395,400.0,Indian Rupees(Rs.),4.8,2.5,Orange,Average,< 3.0 (Low),6,4.86,9,21.6
8105,3735,500.0,Indian Rupees(Rs.),6.0,2.6,Orange,Average,< 3.0 (Low),36,9.39,54,162.0
8106,9731,200.0,Indian Rupees(Rs.),2.4,2.5,Orange,Average,< 3.0 (Low),4,4.02,6,7.2
8107,302132,450.0,Indian Rupees(Rs.),5.4,2.8,Orange,Average,< 3.0 (Low),24,9.01,24,64.8
8108,18258162,600.0,Indian Rupees(Rs.),7.2,3.2,Orange,Average,3.0 - 3.9 (Moderate),24,10.3,36,129.6
8109,302144,800.0,Indian Rupees(Rs.),9.6,3.1,Orange,Average,3.0 - 3.9 (Moderate),17,8.96,17,81.6
8110,4471,350.0,Indian Rupees(Rs.),4.2,3.2,Orange,Average,3.0 - 3.9 (Moderate),20,9.74,20,42.0
8111,18253392,300.0,Indian Rupees(Rs.),3.6,3.1,Orange,Average,3.0 - 3.9 (Moderate),37,11.28,56,100.8
8112,310790,600.0,Indian Rupees(Rs.),7.2,2.8,Orange,Average,< 3.0 (Low),16,7.93,16,57.6
8113,8152,100.0,Indian Rupees(Rs.),1.2,2.8,Orange,Average,< 3.0 (Low),9,6.45,9,5.4
8114,313035,500.0,Indian Rupees(Rs.),6.0,3.0,Orange,Average,3.0 - 3.9 (Moderate),9,6.91,14,42.0
8115,301509,600.0,Indian Rupees(Rs.),7.2,2.8,Orange,Average,< 3.0 (Low),21,8.65,21,75.6
8116,312275,250.0,Indian Rupees(Rs.),3.0,2.8,Orange,Average,< 3.0 (Low),18,8.24,27,40.5
8117,302127,400.0,Indian Rupees(Rs.),4.8,2.6,Orange,Average,< 3.0 (Low),12,6.67,18,43.2
8118,18322604,500.0,Indian Rupees(Rs.),6.0,2.9,Orange,Average,< 3.0 (Low),4,4.67,4,12.0
8119,18433889,900.0,Indian Rupees(Rs.),10.8,3.1,Orange,Average,3.0 - 3.9 (Moderate),8,6.81,8,43.2
8120,18232121,600.0,Indian Rupees(Rs.),7.2,2.7,Orange,Average,< 3.0 (Low),25,8.8,38,136.8
8121,307628,1000.0,Indian Rupees(Rs.),12.0,2.9,Orange,Average,< 3.0 (Low),43,10.97,64,384.0
8122,18281980,600.0,Indian Rupees(Rs.),7.2,2.5,Orange,Average,< 3.0 (Low),10,5.99,10,36.0
8123,8151,600.0,Indian Rupees(Rs.),7.2,2.8,Orange,Average,< 3.0 (Low),50,11.01,50,180.0
8124,302139,700.0,Indian Rupees(Rs.),8.4,3.5,Yellow,Good,3.0 - 3.9 (Moderate),56,14.15,56,235.2
8125,18377927,350.0,Indian Rupees(Rs.),4.2,3.8,Yellow,Good,3.0 - 3.9 (Moderate),80,16.7,80,168.0
8126,313120,500.0,Indian Rupees(Rs.),6.0,3.5,Yellow,Good,3.0 - 3.9 (Moderate),28,11.79,28,84.0
8127,18361734,300.0,Indian Rupees(Rs.),3.6,0.0,White,Not rated,Unrated,3,0.0,4,7.2
8128,304338,100.0,Indian Rupees(Rs.),1.2,0.0,White,Not rated,Unrated,2,0.0,2,1.2
8129,18440390,400.0,Indian Rupees(Rs.),4.8,0.0,White,Not rated,Unrated,1,0.0,1,2.4
8130,18383456,400.0,Indian Rupees(Rs.),4.8,0.0,White,Not rated,Unrated,0,0.0,0,0.0
8131,18427237,300.0,Indian Rupees(Rs.),3.6,0.0,White,Not rated,Unrated,3,0.0,4,7.2
8132,18382359,350.0,Indian Rupees(Rs.),4.2,0.0,White,Not rated,Unrated,3,0.0,4,8.4
8133,18445740,250.0,Indian Rupees(Rs.),3.0,0.0,White,Not rated,Unrated,0,0.0,0,0.0
8134,18331809,300.0,Indian Rupees(Rs.),3.6,0.0,White,Not rated,Unrated,3,0.0,3,5.4
8135,18377925,500.0,Indian Rupees(Rs.),6.0,0.0,White,Not rated,Unrated,2,0.0,2,6.0
8136,312287,300.0,Indian Rupees(Rs.),3.6,0.0,White,Not rated,Unrated,3,0.0,3,5.4
8137,18441766,300.0,Indian Rupees(Rs.),3.6,0.0,White,Not rated,Unrated,1,0.0,2,3.6
8138,18281977,1000.0,Indian Rupees(Rs.),12.0,0.0,White,Not rated,Unrated,3,0.0,3,18.0
8139,18336259,100.0,Indian Rupees(Rs.),1.2,0.0,White,Not rated,Unrated,1,0.0,1,0.6
8140,18441537,200.0,Indian Rupees(Rs.),2.4,0.0,White,Not rated,Unrated,2,0.0,2,2.4
8141,18128857,500.0,Indian Rupees(Rs.),6.0,2.9,Orange,Average,< 3.0 (Low),55,11.67,82,246.0
8142,18279435,500.0,Indian Rupees(Rs.),6.0,2.7,Orange,Average,< 3.0 (Low),10,6.47,15,45.0
8143,18281983,300.0,Indian Rupees(Rs.),3.6,3.1,Orange,Average,3.0 - 3.9 (Moderate),16,8.78,16,28.8
8144,301402,1300.0,Indian Rupees(Rs.),15.6,3.0,Orange,Average,3.0 - 3.9 (Moderate),7,6.24,7,54.6
8145,301461,2000.0,Indian Rupees(Rs.),24.0,0.0,White,Not rated,Unrated,0,0.0,0,0.0
8146,301468,1200.0,Indian Rupees(Rs.),14.4,0.0,White,Not rated,Unrated,0,0.0,0,0.0
8147,2342,1000.0,Indian Rupees(Rs.),12.0,2.6,Orange,Average,< 3.0 (Low),192,13.68,288,1728.0
8148,309088,500.0,Indian Rupees(Rs.),6.0,2.8,Orange,Average,< 3.0 (Low),109,13.16,164,492.0
8149,18334423,350.0,Indian Rupees(Rs.),4.2,3.2,Orange,Average,3.0 - 3.9 (Moderate),49,12.52,74,155.4
8150,439,600.0,Indian Rupees(Rs.),7.2,2.6,Orange,Average,< 3.0 (Low),44,9.9,44,158.4
8151,18431970,400.0,Indian Rupees(Rs.),4.8,3.4,Orange,Average,3.0 - 3.9 (Moderate),29,11.56,44,105.6
8152,307718,300.0,Indian Rupees(Rs.),3.6,3.1,Orange,Average,3.0 - 3.9 (Moderate),21,9.58,21,37.8
8153,5685,600.0,Indian Rupees(Rs.),7.2,2.7,Orange,Average,< 3.0 (Low),33,9.52,33,118.8
8154,312243,350.0,Indian Rupees(Rs.),4.2,3.6,Yellow,Good,3.0 - 3.9 (Moderate),97,16.51,97,203.7
8155,18428614,250.0,Indian Rupees(Rs.),3.0,3.5,Yellow,Good,3.0 - 3.9 (Moderate),24,11.27,36,54.0
8156,18424869,500.0,Indian Rupees(Rs.),6.0,3.9,Yellow,Good,3.0 - 3.9 (Moderate),40,14.48,60,180.0
8157,307232,150.0,Indian Rupees(Rs.),1.8,3.6,Yellow,Good,3.0 - 3.9 (Moderate),280,20.3,420,378.0
8158,300907,650.0,Indian Rupees(Rs.),7.8,3.6,Yellow,Good,3.0 - 3.9 (Moderate),582,22.93,873,3404.7
8159,18382371,300.0,Indian Rupees(Rs.),3.6,0.0,White,Not rated,Unrated,2,0.0,2,3.6
8160,8422,1000.0,Indian Rupees(Rs.),12.0,3.4,Orange,Average,3.0 - 3.9 (Moderate),29,11.56,29,174.0
8161,8344,2000.0,Indian Rupees(Rs.),24.0,3.2,Orange,Average,3.0 - 3.9 (Moderate),20,9.74,20,240.0
8162,8441,900.0,Indian Rupees(Rs.),10.8,2.9,Orange,Average,< 3.0 (Low),14,7.85,14,75.6
8163,8351,3500.0,Indian Rupees(Rs.),42.0,3.5,Yellow,Good,3.0 - 3.9 (Moderate),79,15.34,79,1659.0
8164,4505,1500.0,Indian Rupees(Rs.),18.0,3.3,Orange,Average,3.0 - 3.9 (Moderate),29,11.22,29,261.0
8165,18317498,2200.0,Indian Rupees(Rs.),26.4,0.0,White,Not rated,Unrated,1,0.0,1,13.2
8166,18371434,500.0,Indian Rupees(Rs.),6.0,3.3,Orange,Average,3.0 - 3.9 (Moderate),14,8.94,21,63.0
8167,18425747,600.0,Indian Rupees(Rs.),7.2,3.0,Orange,Average,3.0 - 3.9 (Moderate),18,8.83,27,97.2
8168,18371402,500.0,Indian Rupees(Rs.),6.0,3.1,Orange,Average,3.0 - 3.9 (Moderate),6,6.03,6,18.0
8169,18383509,300.0,Indian Rupees(Rs.),3.6,3.4,Orange,Average,3.0 - 3.9 (Moderate),16,9.63,16,28.8
8170,18446433,950.0,Indian Rupees(Rs.),11.4,3.2,Orange,Average,3.0 - 3.9 (Moderate),6,6.23,6,34.2
8171,18349905,600.0,Indian Rupees(Rs.),7.2,2.9,Orange,Average,< 3.0 (Low),7,6.03,7,25.2
8172,18352249,500.0,Indian Rupees(Rs.),6.0,2.5,Orange,Average,< 3.0 (Low),15,6.93,22,66.0
8173,18383479,450.0,Indian Rupees(Rs.),5.4,3.2,Orange,Average,3.0 - 3.9 (Moderate),13,8.44,20,54.0
8174,18383470,700.0,Indian Rupees(Rs.),8.4,3.0,Orange,Average,3.0 - 3.9 (Moderate),10,7.19,10,42.0
8175,18383460,1000.0,Indian Rupees(Rs.),12.0,2.6,Orange,Average,< 3.0 (Low),7,5.41,7,42.0
8176,18440424,500.0,Indian Rupees(Rs.),6.0,2.6,Orange,Average,< 3.0 (Low),5,4.66,8,24.0
8177,18383477,350.0,Indian Rupees(Rs.),4.2,2.8,Orange,Average,< 3.0 (Low),5,5.02,5,10.5
8178,18383466,450.0,Indian Rupees(Rs.),5.4,2.8,Orange,Average,< 3.0 (Low),6,5.45,6,16.2
8179,18396179,1000.0,Indian Rupees(Rs.),12.0,3.5,Yellow,Good,3.0 - 3.9 (Moderate),18,10.31,18,108.0
8180,18466951,1200.0,Indian Rupees(Rs.),14.4,3.8,Yellow,Good,3.0 - 3.9 (Moderate),46,14.63,46,331.2
8181,18337905,400.0,Indian Rupees(Rs.),4.8,3.5,Yellow,Good,3.0 - 3.9 (Moderate),34,12.44,34,81.6
8182,18361221,600.0,Indian Rupees(Rs.),7.2,3.6,Yellow,Good,3.0 - 3.9 (Moderate),20,10.96,30,108.0
8183,18383484,300.0,Indian Rupees(Rs.),3.6,0.0,White,Not rated,Unrated,1,0.0,1,1.8
8184,18440164,300.0,Indian Rupees(Rs.),3.6,0.0,White,Not rated,Unrated,3,0.0,3,5.4
8185,18382377,250.0,Indian Rupees(Rs.),3.0,0.0,White,Not rated,Unrated,1,0.0,1,1.5
8186,18383444,600.0,Indian Rupees(Rs.),7.2,0.0,White,Not rated,Unrated,0,0.0,0,0.0
8187,18416753,300.0,Indian Rupees(Rs.),3.6,0.0,White,Not rated,Unrated,0,0.0,0,0.0
8188,18441551,300.0,Indian Rupees(Rs.),3.6,0.0,White,Not rated,Unrated,1,0.0,1,1.8
8189,18383481,300.0,Indian Rupees(Rs.),3.6,0.0,White,Not rated,Unrated,1,0.0,1,1.8
8190,18440406,300.0,Indian Rupees(Rs.),3.6,0.0,White,Not rated,Unrated,1,0.0,1,1.8
8191,18381647,200.0,Indian Rupees(Rs.),2.4,0.0,White,Not rated,Unrated,0,0.0,0,0.0
8192,18440416,100.0,Indian Rupees(Rs.),1.2,0.0,White,Not rated,Unrated,0,0.0,0,0.0
8193,18371430,400.0,Indian Rupees(Rs.),4.8,0.0,White,Not rated,Unrated,0,0.0,0,0.0
8194,18383490,600.0,Indian Rupees(Rs.),7.2,2.3,Red,Poor,< 3.0 (Low),8,5.05,12,43.2
8195,18273632,400.0,Indian Rupees(Rs.),4.8,2.3,Red,Poor,< 3.0 (Low),27,7.66,40,96.0
8196,18382345,200.0,Indian Rupees(Rs.),2.4,0.0,White,Not rated,Unrated,0,0.0,0,0.0
8197,18382347,100.0,Indian Rupees(Rs.),1.2,0.0,White,Not rated,Unrated,0,0.0,0,0.0
8198,3226,2200.0,Indian Rupees(Rs.),26.4,3.2,Orange,Average,3.0 - 3.9 (Moderate),135,15.72,135,1782.0
8199,4627,1700.0,Indian Rupees(Rs.),20.4,3.3,Orange,Average,3.0 - 3.9 (Moderate),61,13.62,61,622.2
8200,312278,200.0,Indian Rupees(Rs.),2.4,2.9,Orange,Average,< 3.0 (Low),9,6.68,14,16.8
8201,18364351,450.0,Indian Rupees(Rs.),5.4,2.7,Orange,Average,< 3.0 (Low),5,4.84,8,21.6
8202,18373737,800.0,Indian Rupees(Rs.),9.6,3.1,Orange,Average,3.0 - 3.9 (Moderate),5,5.55,5,24.0
8203,18124366,550.0,Indian Rupees(Rs.),6.6,3.2,Orange,Average,3.0 - 3.9 (Moderate),6,6.23,9,29.7
8204,18254400,400.0,Indian Rupees(Rs.),4.8,2.8,Orange,Average,< 3.0 (Low),19,8.39,28,67.2
8205,309545,400.0,Indian Rupees(Rs.),4.8,3.5,Yellow,Good,3.0 - 3.9 (Moderate),83,15.51,124,297.6
8206,310067,100.0,Indian Rupees(Rs.),1.2,0.0,White,Not rated,Unrated,2,0.0,2,1.2
8207,18430587,2000.0,Indian Rupees(Rs.),24.0,0.0,White,Not rated,Unrated,0,0.0,0,0.0
8208,6033,500.0,Indian Rupees(Rs.),6.0,3.4,Orange,Average,3.0 - 3.9 (Moderate),25,11.08,25,75.0
8209,6036,2000.0,Indian Rupees(Rs.),24.0,3.2,Orange,Average,3.0 - 3.9 (Moderate),32,11.19,32,384.0
8210,1669,2800.0,Indian Rupees(Rs.),33.6,4.1,Green,Very Good,4.0 - 4.4 (High),228,22.28,228,3830.4
8211,3924,3200.0,Indian Rupees(Rs.),38.4,3.5,Yellow,Good,3.0 - 3.9 (Moderate),218,18.86,218,4185.6
8212,18383511,300.0,Indian Rupees(Rs.),3.6,0.0,White,Not rated,Unrated,0,0.0,0,0.0
8213,18245267,400.0,Indian Rupees(Rs.),4.8,0.0,White,Not rated,Unrated,2,0.0,2,4.8
8214,304496,200.0,Indian Rupees(Rs.),2.4,2.9,Orange,Average,< 3.0 (Low),12,7.44,12,14.4
8215,308670,100.0,Indian Rupees(Rs.),1.2,2.9,Orange,Average,< 3.0 (Low),6,5.64,6,3.6
8216,18462632,500.0,Indian Rupees(Rs.),6.0,0.0,White,Not rated,Unrated,2,0.0,2,6.0
8217,18322648,200.0,Indian Rupees(Rs.),2.4,0.0,White,Not rated,Unrated,0,0.0,0,0.0
8218,18356045,200.0,Indian Rupees(Rs.),2.4,0.0,White,Not rated,Unrated,0,0.0,0,0.0
8219,18126101,350.0,Indian Rupees(Rs.),4.2,0.0,White,Not rated,Unrated,1,0.0,1,2.1
8220,18273622,500.0,Indian Rupees(Rs.),6.0,4.0,Green,Very Good,4.0 - 4.4 (High),76,17.38,114,342.0
8221,5742,600.0,Indian Rupees(Rs.),7.2,2.7,Orange,Average,< 3.0 (Low),90,12.18,135,486.0
8222,311186,800.0,Indian Rupees(Rs.),9.6,3.3,Orange,Average,3.0 - 3.9 (Moderate),34,11.73,51,244.8
8223,2331,300.0,Indian Rupees(Rs.),3.6,2.6,Orange,Average,< 3.0 (Low),70,11.08,105,189.0
8224,2329,600.0,Indian Rupees(Rs.),7.2,3.4,Orange,Average,3.0 - 3.9 (Moderate),190,17.86,285,1026.0
8225,18382363,900.0,Indian Rupees(Rs.),10.8,3.7,Yellow,Good,3.0 - 3.9 (Moderate),38,13.56,57,307.8
8226,18456760,400.0,Indian Rupees(Rs.),4.8,0.0,White,Not rated,Unrated,0,0.0,0,0.0
8227,18435292,550.0,Indian Rupees(Rs.),6.6,0.0,White,Not rated,Unrated,0,0.0,0,0.0
8228,18435286,400.0,Indian Rupees(Rs.),4.8,0.0,White,Not rated,Unrated,2,0.0,3,7.2
8229,18243997,400.0,Indian Rupees(Rs.),4.8,3.2,Orange,Average,3.0 - 3.9 (Moderate),33,11.28,33,79.2
8230,18268352,500.0,Indian Rupees(Rs.),6.0,3.4,Orange,Average,3.0 - 3.9 (Moderate),33,11.99,50,150.0
8231,18463699,1100.0,Indian Rupees(Rs.),13.2,3.1,Orange,Average,3.0 - 3.9 (Moderate),9,7.14,9,59.4
8232,18376508,400.0,Indian Rupees(Rs.),4.8,2.6,Orange,Average,< 3.0 (Low),11,6.46,16,38.4
8233,18146402,1400.0,Indian Rupees(Rs.),16.8,2.5,Orange,Average,< 3.0 (Low),12,6.41,18,151.2
8234,18216904,400.0,Indian Rupees(Rs.),4.8,2.9,Orange,Average,< 3.0 (Low),4,4.67,4,9.6
8235,5634,400.0,Indian Rupees(Rs.),4.8,2.9,Orange,Average,< 3.0 (Low),19,8.69,19,45.6
8236,4541,300.0,Indian Rupees(Rs.),3.6,2.8,Orange,Average,< 3.0 (Low),10,6.71,10,18.0
8237,8226,200.0,Indian Rupees(Rs.),2.4,2.6,Orange,Average,< 3.0 (Low),16,7.37,16,19.2
8238,18254527,350.0,Indian Rupees(Rs.),4.2,2.9,Orange,Average,< 3.0 (Low),7,6.03,7,14.7
8239,18409725,400.0,Indian Rupees(Rs.),4.8,3.3,Orange,Average,3.0 - 3.9 (Moderate),13,8.71,13,31.2
8240,310208,600.0,Indian Rupees(Rs.),7.2,2.5,Orange,Average,< 3.0 (Low),36,9.03,54,194.4
8241,8228,150.0,Indian Rupees(Rs.),1.8,2.6,Orange,Average,< 3.0 (Low),26,8.57,26,23.4
8242,8236,500.0,Indian Rupees(Rs.),6.0,2.7,Orange,Average,< 3.0 (Low),18,7.95,18,54.0
8243,18415343,1000.0,Indian Rupees(Rs.),12.0,2.6,Orange,Average,< 3.0 (Low),26,8.57,39,234.0
8244,18133476,500.0,Indian Rupees(Rs.),6.0,2.6,Orange,Average,< 3.0 (Low),25,8.47,38,114.0
8245,18381224,700.0,Indian Rupees(Rs.),8.4,3.2,Orange,Average,3.0 - 3.9 (Moderate),7,6.65,10,42.0
8246,18440751,500.0,Indian Rupees(Rs.),6.0,3.3,Orange,Average,3.0 - 3.9 (Moderate),13,8.71,13,39.0
8247,306560,600.0,Indian Rupees(Rs.),7.2,2.7,Orange,Average,< 3.0 (Low),36,9.75,54,194.4
8248,18371428,800.0,Indian Rupees(Rs.),9.6,3.4,Orange,Average,3.0 - 3.9 (Moderate),13,8.97,20,96.0
8249,18372251,800.0,Indian Rupees(Rs.),9.6,3.1,Orange,Average,3.0 - 3.9 (Moderate),8,6.81,8,38.4
8250,312369,550.0,Indian Rupees(Rs.),6.6,3.2,Orange,Average,3.0 - 3.9 (Moderate),27,10.66,40,132.0
8251,307014,1000.0,Indian Rupees(Rs.),12.0,3.5,Yellow,Good,3.0 - 3.9 (Moderate),367,20.68,550,3300.0
8252,18332064,550.0,Indian Rupees(Rs.),6.6,3.8,Yellow,Good,3.0 - 3.9 (Moderate),99,17.5,148,488.4
8253,18216939,650.0,Indian Rupees(Rs.),7.8,3.7,Yellow,Good,3.0 - 3.9 (Moderate),115,17.59,172,670.8
8254,18378014,400.0,Indian Rupees(Rs.),4.8,3.6,Yellow,Good,3.0 - 3.9 (Moderate),18,10.6,27,64.8
8255,18157400,900.0,Indian Rupees(Rs.),10.8,3.6,Yellow,Good,3.0 - 3.9 (Moderate),72,15.45,108,583.2
8256,18057810,850.0,Indian Rupees(Rs.),10.2,3.6,Yellow,Good,3.0 - 3.9 (Moderate),56,14.55,84,428.4
8257,18252385,750.0,Indian Rupees(Rs.),9.0,3.6,Yellow,Good,3.0 - 3.9 (Moderate),108,16.89,162,729.0
8258,18421504,400.0,Indian Rupees(Rs.),4.8,3.5,Yellow,Good,3.0 - 3.9 (Moderate),21,10.82,32,76.8
8259,18310503,400.0,Indian Rupees(Rs.),4.8,0.0,White,Not rated,Unrated,0,0.0,0,0.0
8260,18424173,200.0,Indian Rupees(Rs.),2.4,0.0,White,Not rated,Unrated,0,0.0,0,0.0
8261,18233621,600.0,Indian Rupees(Rs.),7.2,0.0,White,Not rated,Unrated,0,0.0,0,0.0
8262,18432230,400.0,Indian Rupees(Rs.),4.8,0.0,White,Not rated,Unrated,1,0.0,1,2.4
8263,18409212,700.0,Indian Rupees(Rs.),8.4,0.0,White,Not rated,Unrated,1,0.0,1,4.2
8264,18219528,700.0,Indian Rupees(Rs.),8.4,0.0,White,Not rated,Unrated,3,0.0,3,12.6
8265,18380150,500.0,Indian Rupees(Rs.),6.0,0.0,White,Not rated,Unrated,0,0.0,0,0.0
8266,18355013,600.0,Indian Rupees(Rs.),7.2,0.0,White,Not rated,Unrated,1,0.0,1,3.6
8267,18348609,200.0,Indian Rupees(Rs.),2.4,0.0,White,Not rated,Unrated,0,0.0,0,0.0
8268,18424175,100.0,Indian Rupees(Rs.),1.2,0.0,White,Not rated,Unrated,0,0.0,0,0.0
8269,313415,350.0,Indian Rupees(Rs.),4.2,0.0,White,Not rated,Unrated,0,0.0,0,0.0
8270,18460286,500.0,Indian Rupees(Rs.),6.0,0.0,White,Not rated,Unrated,0,0.0,0,0.0
8271,310762,250.0,Indian Rupees(Rs.),3.0,0.0,White,Not rated,Unrated,2,0.0,2,3.0
8272,18208893,300.0,Indian Rupees(Rs.),3.6,0.0,White,Not rated,Unrated,3,0.0,3,5.4
8273,18478981,400.0,Indian Rupees(Rs.),4.8,0.0,White,Not rated,Unrated,1,0.0,1,2.4
8274,18410832,400.0,Indian Rupees(Rs.),4.8,0.0,White,Not rated,Unrated,0,0.0,0,0.0
8275,18303715,300.0,Indian Rupees(Rs.),3.6,0.0,White,Not rated,Unrated,0,0.0,0,0.0
8276,4480,700.0,Indian Rupees(Rs.),8.4,2.1,Red,Poor,< 3.0 (Low),84,9.33,84,352.8
8277,3764,800.0,Indian Rupees(Rs.),9.6,2.4,Red,Poor,< 3.0 (Low),76,10.43,114,547.2
8278,304636,800.0,Indian Rupees(Rs.),9.6,2.3,Red,Poor,< 3.0 (Low),94,10.47,141,676.8
8279,307340,500.0,Indian Rupees(Rs.),6.0,2.4,Red,Poor,< 3.0 (Low),51,9.48,51,153.0
8280,8237,250.0,Indian Rupees(Rs.),3.0,2.4,Red,Poor,< 3.0 (Low),63,9.98,94,141.0
8281,18268724,800.0,Indian Rupees(Rs.),9.6,4.0,Green,Very Good,4.0 - 4.4 (High),175,20.68,175,840.0
8282,312463,100.0,Indian Rupees(Rs.),1.2,3.0,Orange,Average,3.0 - 3.9 (Moderate),9,6.91,9,5.4
8283,309318,250.0,Indian Rupees(Rs.),3.0,3.0,Orange,Average,3.0 - 3.9 (Moderate),5,5.38,8,12.0
8284,302518,350.0,Indian Rupees(Rs.),4.2,2.8,Orange,Average,< 3.0 (Low),31,9.7,31,65.1
8285,8072,400.0,Indian Rupees(Rs.),4.8,3.0,Orange,Average,3.0 - 3.9 (Moderate),7,6.24,7,16.8
8286,5755,500.0,Indian Rupees(Rs.),6.0,2.6,Orange,Average,< 3.0 (Low),34,9.24,51,153.0
8287,18486840,300.0,Indian Rupees(Rs.),3.6,3.0,Orange,Average,3.0 - 3.9 (Moderate),4,4.83,4,7.2
8288,8074,550.0,Indian Rupees(Rs.),6.6,2.7,Orange,Average,< 3.0 (Low),26,8.9,26,85.8
8289,307888,350.0,Indian Rupees(Rs.),4.2,3.1,Orange,Average,3.0 - 3.9 (Moderate),30,10.65,45,94.5
8290,834,1100.0,Indian Rupees(Rs.),13.2,3.7,Yellow,Good,3.0 - 3.9 (Moderate),1182,26.18,1773,11701.8
8291,18382337,200.0,Indian Rupees(Rs.),2.4,0.0,White,Not rated,Unrated,2,0.0,2,2.4
8292,18433542,500.0,Indian Rupees(Rs.),6.0,0.0,White,Not rated,Unrated,0,0.0,0,0.0
8293,18382335,350.0,Indian Rupees(Rs.),4.2,0.0,White,Not rated,Unrated,0,0.0,0,0.0
8294,18264985,500.0,Indian Rupees(Rs.),6.0,0.0,White,Not rated,Unrated,1,0.0,1,3.0
8295,18265692,200.0,Indian Rupees(Rs.),2.4,0.0,White,Not rated,Unrated,1,0.0,1,1.2
8296,304937,150.0,Indian Rupees(Rs.),1.8,0.0,White,Not rated,Unrated,3,0.0,3,2.7
8297,18489849,150.0,Indian Rupees(Rs.),1.8,0.0,White,Not rated,Unrated,1,0.0,1,0.9
8298,18485826,200.0,Indian Rupees(Rs.),2.4,0.0,White,Not rated,Unrated,0,0.0,0,0.0
8299,18489806,300.0,Indian Rupees(Rs.),3.6,0.0,White,Not rated,Unrated,0,0.0,0,0.0
8300,18381674,600.0,Indian Rupees(Rs.),7.2,0.0,White,Not rated,Unrated,3,0.0,3,10.8
8301,18441772,200.0,Indian Rupees(Rs.),2.4,0.0,White,Not rated,Unrated,1,0.0,2,2.4
8302,18390891,200.0,Indian Rupees(Rs.),2.4,0.0,White,Not rated,Unrated,1,0.0,1,1.2
8303,8061,150.0,Indian Rupees(Rs.),1.8,2.3,Red,Poor,< 3.0 (Low),15,6.38,22,19.8
8304,308623,450.0,Indian Rupees(Rs.),5.4,2.6,Orange,Average,< 3.0 (Low),26,8.57,39,105.3
8305,311013,550.0,Indian Rupees(Rs.),6.6,3.4,Orange,Average,3.0 - 3.9 (Moderate),55,13.69,55,181.5
8306,18368015,200.0,Indian Rupees(Rs.),2.4,3.9,Yellow,Good,3.0 - 3.9 (Moderate),64,16.28,64,76.8
8307,18273942,550.0,Indian Rupees(Rs.),6.6,3.9,Yellow,Good,3.0 - 3.9 (Moderate),132,19.07,198,653.4
8308,18034079,400.0,Indian Rupees(Rs.),4.8,3.6,Yellow,Good,3.0 - 3.9 (Moderate),20,10.96,30,72.0
8309,18440413,200.0,Indian Rupees(Rs.),2.4,0.0,White,Not rated,Unrated,0,0.0,0,0.0
8310,18427230,400.0,Indian Rupees(Rs.),4.8,0.0,White,Not rated,Unrated,0,0.0,0,0.0
8311,18440415,400.0,Indian Rupees(Rs.),4.8,0.0,White,Not rated,Unrated,1,0.0,1,2.4
8312,18446387,300.0,Indian Rupees(Rs.),3.6,0.0,White,Not rated,Unrated,1,0.0,1,1.8
8313,18340903,300.0,Indian Rupees(Rs.),3.6,3.0,Orange,Average,3.0 - 3.9 (Moderate),4,4.83,4,7.2
8314,18275760,450.0,Indian Rupees(Rs.),5.4,2.9,Orange,Average,< 3.0 (Low),5,5.2,5,13.5
8315,18357548,400.0,Indian Rupees(Rs.),4.8,3.1,Orange,Average,3.0 - 3.9 (Moderate),19,9.29,28,67.2
8316,18381249,400.0,Indian Rupees(Rs.),4.8,2.5,Orange,Average,< 3.0 (Low),6,4.86,9,21.6
8317,18307266,600.0,Indian Rupees(Rs.),7.2,2.9,Orange,Average,< 3.0 (Low),4,4.67,4,14.4
8318,18112492,700.0,Indian Rupees(Rs.),8.4,2.5,Orange,Average,< 3.0 (Low),27,8.33,27,113.4
8319,18445768,400.0,Indian Rupees(Rs.),4.8,3.0,Orange,Average,3.0 - 3.9 (Moderate),4,4.83,4,9.6
8320,18393840,1400.0,Indian Rupees(Rs.),16.8,2.8,Orange,Average,< 3.0 (Low),7,5.82,7,58.8
8321,18276998,200.0,Indian Rupees(Rs.),2.4,2.8,Orange,Average,< 3.0 (Low),9,6.45,14,16.8
8322,300988,400.0,Indian Rupees(Rs.),4.8,3.2,Orange,Average,3.0 - 3.9 (Moderate),19,9.59,19,45.6
8323,18292443,400.0,Indian Rupees(Rs.),4.8,2.8,Orange,Average,< 3.0 (Low),8,6.15,8,19.2
8324,18204456,500.0,Indian Rupees(Rs.),6.0,2.6,Orange,Average,< 3.0 (Low),13,6.86,20,60.0
8325,18138418,300.0,Indian Rupees(Rs.),3.6,2.9,Orange,Average,< 3.0 (Low),6,5.64,6,10.8
8326,18441561,300.0,Indian Rupees(Rs.),3.6,0.0,White,Not rated,Unrated,3,0.0,3,5.4
8327,18245275,600.0,Indian Rupees(Rs.),7.2,0.0,White,Not rated,Unrated,2,0.0,2,7.2
8328,18469933,500.0,Indian Rupees(Rs.),6.0,0.0,White,Not rated,Unrated,0,0.0,0,0.0
8329,18358190,450.0,Indian Rupees(Rs.),5.4,0.0,White,Not rated,Unrated,3,0.0,3,8.1
8330,18441663,450.0,Indian Rupees(Rs.),5.4,0.0,White,Not rated,Unrated,0,0.0,0,0.0
8331,18489823,350.0,Indian Rupees(Rs.),4.2,0.0,White,Not rated,Unrated,0,0.0,0,0.0
8332,18489827,450.0,Indian Rupees(Rs.),5.4,0.0,White,Not rated,Unrated,0,0.0,0,0.0
8333,18371413,700.0,Indian Rupees(Rs.),8.4,0.0,White,Not rated,Unrated,2,0.0,2,8.4
8334,18441563,300.0,Indian Rupees(Rs.),3.6,0.0,White,Not rated,Unrated,0,0.0,0,0.0
8335,18358662,600.0,Indian Rupees(Rs.),7.2,0.0,White,Not rated,Unrated,0,0.0,0,0.0
8336,18277008,200.0,Indian Rupees(Rs.),2.4,0.0,White,Not rated,Unrated,0,0.0,0,0.0
8337,18399250,400.0,Indian Rupees(Rs.),4.8,0.0,White,Not rated,Unrated,2,0.0,2,4.8
8338,18449300,500.0,Indian Rupees(Rs.),6.0,0.0,White,Not rated,Unrated,1,0.0,1,3.0
8339,18454471,200.0,Indian Rupees(Rs.),2.4,0.0,White,Not rated,Unrated,1,0.0,1,1.2
8340,18273973,250.0,Indian Rupees(Rs.),3.0,0.0,White,Not rated,Unrated,1,0.0,1,1.5
8341,18375406,350.0,Indian Rupees(Rs.),4.2,0.0,White,Not rated,Unrated,1,0.0,1,2.1
8342,18384109,100.0,Indian Rupees(Rs.),1.2,0.0,White,Not rated,Unrated,1,0.0,1,0.6
8343,18441569,200.0,Indian Rupees(Rs.),2.4,0.0,White,Not rated,Unrated,0,0.0,0,0.0
8344,18254543,200.0,Indian Rupees(Rs.),2.4,0.0,White,Not rated,Unrated,3,0.0,3,3.6
8345,18393815,700.0,Indian Rupees(Rs.),8.4,0.0,White,Not rated,Unrated,3,0.0,3,12.6
8346,18458636,500.0,Indian Rupees(Rs.),6.0,0.0,White,Not rated,Unrated,1,0.0,1,3.0
8347,18481281,500.0,Indian Rupees(Rs.),6.0,0.0,White,Not rated,Unrated,0,0.0,0,0.0
8348,18474432,400.0,Indian Rupees(Rs.),4.8,0.0,White,Not rated,Unrated,3,0.0,3,7.2
8349,18441559,300.0,Indian Rupees(Rs.),3.6,0.0,White,Not rated,Unrated,0,0.0,0,0.0
8350,18441665,200.0,Indian Rupees(Rs.),2.4,0.0,White,Not rated,Unrated,1,0.0,1,1.2
8351,18466397,300.0,Indian Rupees(Rs.),3.6,0.0,White,Not rated,Unrated,0,0.0,0,0.0
8352,18441557,400.0,Indian Rupees(Rs.),4.8,0.0,White,Not rated,Unrated,0,0.0,0,0.0
8353,18441671,500.0,Indian Rupees(Rs.),6.0,0.0,White,Not rated,Unrated,1,0.0,1,3.0
8354,18416310,500.0,Indian Rupees(Rs.),6.0,0.0,White,Not rated,Unrated,3,0.0,4,12.0
8355,18372688,1300.0,Indian Rupees(Rs.),15.6,4.2,Green,Very Good,4.0 - 4.4 (High),108,19.7,108,842.4
8356,18146472,150.0,Indian Rupees(Rs.),1.8,2.9,Orange,Average,< 3.0 (Low),7,6.03,7,6.3
8357,3145,500.0,Indian Rupees(Rs.),6.0,2.8,Orange,Average,< 3.0 (Low),84,12.44,126,378.0
8358,312175,400.0,Indian Rupees(Rs.),4.8,2.8,Orange,Average,< 3.0 (Low),6,5.45,6,14.4
8359,3143,200.0,Indian Rupees(Rs.),2.4,2.9,Orange,Average,< 3.0 (Low),4,4.67,4,4.8
8360,4518,350.0,Indian Rupees(Rs.),4.2,3.1,Orange,Average,3.0 - 3.9 (Moderate),27,10.33,27,56.7
8361,304510,150.0,Indian Rupees(Rs.),1.8,2.9,Orange,Average,< 3.0 (Low),5,5.2,5,4.5
8362,310875,800.0,Indian Rupees(Rs.),9.6,3.3,Orange,Average,3.0 - 3.9 (Moderate),57,13.4,86,412.8
8363,309317,250.0,Indian Rupees(Rs.),3.0,3.4,Orange,Average,3.0 - 3.9 (Moderate),23,10.81,23,34.5
8364,311085,300.0,Indian Rupees(Rs.),3.6,3.0,Orange,Average,3.0 - 3.9 (Moderate),10,7.19,10,18.0
8365,300914,250.0,Indian Rupees(Rs.),3.0,3.0,Orange,Average,3.0 - 3.9 (Moderate),43,11.35,64,96.0
8366,8115,500.0,Indian Rupees(Rs.),6.0,2.7,Orange,Average,< 3.0 (Low),8,5.93,8,24.0
8367,18455665,400.0,Indian Rupees(Rs.),4.8,3.2,Orange,Average,3.0 - 3.9 (Moderate),12,8.21,12,28.8
8368,18146390,200.0,Indian Rupees(Rs.),2.4,3.2,Orange,Average,3.0 - 3.9 (Moderate),48,12.45,48,57.6
8369,18435298,700.0,Indian Rupees(Rs.),8.4,3.5,Yellow,Good,3.0 - 3.9 (Moderate),14,9.48,21,88.2
8370,301415,1500.0,Indian Rupees(Rs.),18.0,3.6,Yellow,Good,3.0 - 3.9 (Moderate),328,20.87,492,4428.0
8371,18407293,300.0,Indian Rupees(Rs.),3.6,0.0,White,Not rated,Unrated,0,0.0,0,0.0
8372,18432201,250.0,Indian Rupees(Rs.),3.0,0.0,White,Not rated,Unrated,0,0.0,0,0.0
8373,304493,150.0,Indian Rupees(Rs.),1.8,0.0,White,Not rated,Unrated,2,0.0,2,1.8
8374,18438456,200.0,Indian Rupees(Rs.),2.4,0.0,White,Not rated,Unrated,0,0.0,0,0.0
8375,18367439,300.0,Indian Rupees(Rs.),3.6,0.0,White,Not rated,Unrated,2,0.0,2,3.6
8376,18466616,400.0,Indian Rupees(Rs.),4.8,0.0,White,Not rated,Unrated,1,0.0,1,2.4
8377,18382368,450.0,Indian Rupees(Rs.),5.4,0.0,White,Not rated,Unrated,1,0.0,1,2.7
8378,18465093,350.0,Indian Rupees(Rs.),4.2,0.0,White,Not rated,Unrated,1,0.0,1,2.1
8379,18345109,250.0,Indian Rupees(Rs.),3.0,0.0,White,Not rated,Unrated,1,0.0,1,1.5
8380,18432027,300.0,Indian Rupees(Rs.),3.6,0.0,White,Not rated,Unrated,1,0.0,1,1.8
8381,18258742,350.0,Indian Rupees(Rs.),4.2,0.0,White,Not rated,Unrated,2,0.0,2,4.2
8382,18254314,200.0,Indian Rupees(Rs.),2.4,0.0,White,Not rated,Unrated,1,0.0,1,1.2
8383,18258756,300.0,Indian Rupees(Rs.),3.6,0.0,White,Not rated,Unrated,2,0.0,2,3.6
8384,18382366,450.0,Indian Rupees(Rs.),5.4,0.0,White,Not rated,Unrated,1,0.0,1,2.7
8385,4882,650.0,Indian Rupees(Rs.),7.8,2.9,Orange,Average,< 3.0 (Low),22,9.09,22,85.8
8386,309535,700.0,Indian Rupees(Rs.),8.4,3.0,Orange,Average,3.0 - 3.9 (Moderate),31,10.4,46,193.2
8387,18415359,300.0,Indian Rupees(Rs.),3.6,3.3,Orange,Average,3.0 - 3.9 (Moderate),13,8.71,20,36.0
8388,308451,500.0,Indian Rupees(Rs.),6.0,3.4,Orange,Average,3.0 - 3.9 (Moderate),55,13.69,55,165.0
8389,18156287,200.0,Indian Rupees(Rs.),2.4,3.5,Yellow,Good,3.0 - 3.9 (Moderate),45,13.4,68,81.6
8390,399,500.0,Indian Rupees(Rs.),6.0,3.7,Yellow,Good,3.0 - 3.9 (Moderate),135,18.18,202,606.0
8391,18161600,450.0,Indian Rupees(Rs.),5.4,0.0,White,Not rated,Unrated,2,0.0,2,5.4
8392,18249084,600.0,Indian Rupees(Rs.),7.2,0.0,White,Not rated,Unrated,2,0.0,2,7.2
8393,18432020,300.0,Indian Rupees(Rs.),3.6,0.0,White,Not rated,Unrated,0,0.0,0,0.0
8394,18432013,250.0,Indian Rupees(Rs.),3.0,0.0,White,Not rated,Unrated,0,0.0,0,0.0
8395,303371,1600.0,Indian Rupees(Rs.),19.2,4.3,Green,Very Good,4.0 - 4.4 (High),1670,31.91,1670,16032.0
8396,302558,400.0,Indian Rupees(Rs.),4.8,3.3,Orange,Average,3.0 - 3.9 (Moderate),61,13.62,92,220.8
8397,1698,1300.0,Indian Rupees(Rs.),15.6,2.5,Orange,Average,< 3.0 (Low),106,11.68,106,826.8
8398,9252,1200.0,Indian Rupees(Rs.),14.4,3.4,Orange,Average,3.0 - 3.9 (Moderate),431,20.63,646,4651.2
8399,1323,150.0,Indian Rupees(Rs.),1.8,3.1,Orange,Average,3.0 - 3.9 (Moderate),213,16.63,213,191.7
8400,1735,700.0,Indian Rupees(Rs.),8.4,2.5,Orange,Average,< 3.0 (Low),357,14.7,536,2251.2
8401,5677,250.0,Indian Rupees(Rs.),3.0,2.5,Orange,Average,< 3.0 (Low),103,11.61,103,154.5
8402,300953,100.0,Indian Rupees(Rs.),1.2,2.8,Orange,Average,< 3.0 (Low),30,9.62,30,18.0
8403,4721,1500.0,Indian Rupees(Rs.),18.0,2.6,Orange,Average,< 3.0 (Low),521,16.27,521,4689.0
8404,18261722,1600.0,Indian Rupees(Rs.),19.2,3.3,Orange,Average,3.0 - 3.9 (Moderate),198,17.47,198,1900.8
8405,18346730,600.0,Indian Rupees(Rs.),7.2,3.3,Orange,Average,3.0 - 3.9 (Moderate),36,11.92,36,129.6
8406,461,1200.0,Indian Rupees(Rs.),14.4,3.3,Orange,Average,3.0 - 3.9 (Moderate),446,20.14,446,3211.2
8407,937,500.0,Indian Rupees(Rs.),6.0,2.7,Orange,Average,< 3.0 (Low),608,17.31,912,2736.0
8408,307720,400.0,Indian Rupees(Rs.),4.8,3.2,Orange,Average,3.0 - 3.9 (Moderate),76,13.9,76,182.4
8409,591,600.0,Indian Rupees(Rs.),7.2,2.5,Orange,Average,< 3.0 (Low),211,13.39,316,1137.6
8410,18371433,600.0,Indian Rupees(Rs.),7.2,3.3,Orange,Average,3.0 - 3.9 (Moderate),19,9.89,28,100.8
8411,18287364,650.0,Indian Rupees(Rs.),7.8,3.4,Orange,Average,3.0 - 3.9 (Moderate),68,14.4,102,397.8
8412,7913,900.0,Indian Rupees(Rs.),10.8,3.0,Orange,Average,3.0 - 3.9 (Moderate),139,14.82,208,1123.2
8413,18180086,1000.0,Indian Rupees(Rs.),12.0,2.6,Orange,Average,< 3.0 (Low),19,7.79,19,114.0
8414,5678,700.0,Indian Rupees(Rs.),8.4,2.6,Orange,Average,< 3.0 (Low),89,11.7,134,562.8
8415,427,600.0,Indian Rupees(Rs.),7.2,3.2,Orange,Average,3.0 - 3.9 (Moderate),277,18.01,416,1497.6
8416,18292482,600.0,Indian Rupees(Rs.),7.2,3.3,Orange,Average,3.0 - 3.9 (Moderate),97,15.13,146,525.6
8417,18446481,600.0,Indian Rupees(Rs.),7.2,3.4,Orange,Average,3.0 - 3.9 (Moderate),19,10.19,28,100.8
8418,310694,1400.0,Indian Rupees(Rs.),16.8,3.2,Orange,Average,3.0 - 3.9 (Moderate),80,14.06,120,1008.0
8419,18252573,350.0,Indian Rupees(Rs.),4.2,3.2,Orange,Average,3.0 - 3.9 (Moderate),47,12.39,70,147.0
8420,303269,300.0,Indian Rupees(Rs.),3.6,3.4,Orange,Average,3.0 - 3.9 (Moderate),45,13.02,45,81.0
8421,5854,1300.0,Indian Rupees(Rs.),15.6,3.2,Orange,Average,3.0 - 3.9 (Moderate),37,11.64,37,288.6
8422,18349895,1400.0,Indian Rupees(Rs.),16.8,3.0,Orange,Average,3.0 - 3.9 (Moderate),203,15.95,304,2553.6
8423,4160,1400.0,Indian Rupees(Rs.),16.8,3.4,Orange,Average,3.0 - 3.9 (Moderate),286,19.24,429,3603.6
8424,301514,1000.0,Indian Rupees(Rs.),12.0,3.4,Orange,Average,3.0 - 3.9 (Moderate),223,18.4,223,1338.0
8425,310417,350.0,Indian Rupees(Rs.),4.2,3.9,Yellow,Good,3.0 - 3.9 (Moderate),205,20.78,308,646.8
8426,1701,1350.0,Indian Rupees(Rs.),16.2,3.5,Yellow,Good,3.0 - 3.9 (Moderate),326,20.26,489,3960.9
8427,18208904,300.0,Indian Rupees(Rs.),3.6,3.6,Yellow,Good,3.0 - 3.9 (Moderate),40,13.37,60,108.0
8428,3306,1600.0,Indian Rupees(Rs.),19.2,3.9,Yellow,Good,3.0 - 3.9 (Moderate),515,24.36,772,7411.2
8429,301005,1200.0,Indian Rupees(Rs.),14.4,3.6,Yellow,Good,3.0 - 3.9 (Moderate),235,19.67,235,1692.0
8430,307566,550.0,Indian Rupees(Rs.),6.6,3.7,Yellow,Good,3.0 - 3.9 (Moderate),331,21.48,496,1636.8
8431,18216913,800.0,Indian Rupees(Rs.),9.6,3.8,Yellow,Good,3.0 - 3.9 (Moderate),612,24.39,918,4406.4
8432,310399,900.0,Indian Rupees(Rs.),10.8,3.7,Yellow,Good,3.0 - 3.9 (Moderate),833,24.89,1250,6750.0
8433,594,450.0,Indian Rupees(Rs.),5.4,3.6,Yellow,Good,3.0 - 3.9 (Moderate),125,17.41,188,507.6
8434,3796,650.0,Indian Rupees(Rs.),7.8,3.5,Yellow,Good,3.0 - 3.9 (Moderate),430,21.23,645,2515.5
8435,490,1400.0,Indian Rupees(Rs.),16.8,3.8,Yellow,Good,3.0 - 3.9 (Moderate),2019,28.92,3028,25435.2
8436,18336495,1000.0,Indian Rupees(Rs.),12.0,3.8,Yellow,Good,3.0 - 3.9 (Moderate),477,23.44,716,4296.0
8437,18228862,350.0,Indian Rupees(Rs.),4.2,3.5,Yellow,Good,3.0 - 3.9 (Moderate),196,18.49,294,617.4
8438,384,700.0,Indian Rupees(Rs.),8.4,3.6,Yellow,Good,3.0 - 3.9 (Moderate),547,22.7,547,2297.4
8439,7945,300.0,Indian Rupees(Rs.),3.6,3.8,Yellow,Good,3.0 - 3.9 (Moderate),402,22.8,603,1085.4
8440,2985,950.0,Indian Rupees(Rs.),11.4,3.8,Yellow,Good,3.0 - 3.9 (Moderate),285,21.49,428,2439.6
8441,18228855,800.0,Indian Rupees(Rs.),9.6,3.8,Yellow,Good,3.0 - 3.9 (Moderate),154,19.17,231,1108.8
8442,18289257,400.0,Indian Rupees(Rs.),4.8,3.5,Yellow,Good,3.0 - 3.9 (Moderate),147,17.49,220,528.0
8443,18380141,200.0,Indian Rupees(Rs.),2.4,3.5,Yellow,Good,3.0 - 3.9 (Moderate),47,13.55,70,84.0
8444,18272377,600.0,Indian Rupees(Rs.),7.2,3.9,Yellow,Good,3.0 - 3.9 (Moderate),204,20.76,204,734.4
8445,18473005,500.0,Indian Rupees(Rs.),6.0,3.6,Yellow,Good,3.0 - 3.9 (Moderate),30,12.36,45,135.0
8446,300180,1550.0,Indian Rupees(Rs.),18.6,3.6,Yellow,Good,3.0 - 3.9 (Moderate),425,21.8,425,3952.5
8447,7784,1800.0,Indian Rupees(Rs.),21.6,3.7,Yellow,Good,3.0 - 3.9 (Moderate),743,24.46,1114,12031.2
8448,396,500.0,Indian Rupees(Rs.),6.0,3.9,Yellow,Good,3.0 - 3.9 (Moderate),403,23.41,604,1812.0
8449,18014141,500.0,Indian Rupees(Rs.),6.0,3.8,Yellow,Good,3.0 - 3.9 (Moderate),418,22.94,627,1881.0
8450,1702,600.0,Indian Rupees(Rs.),7.2,3.6,Yellow,Good,3.0 - 3.9 (Moderate),703,23.6,1054,3794.4
8451,18198836,1000.0,Indian Rupees(Rs.),12.0,3.9,Yellow,Good,3.0 - 3.9 (Moderate),320,22.51,320,1920.0
8452,309111,800.0,Indian Rupees(Rs.),9.6,3.7,Yellow,Good,3.0 - 3.9 (Moderate),302,21.14,453,2174.4
8453,309098,500.0,Indian Rupees(Rs.),6.0,3.9,Yellow,Good,3.0 - 3.9 (Moderate),250,21.55,375,1125.0
8454,166,2000.0,Indian Rupees(Rs.),24.0,3.7,Yellow,Good,3.0 - 3.9 (Moderate),770,24.6,1155,13860.0
8455,18434638,300.0,Indian Rupees(Rs.),3.6,3.5,Yellow,Good,3.0 - 3.9 (Moderate),22,10.97,22,39.6
8456,1070,500.0,Indian Rupees(Rs.),6.0,3.8,Yellow,Good,3.0 - 3.9 (Moderate),268,21.26,402,1206.0
8457,450,1500.0,Indian Rupees(Rs.),18.0,3.6,Yellow,Good,3.0 - 3.9 (Moderate),415,21.71,415,3735.0
8458,18175334,2350.0,Indian Rupees(Rs.),28.2,3.5,Yellow,Good,3.0 - 3.9 (Moderate),214,18.8,321,4526.1
8459,4248,2200.0,Indian Rupees(Rs.),26.4,3.5,Yellow,Good,3.0 - 3.9 (Moderate),540,22.03,540,7128.0
8460,18237334,1600.0,Indian Rupees(Rs.),19.2,3.6,Yellow,Good,3.0 - 3.9 (Moderate),332,20.91,498,4780.8
8461,300952,1500.0,Indian Rupees(Rs.),18.0,3.5,Yellow,Good,3.0 - 3.9 (Moderate),247,19.3,247,2223.0
8462,311649,1600.0,Indian Rupees(Rs.),19.2,3.7,Yellow,Good,3.0 - 3.9 (Moderate),222,20.01,333,3196.8
8463,2336,200.0,Indian Rupees(Rs.),2.4,3.5,Yellow,Good,3.0 - 3.9 (Moderate),420,21.15,630,756.0
8464,18273566,350.0,Indian Rupees(Rs.),4.2,3.6,Yellow,Good,3.0 - 3.9 (Moderate),324,20.82,486,1020.6
8465,311338,700.0,Indian Rupees(Rs.),8.4,2.2,Red,Poor,< 3.0 (Low),81,9.69,122,512.4
8466,310609,450.0,Indian Rupees(Rs.),5.4,2.3,Red,Poor,< 3.0 (Low),31,7.97,46,124.2
8467,307555,450.0,Indian Rupees(Rs.),5.4,2.1,Red,Poor,< 3.0 (Low),74,9.07,111,299.7
8468,4717,2000.0,Indian Rupees(Rs.),24.0,2.4,Red,Poor,< 3.0 (Low),103,11.15,103,1236.0
8469,7956,450.0,Indian Rupees(Rs.),5.4,4.2,Green,Very Good,4.0 - 4.4 (High),235,22.95,352,950.4
8470,304612,300.0,Indian Rupees(Rs.),3.6,4.0,Green,Very Good,4.0 - 4.4 (High),1055,27.85,1055,1899.0
8471,304691,350.0,Indian Rupees(Rs.),4.2,2.8,Orange,Average,< 3.0 (Low),18,8.24,18,37.8
8472,309519,400.0,Indian Rupees(Rs.),4.8,3.6,Yellow,Good,3.0 - 3.9 (Moderate),165,18.4,248,595.2
8473,18450369,500.0,Indian Rupees(Rs.),6.0,0.0,White,Not rated,Unrated,1,0.0,1,3.0
8474,18409730,500.0,Indian Rupees(Rs.),6.0,0.0,White,Not rated,Unrated,0,0.0,0,0.0
8475,18427226,300.0,Indian Rupees(Rs.),3.6,2.9,Orange,Average,< 3.0 (Low),4,4.67,4,7.2
8476,387,1100.0,Indian Rupees(Rs.),13.2,2.5,Orange,Average,< 3.0 (Low),221,13.51,332,2191.2
8477,301420,500.0,Indian Rupees(Rs.),6.0,3.6,Yellow,Good,3.0 - 3.9 (Moderate),103,16.72,154,462.0
8478,18383442,400.0,Indian Rupees(Rs.),4.8,0.0,White,Not rated,Unrated,0,0.0,0,0.0
8479,18424675,500.0,Indian Rupees(Rs.),6.0,0.0,White,Not rated,Unrated,3,0.0,3,9.0
8480,18425782,1100.0,Indian Rupees(Rs.),13.2,0.0,White,Not rated,Unrated,2,0.0,3,19.8
8481,18457257,300.0,Indian Rupees(Rs.),3.6,0.0,White,Not rated,Unrated,0,0.0,0,0.0
8482,18382382,200.0,Indian Rupees(Rs.),2.4,0.0,White,Not rated,Unrated,2,0.0,2,2.4
8483,18441711,200.0,Indian Rupees(Rs.),2.4,0.0,White,Not rated,Unrated,0,0.0,0,0.0
8484,308770,500.0,Indian Rupees(Rs.),6.0,2.6,Orange,Average,< 3.0 (Low),17,7.51,26,78.0
8485,18472688,400.0,Indian Rupees(Rs.),4.8,3.0,Orange,Average,3.0 - 3.9 (Moderate),5,5.38,5,12.0
8486,18156065,300.0,Indian Rupees(Rs.),3.6,0.0,White,Not rated,Unrated,3,0.0,3,5.4
8487,308951,300.0,Indian Rupees(Rs.),3.6,3.3,Orange,Average,3.0 - 3.9 (Moderate),27,11.0,27,48.6
8488,308563,600.0,Indian Rupees(Rs.),7.2,3.0,Orange,Average,3.0 - 3.9 (Moderate),26,9.89,39,140.4
8489,18409182,250.0,Indian Rupees(Rs.),3.0,0.0,White,Not rated,Unrated,1,0.0,1,1.5
8490,8065,250.0,Indian Rupees(Rs.),3.0,3.0,Orange,Average,3.0 - 3.9 (Moderate),10,7.19,10,15.0
8491,18216929,500.0,Indian Rupees(Rs.),6.0,3.0,Orange,Average,3.0 - 3.9 (Moderate),7,6.24,10,30.0
8492,18224208,450.0,Indian Rupees(Rs.),5.4,2.5,Orange,Average,< 3.0 (Low),17,7.23,26,70.2
8493,18441760,500.0,Indian Rupees(Rs.),6.0,0.0,White,Not rated,Unrated,0,0.0,0,0.0
8494,18492041,200.0,Indian Rupees(Rs.),2.4,0.0,White,Not rated,Unrated,0,0.0,0,0.0
8495,18393406,200.0,Indian Rupees(Rs.),2.4,0.0,White,Not rated,Unrated,0,0.0,0,0.0
8496,18381676,450.0,Indian Rupees(Rs.),5.4,0.0,White,Not rated,Unrated,0,0.0,0,0.0
8497,18430895,500.0,Indian Rupees(Rs.),6.0,0.0,White,Not rated,Unrated,0,0.0,0,0.0
8498,18433898,150.0,Indian Rupees(Rs.),1.8,0.0,White,Not rated,Unrated,1,0.0,1,0.9
8499,5239,350.0,Indian Rupees(Rs.),4.2,3.4,Orange,Average,3.0 - 3.9 (Moderate),102,15.76,153,321.3
8500,18312466,550.0,Indian Rupees(Rs.),6.6,3.1,Orange,Average,3.0 - 3.9 (Moderate),16,8.78,24,79.2
8501,8022,500.0,Indian Rupees(Rs.),6.0,2.6,Orange,Average,< 3.0 (Low),59,10.65,59,177.0
8502,8017,400.0,Indian Rupees(Rs.),4.8,3.0,Orange,Average,3.0 - 3.9 (Moderate),37,10.91,37,88.8
8503,18020006,500.0,Indian Rupees(Rs.),6.0,0.0,White,Not rated,Unrated,2,0.0,2,6.0
8504,18252394,350.0,Indian Rupees(Rs.),4.2,0.0,White,Not rated,Unrated,0,0.0,0,0.0
8505,311375,300.0,Indian Rupees(Rs.),3.6,2.5,Orange,Average,< 3.0 (Low),4,4.02,6,10.8
8506,18463959,300.0,Indian Rupees(Rs.),3.6,0.0,White,Not rated,Unrated,0,0.0,0,0.0
8507,18345461,500.0,Indian Rupees(Rs.),6.0,4.1,Green,Very Good,4.0 - 4.4 (High),112,19.38,168,504.0
8508,311688,600.0,Indian Rupees(Rs.),7.2,3.3,Orange,Average,3.0 - 3.9 (Moderate),159,16.75,238,856.8
8509,18265723,400.0,Indian Rupees(Rs.),4.8,3.0,Orange,Average,3.0 - 3.9 (Moderate),6,5.84,6,14.4
8510,7986,200.0,Indian Rupees(Rs.),2.4,2.7,Orange,Average,< 3.0 (Low),15,7.49,15,18.0
8511,18244520,600.0,Indian Rupees(Rs.),7.2,3.4,Orange,Average,3.0 - 3.9 (Moderate),79,14.9,118,424.8
8512,5760,450.0,Indian Rupees(Rs.),5.4,2.9,Orange,Average,< 3.0 (Low),5,5.2,5,13.5
8513,18265705,150.0,Indian Rupees(Rs.),1.8,3.0,Orange,Average,3.0 - 3.9 (Moderate),10,7.19,10,9.0
8514,5761,250.0,Indian Rupees(Rs.),3.0,3.1,Orange,Average,3.0 - 3.9 (Moderate),8,6.81,8,12.0
8515,18255160,400.0,Indian Rupees(Rs.),4.8,3.0,Orange,Average,3.0 - 3.9 (Moderate),5,5.38,5,12.0
8516,18265709,450.0,Indian Rupees(Rs.),5.4,2.6,Orange,Average,< 3.0 (Low),13,6.86,20,54.0
8517,18236270,450.0,Indian Rupees(Rs.),5.4,3.1,Orange,Average,3.0 - 3.9 (Moderate),12,7.95,12,32.4
8518,5757,200.0,Indian Rupees(Rs.),2.4,3.2,Orange,Average,3.0 - 3.9 (Moderate),12,8.21,12,14.4
8519,312237,300.0,Indian Rupees(Rs.),3.6,2.8,Orange,Average,< 3.0 (Low),8,6.15,12,21.6
8520,5700,400.0,Indian Rupees(Rs.),4.8,2.9,Orange,Average,< 3.0 (Low),7,6.03,7,16.8
8521,302575,350.0,Indian Rupees(Rs.),4.2,2.9,Orange,Average,< 3.0 (Low),4,4.67,4,8.4
8522,18463961,400.0,Indian Rupees(Rs.),4.8,3.6,Yellow,Good,3.0 - 3.9 (Moderate),19,10.78,28,67.2
8523,18336506,200.0,Indian Rupees(Rs.),2.4,3.5,Yellow,Good,3.0 - 3.9 (Moderate),23,11.12,23,27.6
8524,5744,400.0,Indian Rupees(Rs.),4.8,3.5,Yellow,Good,3.0 - 3.9 (Moderate),57,14.21,57,136.8
8525,18408051,300.0,Indian Rupees(Rs.),3.6,0.0,White,Not rated,Unrated,2,0.0,2,3.6
8526,18377587,150.0,Indian Rupees(Rs.),1.8,0.0,White,Not rated,Unrated,1,0.0,1,0.9
8527,307719,100.0,Indian Rupees(Rs.),1.2,0.0,White,Not rated,Unrated,1,0.0,1,0.6
8528,7982,150.0,Indian Rupees(Rs.),1.8,0.0,White,Not rated,Unrated,1,0.0,1,0.9
8529,311419,150.0,Indian Rupees(Rs.),1.8,0.0,White,Not rated,Unrated,1,0.0,2,1.8
8530,18383448,300.0,Indian Rupees(Rs.),3.6,0.0,White,Not rated,Unrated,0,0.0,0,0.0
8531,18432192,250.0,Indian Rupees(Rs.),3.0,0.0,White,Not rated,Unrated,0,0.0,0,0.0
8532,395,800.0,Indian Rupees(Rs.),9.6,2.3,Red,Poor,< 3.0 (Low),62,9.53,93,446.4
8533,307724,500.0,Indian Rupees(Rs.),6.0,2.0,Red,Poor,< 3.0 (Low),74,8.63,111,333.0
8534,1460,600.0,Indian Rupees(Rs.),7.2,2.8,Orange,Average,< 3.0 (Low),58,11.42,87,313.2
8535,7991,200.0,Indian Rupees(Rs.),2.4,3.2,Orange,Average,3.0 - 3.9 (Moderate),20,9.74,20,24.0
8536,7979,100.0,Indian Rupees(Rs.),1.2,3.1,Orange,Average,3.0 - 3.9 (Moderate),14,8.39,14,8.4
8537,18323760,500.0,Indian Rupees(Rs.),6.0,2.9,Orange,Average,< 3.0 (Low),43,10.97,64,192.0
8538,307491,100.0,Indian Rupees(Rs.),1.2,3.2,Orange,Average,3.0 - 3.9 (Moderate),15,8.87,15,9.0
8539,2334,400.0,Indian Rupees(Rs.),4.8,3.5,Yellow,Good,3.0 - 3.9 (Moderate),85,15.59,85,204.0
8540,3153,300.0,Indian Rupees(Rs.),3.6,3.2,Orange,Average,3.0 - 3.9 (Moderate),46,12.32,46,82.8
8541,18361198,600.0,Indian Rupees(Rs.),7.2,3.0,Orange,Average,3.0 - 3.9 (Moderate),12,7.69,18,64.8
8542,309215,300.0,Indian Rupees(Rs.),3.6,3.4,Orange,Average,3.0 - 3.9 (Moderate),37,12.37,37,66.6
8543,18219552,500.0,Indian Rupees(Rs.),6.0,3.5,Yellow,Good,3.0 - 3.9 (Moderate),144,17.42,216,648.0
8544,18478962,350.0,Indian Rupees(Rs.),4.2,3.7,Yellow,Good,3.0 - 3.9 (Moderate),31,12.82,31,65.1
8545,18472682,300.0,Indian Rupees(Rs.),3.6,0.0,White,Not rated,Unrated,0,0.0,0,0.0
8546,18396192,200.0,Indian Rupees(Rs.),2.4,0.0,White,Not rated,Unrated,0,0.0,0,0.0
8547,18138415,500.0,Indian Rupees(Rs.),6.0,2.8,Orange,Average,< 3.0 (Low),8,6.15,12,36.0
8548,18429379,200.0,Indian Rupees(Rs.),2.4,3.0,Orange,Average,3.0 - 3.9 (Moderate),5,5.38,5,6.0
8549,3443,300.0,Indian Rupees(Rs.),3.6,3.9,Yellow,Good,3.0 - 3.9 (Moderate),140,19.3,140,252.0
8550,18466412,300.0,Indian Rupees(Rs.),3.6,0.0,White,Not rated,Unrated,3,0.0,3,5.4
8551,18180048,300.0,Indian Rupees(Rs.),3.6,0.0,White,Not rated,Unrated,3,0.0,3,5.4
8552,302535,600.0,Indian Rupees(Rs.),7.2,3.7,Yellow,Good,3.0 - 3.9 (Moderate),164,18.89,246,885.6
8553,18311928,800.0,Indian Rupees(Rs.),9.6,3.7,Yellow,Good,3.0 - 3.9 (Moderate),131,18.07,196,940.8
8554,18446503,200.0,Indian Rupees(Rs.),2.4,3.0,Orange,Average,3.0 - 3.9 (Moderate),4,4.83,4,4.8
8555,18157374,600.0,Indian Rupees(Rs.),7.2,2.7,Orange,Average,< 3.0 (Low),20,8.22,20,72.0
8556,309059,400.0,Indian Rupees(Rs.),4.8,3.1,Orange,Average,3.0 - 3.9 (Moderate),5,5.55,5,12.0
8557,18291234,350.0,Indian Rupees(Rs.),4.2,2.6,Orange,Average,< 3.0 (Low),32,9.09,32,67.2
8558,18458315,200.0,Indian Rupees(Rs.),2.4,3.7,Yellow,Good,3.0 - 3.9 (Moderate),49,14.47,49,58.8
8559,18457856,250.0,Indian Rupees(Rs.),3.0,0.0,White,Not rated,Unrated,0,0.0,0,0.0
8560,18323684,500.0,Indian Rupees(Rs.),6.0,0.0,White,Not rated,Unrated,1,0.0,1,3.0
8561,18244230,250.0,Indian Rupees(Rs.),3.0,0.0,White,Not rated,Unrated,0,0.0,0,0.0
8562,18204467,300.0,Indian Rupees(Rs.),3.6,3.0,Orange,Average,3.0 - 3.9 (Moderate),8,6.59,8,14.4
8563,18306542,450.0,Indian Rupees(Rs.),5.4,3.2,Orange,Average,3.0 - 3.9 (Moderate),15,8.87,15,40.5
8564,18337925,400.0,Indian Rupees(Rs.),4.8,3.4,Orange,Average,3.0 - 3.9 (Moderate),22,10.66,22,52.8
8565,18433854,300.0,Indian Rupees(Rs.),3.6,0.0,White,Not rated,Unrated,1,0.0,1,1.8
8566,313151,300.0,Indian Rupees(Rs.),3.6,0.0,White,Not rated,Unrated,2,0.0,2,3.6
8567,9735,500.0,Indian Rupees(Rs.),6.0,2.8,Orange,Average,< 3.0 (Low),28,9.43,28,84.0
8568,18440192,300.0,Indian Rupees(Rs.),3.6,3.1,Orange,Average,3.0 - 3.9 (Moderate),4,4.99,4,7.2
8569,302501,550.0,Indian Rupees(Rs.),6.6,2.6,Orange,Average,< 3.0 (Low),37,9.46,56,184.8
8570,303025,550.0,Indian Rupees(Rs.),6.6,2.5,Orange,Average,< 3.0 (Low),20,7.61,20,66.0
8571,18424204,900.0,Indian Rupees(Rs.),10.8,2.9,Orange,Average,< 3.0 (Low),7,6.03,7,37.8
8572,18393700,300.0,Indian Rupees(Rs.),3.6,3.0,Orange,Average,3.0 - 3.9 (Moderate),5,5.38,5,9.0
8573,18430590,400.0,Indian Rupees(Rs.),4.8,3.6,Yellow,Good,3.0 - 3.9 (Moderate),18,10.6,27,64.8
8574,18439524,450.0,Indian Rupees(Rs.),5.4,3.7,Yellow,Good,3.0 - 3.9 (Moderate),70,15.77,105,283.5
8575,18417576,300.0,Indian Rupees(Rs.),3.6,0.0,White,Not rated,Unrated,0,0.0,0,0.0
8576,18440395,500.0,Indian Rupees(Rs.),6.0,0.0,White,Not rated,Unrated,0,0.0,0,0.0
8577,18423885,300.0,Indian Rupees(Rs.),3.6,0.0,White,Not rated,Unrated,0,0.0,0,0.0
8578,18421515,200.0,Indian Rupees(Rs.),2.4,0.0,White,Not rated,Unrated,0,0.0,0,0.0
8579,18440171,1250.0,Indian Rupees(Rs.),15.0,0.0,White,Not rated,Unrated,3,0.0,3,22.5
8580,18359322,100.0,Indian Rupees(Rs.),1.2,3.0,Orange,Average,3.0 - 3.9 (Moderate),6,5.84,6,3.6
8581,457,800.0,Indian Rupees(Rs.),9.6,2.8,Orange,Average,< 3.0 (Low),239,15.35,358,1718.4
8582,18398459,500.0,Indian Rupees(Rs.),6.0,3.4,Orange,Average,3.0 - 3.9 (Moderate),15,9.43,15,45.0
8583,18255715,500.0,Indian Rupees(Rs.),6.0,2.9,Orange,Average,< 3.0 (Low),7,6.03,10,30.0
8584,18427249,500.0,Indian Rupees(Rs.),6.0,3.4,Orange,Average,3.0 - 3.9 (Moderate),23,10.81,23,69.0
8585,18391164,400.0,Indian Rupees(Rs.),4.8,2.9,Orange,Average,< 3.0 (Low),8,6.37,8,19.2
8586,18472655,400.0,Indian Rupees(Rs.),4.8,3.1,Orange,Average,3.0 - 3.9 (Moderate),6,6.03,9,21.6
8587,18279437,450.0,Indian Rupees(Rs.),5.4,3.7,Yellow,Good,3.0 - 3.9 (Moderate),72,15.87,108,291.6
8588,18204489,700.0,Indian Rupees(Rs.),8.4,3.8,Yellow,Good,3.0 - 3.9 (Moderate),113,18.0,170,714.0
8589,18275704,450.0,Indian Rupees(Rs.),5.4,3.6,Yellow,Good,3.0 - 3.9 (Moderate),111,16.99,166,448.2
8590,18332077,350.0,Indian Rupees(Rs.),4.2,3.7,Yellow,Good,3.0 - 3.9 (Moderate),68,15.67,102,214.2
8591,18458632,800.0,Indian Rupees(Rs.),9.6,3.7,Yellow,Good,3.0 - 3.9 (Moderate),26,12.19,39,187.2
8592,18391158,400.0,Indian Rupees(Rs.),4.8,3.5,Yellow,Good,3.0 - 3.9 (Moderate),27,11.66,27,64.8
8593,18303845,400.0,Indian Rupees(Rs.),4.8,3.6,Yellow,Good,3.0 - 3.9 (Moderate),47,13.94,70,168.0
8594,18352262,400.0,Indian Rupees(Rs.),4.8,3.7,Yellow,Good,3.0 - 3.9 (Moderate),92,16.77,138,331.2
8595,18427229,350.0,Indian Rupees(Rs.),4.2,3.8,Yellow,Good,3.0 - 3.9 (Moderate),34,13.51,51,107.1
8596,18345747,400.0,Indian Rupees(Rs.),4.8,3.7,Yellow,Good,3.0 - 3.9 (Moderate),80,16.26,120,288.0
8597,18368024,250.0,Indian Rupees(Rs.),3.0,3.9,Yellow,Good,3.0 - 3.9 (Moderate),66,16.4,66,99.0
8598,18472419,500.0,Indian Rupees(Rs.),6.0,0.0,White,Not rated,Unrated,0,0.0,0,0.0
8599,18284048,350.0,Indian Rupees(Rs.),4.2,0.0,White,Not rated,Unrated,2,0.0,2,4.2
8600,18438321,400.0,Indian Rupees(Rs.),4.8,0.0,White,Not rated,Unrated,3,0.0,3,7.2
8601,18319512,500.0,Indian Rupees(Rs.),6.0,0.0,White,Not rated,Unrated,0,0.0,0,0.0
8602,309278,400.0,Indian Rupees(Rs.),4.8,4.3,Green,Very Good,4.0 - 4.4 (High),1005,29.73,1005,2412.0
8603,18419879,500.0,Indian Rupees(Rs.),6.0,4.3,Green,Very Good,4.0 - 4.4 (High),96,19.67,144,432.0
8604,9836,200.0,Indian Rupees(Rs.),2.4,4.1,Green,Very Good,4.0 - 4.4 (High),632,26.45,632,758.4
8605,307407,400.0,Indian Rupees(Rs.),4.8,2.8,Orange,Average,< 3.0 (Low),63,11.64,63,151.2
8606,305317,650.0,Indian Rupees(Rs.),7.8,3.0,Orange,Average,3.0 - 3.9 (Moderate),26,9.89,26,101.4
8607,18430593,500.0,Indian Rupees(Rs.),6.0,3.2,Orange,Average,3.0 - 3.9 (Moderate),13,8.44,20,60.0
8608,18349929,400.0,Indian Rupees(Rs.),4.8,3.1,Orange,Average,3.0 - 3.9 (Moderate),7,6.45,7,16.8
8609,18408048,1300.0,Indian Rupees(Rs.),15.6,3.7,Yellow,Good,3.0 - 3.9 (Moderate),53,14.76,53,413.4
8610,305222,500.0,Indian Rupees(Rs.),6.0,3.5,Yellow,Good,3.0 - 3.9 (Moderate),53,13.96,53,159.0
8611,18356801,300.0,Indian Rupees(Rs.),3.6,0.0,White,Not rated,Unrated,2,0.0,3,5.4
8612,18432198,100.0,Indian Rupees(Rs.),1.2,0.0,White,Not rated,Unrated,1,0.0,1,0.6
8613,18432025,250.0,Indian Rupees(Rs.),3.0,0.0,White,Not rated,Unrated,0,0.0,0,0.0
8614,18265399,300.0,Indian Rupees(Rs.),3.6,0.0,White,Not rated,Unrated,0,0.0,0,0.0
8615,18432194,300.0,Indian Rupees(Rs.),3.6,0.0,White,Not rated,Unrated,0,0.0,0,0.0
8616,8385,700.0,Indian Rupees(Rs.),8.4,2.4,Red,Poor,< 3.0 (Low),70,10.23,70,294.0
8617,309799,500.0,Indian Rupees(Rs.),6.0,4.0,Green,Very Good,4.0 - 4.4 (High),183,20.86,274,822.0
8618,6800,650.0,Indian Rupees(Rs.),7.8,3.4,Orange,Average,3.0 - 3.9 (Moderate),69,14.44,104,405.6
8619,18449659,600.0,Indian Rupees(Rs.),7.2,3.0,Orange,Average,3.0 - 3.9 (Moderate),7,6.24,10,36.0
8620,18438249,400.0,Indian Rupees(Rs.),4.8,3.0,Orange,Average,3.0 - 3.9 (Moderate),4,4.83,4,9.6
8621,18489509,500.0,Indian Rupees(Rs.),6.0,3.3,Orange,Average,3.0 - 3.9 (Moderate),10,7.91,15,45.0
8622,18155147,150.0,Indian Rupees(Rs.),1.8,0.0,White,Not rated,Unrated,1,0.0,1,0.9
8623,18388032,400.0,Indian Rupees(Rs.),4.8,3.4,Orange,Average,3.0 - 3.9 (Moderate),24,10.94,24,57.6
8624,18478565,250.0,Indian Rupees(Rs.),3.0,0.0,White,Not rated,Unrated,0,0.0,0,0.0
8625,313410,600.0,Indian Rupees(Rs.),7.2,3.2,Orange,Average,3.0 - 3.9 (Moderate),364,18.88,546,1965.6
8626,311974,300.0,Indian Rupees(Rs.),3.6,3.3,Orange,Average,3.0 - 3.9 (Moderate),12,8.46,18,32.4
8627,5686,350.0,Indian Rupees(Rs.),4.2,3.1,Orange,Average,3.0 - 3.9 (Moderate),16,8.78,16,33.6
8628,18396157,300.0,Indian Rupees(Rs.),3.6,3.1,Orange,Average,3.0 - 3.9 (Moderate),9,7.14,14,25.2
8629,5681,400.0,Indian Rupees(Rs.),4.8,2.9,Orange,Average,< 3.0 (Low),22,9.09,22,52.8
8630,307424,700.0,Indian Rupees(Rs.),8.4,2.5,Orange,Average,< 3.0 (Low),27,8.33,27,113.4
8631,8084,150.0,Indian Rupees(Rs.),1.8,3.4,Orange,Average,3.0 - 3.9 (Moderate),117,16.22,117,105.3
8632,18412870,500.0,Indian Rupees(Rs.),6.0,3.2,Orange,Average,3.0 - 3.9 (Moderate),5,5.73,8,24.0
8633,18412876,600.0,Indian Rupees(Rs.),7.2,3.1,Orange,Average,3.0 - 3.9 (Moderate),10,7.43,15,54.0
8634,306551,350.0,Indian Rupees(Rs.),4.2,2.7,Orange,Average,< 3.0 (Low),25,8.8,25,52.5
8635,8095,450.0,Indian Rupees(Rs.),5.4,2.9,Orange,Average,< 3.0 (Low),56,11.72,56,151.2
8636,308648,300.0,Indian Rupees(Rs.),3.6,3.2,Orange,Average,3.0 - 3.9 (Moderate),41,11.96,41,73.8
8637,18352184,400.0,Indian Rupees(Rs.),4.8,2.9,Orange,Average,< 3.0 (Low),4,4.67,4,9.6
8638,17977758,400.0,Indian Rupees(Rs.),4.8,3.3,Orange,Average,3.0 - 3.9 (Moderate),39,12.17,39,93.6
8639,18370702,600.0,Indian Rupees(Rs.),7.2,3.3,Orange,Average,3.0 - 3.9 (Moderate),15,9.15,22,79.2
8640,18322612,550.0,Indian Rupees(Rs.),6.6,3.2,Orange,Average,3.0 - 3.9 (Moderate),34,11.38,51,168.3
8641,18412866,500.0,Indian Rupees(Rs.),6.0,3.3,Orange,Average,3.0 - 3.9 (Moderate),26,10.88,39,117.0
8642,18396425,600.0,Indian Rupees(Rs.),7.2,3.4,Orange,Average,3.0 - 3.9 (Moderate),21,10.51,32,115.2
8643,18287405,450.0,Indian Rupees(Rs.),5.4,2.5,Orange,Average,< 3.0 (Low),13,6.6,20,54.0
8644,18466390,1300.0,Indian Rupees(Rs.),15.6,3.0,Orange,Average,3.0 - 3.9 (Moderate),6,5.84,9,70.2
8645,18219556,350.0,Indian Rupees(Rs.),4.2,3.4,Orange,Average,3.0 - 3.9 (Moderate),66,14.3,66,138.6
8646,311332,300.0,Indian Rupees(Rs.),3.6,3.0,Orange,Average,3.0 - 3.9 (Moderate),6,5.84,6,10.8
8647,18439546,300.0,Indian Rupees(Rs.),3.6,2.8,Orange,Average,< 3.0 (Low),10,6.71,15,27.0
8648,18441667,700.0,Indian Rupees(Rs.),8.4,3.6,Yellow,Good,3.0 - 3.9 (Moderate),43,13.62,64,268.8
8649,18363088,600.0,Indian Rupees(Rs.),7.2,3.5,Yellow,Good,3.0 - 3.9 (Moderate),63,14.56,94,338.4
8650,18454463,500.0,Indian Rupees(Rs.),6.0,3.7,Yellow,Good,3.0 - 3.9 (Moderate),27,12.33,40,120.0
8651,18450749,400.0,Indian Rupees(Rs.),4.8,3.6,Yellow,Good,3.0 - 3.9 (Moderate),38,13.19,57,136.8
8652,18381230,400.0,Indian Rupees(Rs.),4.8,3.5,Yellow,Good,3.0 - 3.9 (Moderate),29,11.9,44,105.6
8653,18332051,700.0,Indian Rupees(Rs.),8.4,3.5,Yellow,Good,3.0 - 3.9 (Moderate),63,14.56,94,394.8
8654,18339370,500.0,Indian Rupees(Rs.),6.0,0.0,White,Not rated,Unrated,1,0.0,1,3.0
8655,18439534,500.0,Indian Rupees(Rs.),6.0,0.0,White,Not rated,Unrated,3,0.0,3,9.0
8656,18432190,600.0,Indian Rupees(Rs.),7.2,0.0,White,Not rated,Unrated,1,0.0,1,3.6
8657,18412897,200.0,Indian Rupees(Rs.),2.4,0.0,White,Not rated,Unrated,2,0.0,3,3.6
8658,18383529,400.0,Indian Rupees(Rs.),4.8,0.0,White,Not rated,Unrated,0,0.0,0,0.0
8659,18383549,400.0,Indian Rupees(Rs.),4.8,0.0,White,Not rated,Unrated,2,0.0,2,4.8
8660,18430878,900.0,Indian Rupees(Rs.),10.8,0.0,White,Not rated,Unrated,0,0.0,0,0.0
8661,18481312,350.0,Indian Rupees(Rs.),4.2,0.0,White,Not rated,Unrated,1,0.0,1,2.1
8662,18478971,300.0,Indian Rupees(Rs.),3.6,0.0,White,Not rated,Unrated,0,0.0,0,0.0
8663,18439535,600.0,Indian Rupees(Rs.),7.2,0.0,White,Not rated,Unrated,2,0.0,2,7.2
8664,307974,600.0,Indian Rupees(Rs.),7.2,0.0,White,Not rated,Unrated,3,0.0,4,14.4
8665,18430884,800.0,Indian Rupees(Rs.),9.6,0.0,White,Not rated,Unrated,0,0.0,0,0.0
8666,18460087,200.0,Indian Rupees(Rs.),2.4,0.0,White,Not rated,Unrated,0,0.0,0,0.0
8667,1337,700.0,Indian Rupees(Rs.),8.4,2.4,Red,Poor,< 3.0 (Low),52,9.53,52,218.4
8668,311342,800.0,Indian Rupees(Rs.),9.6,2.4,Red,Poor,< 3.0 (Low),5,4.3,8,38.4
8669,18438435,500.0,Indian Rupees(Rs.),6.0,4.1,Green,Very Good,4.0 - 4.4 (High),43,15.52,64,192.0
8670,18425976,200.0,Indian Rupees(Rs.),2.4,2.7,Orange,Average,< 3.0 (Low),6,5.25,9,10.8
8671,18463984,500.0,Indian Rupees(Rs.),6.0,3.0,Orange,Average,3.0 - 3.9 (Moderate),4,4.83,4,12.0
8672,18370372,500.0,Indian Rupees(Rs.),6.0,2.9,Orange,Average,< 3.0 (Low),52,11.51,52,156.0
8673,18433903,800.0,Indian Rupees(Rs.),9.6,3.2,Orange,Average,3.0 - 3.9 (Moderate),11,7.95,11,52.8
8674,18391172,600.0,Indian Rupees(Rs.),7.2,3.1,Orange,Average,3.0 - 3.9 (Moderate),9,7.14,14,50.4
8675,310539,200.0,Indian Rupees(Rs.),2.4,2.5,Orange,Average,< 3.0 (Low),19,7.49,28,33.6
8676,18383527,600.0,Indian Rupees(Rs.),7.2,3.4,Orange,Average,3.0 - 3.9 (Moderate),18,10.01,27,97.2
8677,310695,450.0,Indian Rupees(Rs.),5.4,2.9,Orange,Average,< 3.0 (Low),15,8.04,15,40.5
8678,308763,200.0,Indian Rupees(Rs.),2.4,3.0,Orange,Average,3.0 - 3.9 (Moderate),7,6.24,7,8.4
8679,309135,400.0,Indian Rupees(Rs.),4.8,2.8,Orange,Average,< 3.0 (Low),8,6.15,8,19.2
8680,3740,550.0,Indian Rupees(Rs.),6.6,3.7,Yellow,Good,3.0 - 3.9 (Moderate),431,22.45,646,2131.8
8681,18400723,600.0,Indian Rupees(Rs.),7.2,3.7,Yellow,Good,3.0 - 3.9 (Moderate),47,14.32,70,252.0
8682,18383486,650.0,Indian Rupees(Rs.),7.8,3.8,Yellow,Good,3.0 - 3.9 (Moderate),40,14.11,60,234.0
8683,18454484,500.0,Indian Rupees(Rs.),6.0,0.0,White,Not rated,Unrated,0,0.0,0,0.0
8684,18398614,400.0,Indian Rupees(Rs.),4.8,0.0,White,Not rated,Unrated,3,0.0,3,7.2
8685,18373560,500.0,Indian Rupees(Rs.),6.0,0.0,White,Not rated,Unrated,1,0.0,1,3.0
8686,18478972,250.0,Indian Rupees(Rs.),3.0,0.0,White,Not rated,Unrated,0,0.0,0,0.0
8687,18381258,500.0,Indian Rupees(Rs.),6.0,0.0,White,Not rated,Unrated,0,0.0,0,0.0
8688,18420881,400.0,Indian Rupees(Rs.),4.8,0.0,White,Not rated,Unrated,0,0.0,0,0.0
8689,18499456,400.0,Indian Rupees(Rs.),4.8,0.0,White,Not rated,Unrated,0,0.0,0,0.0
8690,18433905,250.0,Indian Rupees(Rs.),3.0,0.0,White,Not rated,Unrated,0,0.0,0,0.0
8691,18448608,700.0,Indian Rupees(Rs.),8.4,0.0,White,Not rated,Unrated,0,0.0,0,0.0
8692,18387305,100.0,Indian Rupees(Rs.),1.2,0.0,White,Not rated,Unrated,1,0.0,1,0.6
8693,18317511,650.0,Indian Rupees(Rs.),7.8,3.3,Orange,Average,3.0 - 3.9 (Moderate),49,12.91,74,288.6
8694,18472676,350.0,Indian Rupees(Rs.),4.2,3.3,Orange,Average,3.0 - 3.9 (Moderate),11,8.2,11,23.1
8695,18244257,550.0,Indian Rupees(Rs.),6.6,3.1,Orange,Average,3.0 - 3.9 (Moderate),80,13.62,120,396.0
8696,18228857,500.0,Indian Rupees(Rs.),6.0,2.9,Orange,Average,< 3.0 (Low),4,4.67,4,12.0
8697,18456765,200.0,Indian Rupees(Rs.),2.4,0.0,White,Not rated,Unrated,1,0.0,1,1.2
8698,18317512,300.0,Indian Rupees(Rs.),3.6,0.0,White,Not rated,Unrated,2,0.0,3,5.4
8699,18432231,300.0,Indian Rupees(Rs.),3.6,0.0,White,Not rated,Unrated,0,0.0,0,0.0
8700,18486776,150.0,Indian Rupees(Rs.),1.8,0.0,White,Not rated,Unrated,0,0.0,0,0.0
8701,18432236,450.0,Indian Rupees(Rs.),5.4,0.0,White,Not rated,Unrated,0,0.0,0,0.0
8702,311706,300.0,Indian Rupees(Rs.),3.6,3.0,Orange,Average,3.0 - 3.9 (Moderate),9,6.91,9,16.2
8703,18410380,650.0,Indian Rupees(Rs.),7.8,3.4,Orange,Average,3.0 - 3.9 (Moderate),20,10.35,20,78.0
8704,18426112,200.0,Indian Rupees(Rs.),2.4,0.0,White,Not rated,Unrated,0,0.0,0,0.0
8705,18418205,500.0,Indian Rupees(Rs.),6.0,0.0,White,Not rated,Unrated,0,0.0,0,0.0
8706,18352161,200.0,Indian Rupees(Rs.),2.4,0.0,White,Not rated,Unrated,3,0.0,3,3.6
8707,18234101,150.0,Indian Rupees(Rs.),1.8,0.0,White,Not rated,Unrated,1,0.0,1,0.9
8708,312313,400.0,Indian Rupees(Rs.),4.8,2.8,Orange,Average,< 3.0 (Low),5,5.02,5,12.0
8709,18339329,550.0,Indian Rupees(Rs.),6.6,2.9,Orange,Average,< 3.0 (Low),4,4.67,4,13.2
8710,304818,550.0,Indian Rupees(Rs.),6.6,3.0,Orange,Average,3.0 - 3.9 (Moderate),27,10.0,27,89.1
8711,18303838,700.0,Indian Rupees(Rs.),8.4,3.0,Orange,Average,3.0 - 3.9 (Moderate),5,5.38,5,21.0
8712,310724,500.0,Indian Rupees(Rs.),6.0,3.1,Orange,Average,3.0 - 3.9 (Moderate),7,6.45,7,21.0
8713,310753,250.0,Indian Rupees(Rs.),3.0,3.4,Orange,Average,3.0 - 3.9 (Moderate),22,10.66,33,49.5
8714,18435295,300.0,Indian Rupees(Rs.),3.6,0.0,White,Not rated,Unrated,1,0.0,1,1.8
8715,18281160,200.0,Indian Rupees(Rs.),2.4,0.0,White,Not rated,Unrated,0,0.0,0,0.0
8716,309155,700.0,Indian Rupees(Rs.),8.4,2.3,Red,Poor,< 3.0 (Low),38,8.43,38,159.6
8717,18289230,450.0,Indian Rupees(Rs.),5.4,2.4,Red,Poor,< 3.0 (Low),7,4.99,10,27.0
8718,18277218,500.0,Indian Rupees(Rs.),6.0,3.0,Orange,Average,3.0 - 3.9 (Moderate),11,7.45,11,33.0
8719,18133492,400.0,Indian Rupees(Rs.),4.8,3.2,Orange,Average,3.0 - 3.9 (Moderate),61,13.21,92,220.8
8720,18332086,450.0,Indian Rupees(Rs.),5.4,3.5,Yellow,Good,3.0 - 3.9 (Moderate),76,15.2,114,307.8
8721,18419113,300.0,Indian Rupees(Rs.),3.6,0.0,White,Not rated,Unrated,0,0.0,0,0.0
8722,18203626,250.0,Indian Rupees(Rs.),3.0,3.8,Yellow,Good,3.0 - 3.9 (Moderate),89,17.1,89,133.5
8723,312978,300.0,Indian Rupees(Rs.),3.6,3.5,Yellow,Good,3.0 - 3.9 (Moderate),87,15.67,130,234.0
8724,18451091,100.0,Indian Rupees(Rs.),1.2,0.0,White,Not rated,Unrated,0,0.0,0,0.0
8725,304727,450.0,Indian Rupees(Rs.),5.4,2.7,Orange,Average,< 3.0 (Low),42,10.16,42,113.4
8726,3679,450.0,Indian Rupees(Rs.),5.4,3.4,Orange,Average,3.0 - 3.9 (Moderate),18,10.01,18,48.6
8727,306023,800.0,Indian Rupees(Rs.),9.6,2.7,Orange,Average,< 3.0 (Low),340,15.75,510,2448.0
8728,18378765,400.0,Indian Rupees(Rs.),4.8,3.1,Orange,Average,3.0 - 3.9 (Moderate),10,7.43,10,24.0
8729,18014129,500.0,Indian Rupees(Rs.),6.0,3.3,Orange,Average,3.0 - 3.9 (Moderate),141,16.35,212,636.0
8730,301081,750.0,Indian Rupees(Rs.),9.0,3.4,Orange,Average,3.0 - 3.9 (Moderate),369,20.11,554,2493.0
8731,2971,800.0,Indian Rupees(Rs.),9.6,2.5,Orange,Average,< 3.0 (Low),206,13.33,206,988.8
8732,302406,400.0,Indian Rupees(Rs.),4.8,2.7,Orange,Average,< 3.0 (Low),53,10.77,53,127.2
8733,18254253,450.0,Indian Rupees(Rs.),5.4,3.4,Orange,Average,3.0 - 3.9 (Moderate),51,13.43,76,205.2
8734,18138435,300.0,Indian Rupees(Rs.),3.6,3.0,Orange,Average,3.0 - 3.9 (Moderate),11,7.45,11,19.8
8735,5684,400.0,Indian Rupees(Rs.),4.8,3.4,Orange,Average,3.0 - 3.9 (Moderate),29,11.56,29,69.6
8736,1745,500.0,Indian Rupees(Rs.),6.0,2.8,Orange,Average,< 3.0 (Low),113,13.26,170,510.0
8737,3707,500.0,Indian Rupees(Rs.),6.0,2.5,Orange,Average,< 3.0 (Low),165,12.78,165,495.0
8738,18371395,550.0,Indian Rupees(Rs.),6.6,3.2,Orange,Average,3.0 - 3.9 (Moderate),48,12.45,72,237.6
8739,310766,650.0,Indian Rupees(Rs.),7.8,2.6,Orange,Average,< 3.0 (Low),147,12.99,220,858.0
8740,2939,1300.0,Indian Rupees(Rs.),15.6,2.5,Orange,Average,< 3.0 (Low),252,13.83,378,2948.4
8741,1919,250.0,Indian Rupees(Rs.),3.0,3.6,Yellow,Good,3.0 - 3.9 (Moderate),69,15.29,69,103.5
8742,9313,700.0,Indian Rupees(Rs.),8.4,3.5,Yellow,Good,3.0 - 3.9 (Moderate),203,18.61,304,1276.8
8743,18470627,300.0,Indian Rupees(Rs.),3.6,0.0,White,Not rated,Unrated,0,0.0,0,0.0
8744,18273432,300.0,Indian Rupees(Rs.),3.6,0.0,White,Not rated,Unrated,0,0.0,0,0.0
8745,18163927,600.0,Indian Rupees(Rs.),7.2,0.0,White,Not rated,Unrated,2,0.0,2,7.2
8746,18373828,450.0,Indian Rupees(Rs.),5.4,0.0,White,Not rated,Unrated,0,0.0,0,0.0
8747,18252364,400.0,Indian Rupees(Rs.),4.8,0.0,White,Not rated,Unrated,0,0.0,0,0.0
8748,18376068,300.0,Indian Rupees(Rs.),3.6,0.0,White,Not rated,Unrated,0,0.0,0,0.0
8749,308725,800.0,Indian Rupees(Rs.),9.6,2.3,Red,Poor,< 3.0 (Low),91,10.4,136,652.8
8750,385,700.0,Indian Rupees(Rs.),8.4,2.4,Red,Poor,< 3.0 (Low),161,12.21,161,676.2
8751,18432227,600.0,Indian Rupees(Rs.),7.2,2.3,Red,Poor,< 3.0 (Low),12,5.9,18,64.8
8752,308441,500.0,Indian Rupees(Rs.),6.0,2.3,Red,Poor,< 3.0 (Low),115,10.93,172,516.0
8753,2327,800.0,Indian Rupees(Rs.),9.6,2.3,Red,Poor,< 3.0 (Low),173,11.87,260,1248.0
8754,313045,1300.0,Indian Rupees(Rs.),15.6,2.4,Red,Poor,< 3.0 (Low),56,9.7,84,655.2
8755,309818,750.0,Indian Rupees(Rs.),9.0,2.4,Red,Poor,< 3.0 (Low),137,11.83,137,616.5
8756,311341,800.0,Indian Rupees(Rs.),9.6,2.4,Red,Poor,< 3.0 (Low),21,7.42,32,153.6
8757,18398605,700.0,Indian Rupees(Rs.),8.4,4.1,Green,Very Good,4.0 - 4.4 (High),126,19.86,189,793.8
8758,18383531,1300.0,Indian Rupees(Rs.),15.6,4.3,Green,Very Good,4.0 - 4.4 (High),150,21.57,225,1755.0
8759,306167,500.0,Indian Rupees(Rs.),6.0,4.1,Green,Very Good,4.0 - 4.4 (High),516,25.62,516,1548.0
8760,308059,650.0,Indian Rupees(Rs.),7.8,2.7,Orange,Average,< 3.0 (Low),27,9.0,27,105.3
8761,18489511,350.0,Indian Rupees(Rs.),4.2,3.0,Orange,Average,3.0 - 3.9 (Moderate),5,5.38,5,10.5
8762,18388008,150.0,Indian Rupees(Rs.),1.8,2.8,Orange,Average,< 3.0 (Low),11,6.96,11,9.9
8763,18255153,350.0,Indian Rupees(Rs.),4.2,2.7,Orange,Average,< 3.0 (Low),9,6.22,9,18.9
8764,313164,650.0,Indian Rupees(Rs.),7.8,3.1,Orange,Average,3.0 - 3.9 (Moderate),29,10.54,44,171.6
8765,18432195,500.0,Indian Rupees(Rs.),6.0,3.6,Yellow,Good,3.0 - 3.9 (Moderate),19,10.78,28,84.0
8766,18261811,600.0,Indian Rupees(Rs.),7.2,3.7,Yellow,Good,3.0 - 3.9 (Moderate),142,18.36,213,766.8
8767,18377891,600.0,Indian Rupees(Rs.),7.2,3.6,Yellow,Good,3.0 - 3.9 (Moderate),33,12.69,33,118.8
8768,18273047,550.0,Indian Rupees(Rs.),6.6,3.6,Yellow,Good,3.0 - 3.9 (Moderate),49,14.08,74,244.2
8769,18261720,500.0,Indian Rupees(Rs.),6.0,3.5,Yellow,Good,3.0 - 3.9 (Moderate),61,14.44,92,276.0
8770,18435293,450.0,Indian Rupees(Rs.),5.4,0.0,White,Not rated,Unrated,0,0.0,0,0.0
8771,18480748,500.0,Indian Rupees(Rs.),6.0,0.0,White,Not rated,Unrated,0,0.0,0,0.0
8772,18480216,500.0,Indian Rupees(Rs.),6.0,0.0,White,Not rated,Unrated,0,0.0,0,0.0
8773,18478977,500.0,Indian Rupees(Rs.),6.0,0.0,White,Not rated,Unrated,2,0.0,2,6.0
8774,18500639,400.0,Indian Rupees(Rs.),4.8,0.0,White,Not rated,Unrated,0,0.0,0,0.0
8775,18357573,500.0,Indian Rupees(Rs.),6.0,0.0,White,Not rated,Unrated,0,0.0,0,0.0
8776,18435297,500.0,Indian Rupees(Rs.),6.0,0.0,White,Not rated,Unrated,0,0.0,0,0.0
8777,18322688,150.0,Indian Rupees(Rs.),1.8,0.0,White,Not rated,Unrated,1,0.0,1,0.9
8778,18383521,400.0,Indian Rupees(Rs.),4.8,0.0,White,Not rated,Unrated,2,0.0,2,4.8
8779,18337906,300.0,Indian Rupees(Rs.),3.6,0.0,White,Not rated,Unrated,2,0.0,2,3.6
8780,18351422,450.0,Indian Rupees(Rs.),5.4,0.0,White,Not rated,Unrated,1,0.0,1,2.7
8781,18353796,400.0,Indian Rupees(Rs.),4.8,0.0,White,Not rated,Unrated,0,0.0,0,0.0
8782,18495875,100.0,Indian Rupees(Rs.),1.2,0.0,White,Not rated,Unrated,1,0.0,1,0.6
8783,18480321,500.0,Indian Rupees(Rs.),6.0,0.0,White,Not rated,Unrated,0,0.0,0,0.0
8784,18332475,800.0,Indian Rupees(Rs.),9.6,0.0,White,Not rated,Unrated,3,0.0,3,14.4
8785,18439522,550.0,Indian Rupees(Rs.),6.6,0.0,White,Not rated,Unrated,2,0.0,3,9.9
8786,18481291,500.0,Indian Rupees(Rs.),6.0,0.0,White,Not rated,Unrated,0,0.0,0,0.0
8787,1498,700.0,Indian Rupees(Rs.),8.4,2.3,Red,Poor,< 3.0 (Low),230,12.52,345,1449.0
8788,18258491,800.0,Indian Rupees(Rs.),9.6,3.2,Orange,Average,3.0 - 3.9 (Moderate),65,13.41,65,312.0
8789,304484,150.0,Indian Rupees(Rs.),1.8,2.9,Orange,Average,< 3.0 (Low),11,7.21,11,9.9
8790,18477658,300.0,Indian Rupees(Rs.),3.6,0.0,White,Not rated,Unrated,2,0.0,2,3.6
8791,18368602,300.0,Indian Rupees(Rs.),3.6,0.0,White,Not rated,Unrated,2,0.0,2,3.6
8792,18435807,200.0,Indian Rupees(Rs.),2.4,0.0,White,Not rated,Unrated,0,0.0,0,0.0
8793,18287399,800.0,Indian Rupees(Rs.),9.6,2.9,Orange,Average,< 3.0 (Low),6,5.64,9,43.2
8794,309873,600.0,Indian Rupees(Rs.),7.2,2.9,Orange,Average,< 3.0 (Low),25,9.45,25,90.0
8795,310170,650.0,Indian Rupees(Rs.),7.8,3.1,Orange,Average,3.0 - 3.9 (Moderate),39,11.44,58,226.2
8796,8497,650.0,Indian Rupees(Rs.),7.8,3.2,Orange,Average,3.0 - 3.9 (Moderate),193,16.86,290,1131.0
8797,312184,500.0,Indian Rupees(Rs.),6.0,2.6,Orange,Average,< 3.0 (Low),9,5.99,14,42.0
8798,18082207,500.0,Indian Rupees(Rs.),6.0,3.8,Yellow,Good,3.0 - 3.9 (Moderate),200,20.15,300,900.0
8799,18144457,600.0,Indian Rupees(Rs.),7.2,3.5,Yellow,Good,3.0 - 3.9 (Moderate),123,16.87,184,662.4
8800,18346998,300.0,Indian Rupees(Rs.),3.6,0.0,White,Not rated,Unrated,0,0.0,0,0.0
8801,18435308,400.0,Indian Rupees(Rs.),4.8,0.0,White,Not rated,Unrated,1,0.0,1,2.4
8802,18291227,350.0,Indian Rupees(Rs.),4.2,0.0,White,Not rated,Unrated,2,0.0,2,4.2
8803,18435795,50.0,Indian Rupees(Rs.),0.6,0.0,White,Not rated,Unrated,0,0.0,0,0.0
8804,18383031,500.0,Indian Rupees(Rs.),6.0,0.0,White,Not rated,Unrated,2,0.0,3,9.0
8805,304750,150.0,Indian Rupees(Rs.),1.8,0.0,White,Not rated,Unrated,0,0.0,0,0.0
8806,18435790,300.0,Indian Rupees(Rs.),3.6,0.0,White,Not rated,Unrated,0,0.0,0,0.0
8807,18244407,300.0,Indian Rupees(Rs.),3.6,0.0,White,Not rated,Unrated,0,0.0,0,0.0
8808,18428215,250.0,Indian Rupees(Rs.),3.0,0.0,White,Not rated,Unrated,3,0.0,3,4.5
8809,18382356,400.0,Indian Rupees(Rs.),4.8,0.0,White,Not rated,Unrated,0,0.0,0,0.0
8810,307841,350.0,Indian Rupees(Rs.),4.2,2.1,Red,Poor,< 3.0 (Low),56,8.49,84,176.4
8811,18157407,500.0,Indian Rupees(Rs.),6.0,2.3,Red,Poor,< 3.0 (Low),23,7.31,34,102.0
8812,8068,150.0,Indian Rupees(Rs.),1.8,2.9,Orange,Average,< 3.0 (Low),4,4.67,4,3.6
8813,18435313,300.0,Indian Rupees(Rs.),3.6,0.0,White,Not rated,Unrated,0,0.0,0,0.0
8814,18249124,300.0,Indian Rupees(Rs.),3.6,2.9,Orange,Average,< 3.0 (Low),4,4.67,4,7.2
8815,302502,500.0,Indian Rupees(Rs.),6.0,3.1,Orange,Average,3.0 - 3.9 (Moderate),144,15.43,216,648.0
8816,313329,500.0,Indian Rupees(Rs.),6.0,2.5,Orange,Average,< 3.0 (Low),7,5.2,10,30.0
8817,18126119,150.0,Indian Rupees(Rs.),1.8,0.0,White,Not rated,Unrated,0,0.0,0,0.0
8818,18435805,200.0,Indian Rupees(Rs.),2.4,0.0,White,Not rated,Unrated,0,0.0,0,0.0
8819,18409196,300.0,Indian Rupees(Rs.),3.6,0.0,White,Not rated,Unrated,0,0.0,0,0.0
8820,501,650.0,Indian Rupees(Rs.),7.8,3.0,Orange,Average,3.0 - 3.9 (Moderate),7,6.24,7,27.3
8821,510,650.0,Indian Rupees(Rs.),7.8,2.9,Orange,Average,< 3.0 (Low),5,5.2,5,19.5
8822,18418274,600.0,Indian Rupees(Rs.),7.2,3.3,Orange,Average,3.0 - 3.9 (Moderate),15,9.15,22,79.2
8823,5746,300.0,Indian Rupees(Rs.),3.6,3.1,Orange,Average,3.0 - 3.9 (Moderate),29,10.54,29,52.2
8824,18215963,400.0,Indian Rupees(Rs.),4.8,2.7,Orange,Average,< 3.0 (Low),15,7.49,22,52.8
8825,18432232,500.0,Indian Rupees(Rs.),6.0,0.0,White,Not rated,Unrated,0,0.0,0,0.0
8826,304487,150.0,Indian Rupees(Rs.),1.8,0.0,White,Not rated,Unrated,0,0.0,0,0.0
8827,18433909,300.0,Indian Rupees(Rs.),3.6,0.0,White,Not rated,Unrated,0,0.0,0,0.0
8828,8096,300.0,Indian Rupees(Rs.),3.6,0.0,White,Not rated,Unrated,2,0.0,2,3.6
8829,18459896,200.0,Indian Rupees(Rs.),2.4,0.0,White,Not rated,Unrated,1,0.0,1,1.2
8830,5702,150.0,Indian Rupees(Rs.),1.8,0.0,White,Not rated,Unrated,2,0.0,2,1.8
8831,304502,100.0,Indian Rupees(Rs.),1.2,0.0,White,Not rated,Unrated,0,0.0,0,0.0
8832,18432196,100.0,Indian Rupees(Rs.),1.2,0.0,White,Not rated,Unrated,0,0.0,0,0.0
8833,18414468,650.0,Indian Rupees(Rs.),7.8,2.7,Orange,Average,< 3.0 (Low),8,5.93,12,46.8
8834,8090,300.0,Indian Rupees(Rs.),3.6,2.7,Orange,Average,< 3.0 (Low),15,7.49,15,27.0
8835,8092,350.0,Indian Rupees(Rs.),4.2,2.9,Orange,Average,< 3.0 (Low),12,7.44,12,25.2
8836,18391140,350.0,Indian Rupees(Rs.),4.2,3.1,Orange,Average,3.0 - 3.9 (Moderate),10,7.43,10,21.0
8837,312935,700.0,Indian Rupees(Rs.),8.4,0.0,White,Not rated,Unrated,1,0.0,1,4.2
8838,18313786,200.0,Indian Rupees(Rs.),2.4,0.0,White,Not rated,Unrated,2,0.0,2,2.4
8839,18432223,300.0,Indian Rupees(Rs.),3.6,0.0,White,Not rated,Unrated,0,0.0,0,0.0
8840,8077,150.0,Indian Rupees(Rs.),1.8,3.1,Orange,Average,3.0 - 3.9 (Moderate),7,6.45,7,6.3
8841,8089,250.0,Indian Rupees(Rs.),3.0,0.0,White,Not rated,Unrated,2,0.0,2,3.0
8842,18368771,200.0,Indian Rupees(Rs.),2.4,0.0,White,Not rated,Unrated,0,0.0,0,0.0
8843,18481296,500.0,Indian Rupees(Rs.),6.0,0.0,White,Not rated,Unrated,0,0.0,0,0.0
8844,18128894,300.0,Indian Rupees(Rs.),3.6,3.4,Orange,Average,3.0 - 3.9 (Moderate),30,11.68,30,54.0
8845,18451823,650.0,Indian Rupees(Rs.),7.8,3.1,Orange,Average,3.0 - 3.9 (Moderate),6,6.03,9,35.1
8846,18469955,450.0,Indian Rupees(Rs.),5.4,0.0,White,Not rated,Unrated,0,0.0,0,0.0
8847,18466392,300.0,Indian Rupees(Rs.),3.6,0.0,White,Not rated,Unrated,0,0.0,0,0.0
8848,310755,300.0,Indian Rupees(Rs.),3.6,0.0,White,Not rated,Unrated,3,0.0,3,5.4
8849,312186,200.0,Indian Rupees(Rs.),2.4,3.2,Orange,Average,3.0 - 3.9 (Moderate),19,9.59,28,33.6
8850,4469,1100.0,Indian Rupees(Rs.),13.2,3.2,Orange,Average,3.0 - 3.9 (Moderate),325,18.52,325,2145.0
8851,18423860,400.0,Indian Rupees(Rs.),4.8,3.0,Orange,Average,3.0 - 3.9 (Moderate),4,4.83,4,9.6
8852,307335,150.0,Indian Rupees(Rs.),1.8,2.7,Orange,Average,< 3.0 (Low),11,6.71,11,9.9
8853,5698,450.0,Indian Rupees(Rs.),5.4,3.0,Orange,Average,3.0 - 3.9 (Moderate),26,9.89,26,70.2
8854,8130,450.0,Indian Rupees(Rs.),5.4,3.0,Orange,Average,3.0 - 3.9 (Moderate),14,8.12,14,37.8
8855,311533,400.0,Indian Rupees(Rs.),4.8,3.2,Orange,Average,3.0 - 3.9 (Moderate),16,9.07,16,38.4
8856,18268502,500.0,Indian Rupees(Rs.),6.0,3.2,Orange,Average,3.0 - 3.9 (Moderate),17,9.25,17,51.0
8857,18285723,250.0,Indian Rupees(Rs.),3.0,3.1,Orange,Average,3.0 - 3.9 (Moderate),10,7.43,10,15.0
8858,308751,200.0,Indian Rupees(Rs.),2.4,2.9,Orange,Average,< 3.0 (Low),5,5.2,5,6.0
8859,18273567,300.0,Indian Rupees(Rs.),3.6,2.7,Orange,Average,< 3.0 (Low),9,6.22,9,16.2
8860,3753,1500.0,Indian Rupees(Rs.),18.0,3.1,Orange,Average,3.0 - 3.9 (Moderate),56,12.53,84,756.0
8861,18258503,700.0,Indian Rupees(Rs.),8.4,3.2,Orange,Average,3.0 - 3.9 (Moderate),33,11.28,50,210.0
8862,1844,700.0,Indian Rupees(Rs.),8.4,2.6,Orange,Average,< 3.0 (Low),118,12.43,118,495.6
8863,313305,400.0,Indian Rupees(Rs.),4.8,2.8,Orange,Average,< 3.0 (Low),12,7.18,12,28.8
8864,18281981,300.0,Indian Rupees(Rs.),3.6,3.2,Orange,Average,3.0 - 3.9 (Moderate),15,8.87,15,27.0
8865,308718,350.0,Indian Rupees(Rs.),4.2,2.5,Orange,Average,< 3.0 (Low),38,9.16,57,119.7
8866,18423098,200.0,Indian Rupees(Rs.),2.4,3.4,Orange,Average,3.0 - 3.9 (Moderate),16,9.63,24,28.8
8867,18435329,400.0,Indian Rupees(Rs.),4.8,3.1,Orange,Average,3.0 - 3.9 (Moderate),7,6.45,7,16.8
8868,18367978,350.0,Indian Rupees(Rs.),4.2,3.2,Orange,Average,3.0 - 3.9 (Moderate),11,7.95,16,33.6
8869,5777,250.0,Indian Rupees(Rs.),3.0,2.9,Orange,Average,< 3.0 (Low),4,4.67,4,6.0
8870,18396437,500.0,Indian Rupees(Rs.),6.0,3.3,Orange,Average,3.0 - 3.9 (Moderate),15,9.15,15,45.0
8871,18224549,400.0,Indian Rupees(Rs.),4.8,2.9,Orange,Average,< 3.0 (Low),6,5.64,6,14.4
8872,8138,200.0,Indian Rupees(Rs.),2.4,2.8,Orange,Average,< 3.0 (Low),14,7.58,14,16.8
8873,18281973,650.0,Indian Rupees(Rs.),7.8,2.7,Orange,Average,< 3.0 (Low),17,7.8,26,101.4
8874,18391059,200.0,Indian Rupees(Rs.),2.4,3.0,Orange,Average,3.0 - 3.9 (Moderate),5,5.38,5,6.0
8875,313049,400.0,Indian Rupees(Rs.),4.8,3.1,Orange,Average,3.0 - 3.9 (Moderate),9,7.14,9,21.6
8876,313250,650.0,Indian Rupees(Rs.),7.8,3.3,Orange,Average,3.0 - 3.9 (Moderate),50,12.98,50,195.0
8877,313358,1500.0,Indian Rupees(Rs.),18.0,3.1,Orange,Average,3.0 - 3.9 (Moderate),13,8.18,13,117.0
8878,18358191,300.0,Indian Rupees(Rs.),3.6,3.0,Orange,Average,3.0 - 3.9 (Moderate),5,5.38,5,9.0
8879,5696,1000.0,Indian Rupees(Rs.),12.0,3.1,Orange,Average,3.0 - 3.9 (Moderate),147,15.49,220,1320.0
8880,18252359,800.0,Indian Rupees(Rs.),9.6,3.2,Orange,Average,3.0 - 3.9 (Moderate),10,7.67,15,72.0
8881,4483,400.0,Indian Rupees(Rs.),4.8,3.1,Orange,Average,3.0 - 3.9 (Moderate),17,8.96,17,40.8
8882,5776,750.0,Indian Rupees(Rs.),9.0,2.9,Orange,Average,< 3.0 (Low),56,11.72,56,252.0
8883,8767,250.0,Indian Rupees(Rs.),3.0,2.8,Orange,Average,< 3.0 (Low),5,5.02,8,12.0
8884,311622,500.0,Indian Rupees(Rs.),6.0,3.4,Orange,Average,3.0 - 3.9 (Moderate),155,17.17,232,696.0
8885,308758,500.0,Indian Rupees(Rs.),6.0,2.5,Orange,Average,< 3.0 (Low),28,8.42,42,126.0
8886,303996,900.0,Indian Rupees(Rs.),10.8,2.8,Orange,Average,< 3.0 (Low),13,7.39,13,70.2
8887,18128867,300.0,Indian Rupees(Rs.),3.6,2.9,Orange,Average,< 3.0 (Low),9,6.68,9,16.2
8888,18160567,600.0,Indian Rupees(Rs.),7.2,3.0,Orange,Average,3.0 - 3.9 (Moderate),9,6.91,9,32.4
8889,18128892,500.0,Indian Rupees(Rs.),6.0,3.4,Orange,Average,3.0 - 3.9 (Moderate),30,11.68,45,135.0
8890,18380262,400.0,Indian Rupees(Rs.),4.8,3.5,Yellow,Good,3.0 - 3.9 (Moderate),33,12.34,33,79.2
8891,307703,400.0,Indian Rupees(Rs.),4.8,3.5,Yellow,Good,3.0 - 3.9 (Moderate),182,18.23,273,655.2
8892,302308,300.0,Indian Rupees(Rs.),3.6,3.8,Yellow,Good,3.0 - 3.9 (Moderate),401,22.79,401,721.8
8893,3939,500.0,Indian Rupees(Rs.),6.0,3.5,Yellow,Good,3.0 - 3.9 (Moderate),215,18.81,322,966.0
8894,311656,850.0,Indian Rupees(Rs.),10.2,3.6,Yellow,Good,3.0 - 3.9 (Moderate),114,17.08,171,872.1
8895,304441,100.0,Indian Rupees(Rs.),1.2,0.0,White,Not rated,Unrated,3,0.0,3,1.8
8896,18344518,100.0,Indian Rupees(Rs.),1.2,0.0,White,Not rated,Unrated,0,0.0,0,0.0
8897,304439,250.0,Indian Rupees(Rs.),3.0,0.0,White,Not rated,Unrated,2,0.0,2,3.0
8898,18312485,450.0,Indian Rupees(Rs.),5.4,0.0,White,Not rated,Unrated,0,0.0,0,0.0
8899,312188,250.0,Indian Rupees(Rs.),3.0,0.0,White,Not rated,Unrated,1,0.0,1,1.5
8900,18424577,250.0,Indian Rupees(Rs.),3.0,0.0,White,Not rated,Unrated,0,0.0,0,0.0
8901,312192,200.0,Indian Rupees(Rs.),2.4,0.0,White,Not rated,Unrated,0,0.0,0,0.0
8902,18424631,200.0,Indian Rupees(Rs.),2.4,0.0,White,Not rated,Unrated,0,0.0,0,0.0
8903,18474221,400.0,Indian Rupees(Rs.),4.8,0.0,White,Not rated,Unrated,0,0.0,0,0.0
8904,18268694,200.0,Indian Rupees(Rs.),2.4,0.0,White,Not rated,Unrated,1,0.0,1,1.2
8905,18381667,350.0,Indian Rupees(Rs.),4.2,0.0,White,Not rated,Unrated,0,0.0,0,0.0
8906,18424598,350.0,Indian Rupees(Rs.),4.2,0.0,White,Not rated,Unrated,1,0.0,1,2.1
8907,18423900,500.0,Indian Rupees(Rs.),6.0,0.0,White,Not rated,Unrated,0,0.0,0,0.0
8908,18347548,700.0,Indian Rupees(Rs.),8.4,0.0,White,Not rated,Unrated,0,0.0,0,0.0
8909,18281813,550.0,Indian Rupees(Rs.),6.6,0.0,White,Not rated,Unrated,2,0.0,2,6.6
8910,18423896,600.0,Indian Rupees(Rs.),7.2,0.0,White,Not rated,Unrated,1,0.0,2,7.2
8911,18423139,350.0,Indian Rupees(Rs.),4.2,0.0,White,Not rated,Unrated,1,0.0,1,2.1
8912,308717,350.0,Indian Rupees(Rs.),4.2,0.0,White,Not rated,Unrated,1,0.0,1,2.1
8913,310775,400.0,Indian Rupees(Rs.),4.8,0.0,White,Not rated,Unrated,0,0.0,0,0.0
8914,18274402,500.0,Indian Rupees(Rs.),6.0,0.0,White,Not rated,Unrated,2,0.0,3,9.0
8915,18382349,300.0,Indian Rupees(Rs.),3.6,0.0,White,Not rated,Unrated,2,0.0,2,3.6
8916,18423877,500.0,Indian Rupees(Rs.),6.0,0.0,White,Not rated,Unrated,2,0.0,2,6.0
8917,18424206,200.0,Indian Rupees(Rs.),2.4,0.0,White,Not rated,Unrated,0,0.0,0,0.0
8918,18424195,200.0,Indian Rupees(Rs.),2.4,0.0,White,Not rated,Unrated,0,0.0,0,0.0
8919,310770,400.0,Indian Rupees(Rs.),4.8,0.0,White,Not rated,Unrated,2,0.0,2,4.8
8920,18424588,200.0,Indian Rupees(Rs.),2.4,0.0,White,Not rated,Unrated,0,0.0,0,0.0
8921,18356798,250.0,Indian Rupees(Rs.),3.0,0.0,White,Not rated,Unrated,0,0.0,0,0.0
8922,304480,600.0,Indian Rupees(Rs.),7.2,2.4,Red,Poor,< 3.0 (Low),49,9.39,74,266.4
8923,4758,500.0,Indian Rupees(Rs.),6.0,2.4,Red,Poor,< 3.0 (Low),77,10.46,77,231.0
8924,7909,500.0,Indian Rupees(Rs.),6.0,2.4,Red,Poor,< 3.0 (Low),88,10.77,132,396.0
8925,18391137,750.0,Indian Rupees(Rs.),9.0,2.6,Orange,Average,< 3.0 (Low),4,4.18,6,27.0
8926,312428,450.0,Indian Rupees(Rs.),5.4,2.6,Orange,Average,< 3.0 (Low),11,6.46,16,43.2
8927,18448390,100.0,Indian Rupees(Rs.),1.2,0.0,White,Not rated,Unrated,0,0.0,0,0.0
8928,18462716,300.0,Indian Rupees(Rs.),3.6,0.0,White,Not rated,Unrated,1,0.0,1,1.8
8929,18492089,200.0,Indian Rupees(Rs.),2.4,0.0,White,Not rated,Unrated,0,0.0,0,0.0
8930,18424868,250.0,Indian Rupees(Rs.),3.0,0.0,White,Not rated,Unrated,0,0.0,0,0.0
8931,18415381,300.0,Indian Rupees(Rs.),3.6,0.0,White,Not rated,Unrated,0,0.0,0,0.0
8932,18492086,200.0,Indian Rupees(Rs.),2.4,0.0,White,Not rated,Unrated,0,0.0,0,0.0
8933,18378580,350.0,Indian Rupees(Rs.),4.2,0.0,White,Not rated,Unrated,2,0.0,2,4.2
8934,18460908,800.0,Indian Rupees(Rs.),9.6,0.0,White,Not rated,Unrated,0,0.0,0,0.0
8935,18409211,300.0,Indian Rupees(Rs.),3.6,0.0,White,Not rated,Unrated,0,0.0,0,0.0
8936,18478895,500.0,Indian Rupees(Rs.),6.0,0.0,White,Not rated,Unrated,0,0.0,0,0.0
8937,18258764,300.0,Indian Rupees(Rs.),3.6,2.8,Orange,Average,< 3.0 (Low),8,6.15,8,14.4
8938,18382564,400.0,Indian Rupees(Rs.),4.8,3.2,Orange,Average,3.0 - 3.9 (Moderate),11,7.95,16,38.4
8939,18378040,400.0,Indian Rupees(Rs.),4.8,0.0,White,Not rated,Unrated,2,0.0,2,4.8
8940,18382348,550.0,Indian Rupees(Rs.),6.6,0.0,White,Not rated,Unrated,0,0.0,0,0.0
8941,18216323,600.0,Indian Rupees(Rs.),7.2,0.0,White,Not rated,Unrated,0,0.0,0,0.0
8942,312240,300.0,Indian Rupees(Rs.),3.6,0.0,White,Not rated,Unrated,2,0.0,3,5.4
8943,18224558,700.0,Indian Rupees(Rs.),8.4,2.7,Orange,Average,< 3.0 (Low),9,6.22,14,58.8
8944,6170,500.0,Indian Rupees(Rs.),6.0,3.3,Orange,Average,3.0 - 3.9 (Moderate),114,15.66,171,513.0
8945,18478533,300.0,Indian Rupees(Rs.),3.6,0.0,White,Not rated,Unrated,0,0.0,0,0.0
8946,18439012,500.0,Indian Rupees(Rs.),6.0,3.1,Orange,Average,3.0 - 3.9 (Moderate),10,7.43,10,30.0
8947,18421059,200.0,Indian Rupees(Rs.),2.4,2.9,Orange,Average,< 3.0 (Low),6,5.64,6,7.2
8948,18490967,400.0,Indian Rupees(Rs.),4.8,0.0,White,Not rated,Unrated,0,0.0,0,0.0
8949,18491387,200.0,Indian Rupees(Rs.),2.4,0.0,White,Not rated,Unrated,0,0.0,0,0.0
8950,18388148,200.0,Indian Rupees(Rs.),2.4,0.0,White,Not rated,Unrated,0,0.0,0,0.0
8951,313103,150.0,Indian Rupees(Rs.),1.8,0.0,White,Not rated,Unrated,2,0.0,2,1.8
8952,18439544,500.0,Indian Rupees(Rs.),6.0,0.0,White,Not rated,Unrated,0,0.0,0,0.0
8953,18439541,400.0,Indian Rupees(Rs.),4.8,2.9,Orange,Average,< 3.0 (Low),4,4.67,4,9.6
8954,18335834,500.0,Indian Rupees(Rs.),6.0,3.4,Orange,Average,3.0 - 3.9 (Moderate),20,10.35,20,60.0
8955,18383468,350.0,Indian Rupees(Rs.),4.2,3.3,Orange,Average,3.0 - 3.9 (Moderate),12,8.46,12,25.2
8956,18351053,150.0,Indian Rupees(Rs.),1.8,3.1,Orange,Average,3.0 - 3.9 (Moderate),10,7.43,15,13.5
8957,18411585,600.0,Indian Rupees(Rs.),7.2,3.0,Orange,Average,3.0 - 3.9 (Moderate),10,7.19,15,54.0
8958,18382362,400.0,Indian Rupees(Rs.),4.8,3.0,Orange,Average,3.0 - 3.9 (Moderate),5,5.38,5,12.0
8959,18163938,500.0,Indian Rupees(Rs.),6.0,2.7,Orange,Average,< 3.0 (Low),34,9.6,51,153.0
8960,312316,850.0,Indian Rupees(Rs.),10.2,2.9,Orange,Average,< 3.0 (Low),8,6.37,8,40.8
8961,18424201,500.0,Indian Rupees(Rs.),6.0,3.0,Orange,Average,3.0 - 3.9 (Moderate),5,5.38,5,15.0
8962,18429391,400.0,Indian Rupees(Rs.),4.8,2.9,Orange,Average,< 3.0 (Low),4,4.67,4,9.6
8963,18126089,550.0,Indian Rupees(Rs.),6.6,2.9,Orange,Average,< 3.0 (Low),4,4.67,4,13.2
8964,18337921,800.0,Indian Rupees(Rs.),9.6,3.4,Orange,Average,3.0 - 3.9 (Moderate),21,10.51,32,153.6
8965,18462972,450.0,Indian Rupees(Rs.),5.4,3.2,Orange,Average,3.0 - 3.9 (Moderate),12,8.21,12,32.4
8966,18014154,650.0,Indian Rupees(Rs.),7.8,2.9,Orange,Average,< 3.0 (Low),12,7.44,12,46.8
8967,18383462,150.0,Indian Rupees(Rs.),1.8,3.1,Orange,Average,3.0 - 3.9 (Moderate),8,6.81,8,7.2
8968,18435296,500.0,Indian Rupees(Rs.),6.0,3.1,Orange,Average,3.0 - 3.9 (Moderate),6,6.03,6,18.0
8969,18416867,500.0,Indian Rupees(Rs.),6.0,3.0,Orange,Average,3.0 - 3.9 (Moderate),4,4.83,4,12.0
8970,18383535,350.0,Indian Rupees(Rs.),4.2,2.7,Orange,Average,< 3.0 (Low),4,4.35,6,12.6
8971,18418649,300.0,Indian Rupees(Rs.),3.6,3.1,Orange,Average,3.0 - 3.9 (Moderate),8,6.81,8,14.4
8972,18313143,400.0,Indian Rupees(Rs.),4.8,2.9,Orange,Average,< 3.0 (Low),10,6.95,10,24.0
8973,18332053,500.0,Indian Rupees(Rs.),6.0,3.1,Orange,Average,3.0 - 3.9 (Moderate),11,7.7,16,48.0
8974,18365588,600.0,Indian Rupees(Rs.),7.2,3.7,Yellow,Good,3.0 - 3.9 (Moderate),51,14.62,76,273.6
8975,18423131,650.0,Indian Rupees(Rs.),7.8,3.5,Yellow,Good,3.0 - 3.9 (Moderate),42,13.16,63,245.7
8976,18418250,800.0,Indian Rupees(Rs.),9.6,3.5,Yellow,Good,3.0 - 3.9 (Moderate),31,12.13,31,148.8
8977,18439523,250.0,Indian Rupees(Rs.),3.0,0.0,White,Not rated,Unrated,1,0.0,1,1.5
8978,18471723,250.0,Indian Rupees(Rs.),3.0,0.0,White,Not rated,Unrated,0,0.0,0,0.0
8979,18430582,300.0,Indian Rupees(Rs.),3.6,0.0,White,Not rated,Unrated,0,0.0,0,0.0
8980,18451827,500.0,Indian Rupees(Rs.),6.0,0.0,White,Not rated,Unrated,0,0.0,0,0.0
8981,18439527,200.0,Indian Rupees(Rs.),2.4,0.0,White,Not rated,Unrated,1,0.0,1,1.2
8982,18313605,300.0,Indian Rupees(Rs.),3.6,0.0,White,Not rated,Unrated,2,0.0,2,3.6
8983,18372662,500.0,Indian Rupees(Rs.),6.0,0.0,White,Not rated,Unrated,0,0.0,0,0.0
8984,18435336,100.0,Indian Rupees(Rs.),1.2,0.0,White,Not rated,Unrated,0,0.0,0,0.0
8985,18418232,100.0,Indian Rupees(Rs.),1.2,0.0,White,Not rated,Unrated,0,0.0,0,0.0
8986,18433873,600.0,Indian Rupees(Rs.),7.2,0.0,White,Not rated,Unrated,1,0.0,1,3.6
8987,18383464,250.0,Indian Rupees(Rs.),3.0,0.0,White,Not rated,Unrated,0,0.0,0,0.0
8988,18354978,700.0,Indian Rupees(Rs.),8.4,0.0,White,Not rated,Unrated,2,0.0,2,8.4
8989,18469970,500.0,Indian Rupees(Rs.),6.0,0.0,White,Not rated,Unrated,3,0.0,3,9.0
8990,18441651,450.0,Indian Rupees(Rs.),5.4,0.0,White,Not rated,Unrated,0,0.0,0,0.0
8991,18415977,350.0,Indian Rupees(Rs.),4.2,0.0,White,Not rated,Unrated,0,0.0,0,0.0
8992,18439532,300.0,Indian Rupees(Rs.),3.6,0.0,White,Not rated,Unrated,0,0.0,0,0.0
8993,18435288,350.0,Indian Rupees(Rs.),4.2,0.0,White,Not rated,Unrated,2,0.0,2,4.2
8994,18383483,700.0,Indian Rupees(Rs.),8.4,0.0,White,Not rated,Unrated,2,0.0,3,12.6
8995,18442657,500.0,Indian Rupees(Rs.),6.0,0.0,White,Not rated,Unrated,0,0.0,0,0.0
8996,18435824,350.0,Indian Rupees(Rs.),4.2,0.0,White,Not rated,Unrated,0,0.0,0,0.0
8997,18456271,200.0,Indian Rupees(Rs.),2.4,0.0,White,Not rated,Unrated,1,0.0,1,1.2
8998,18394367,450.0,Indian Rupees(Rs.),5.4,0.0,White,Not rated,Unrated,0,0.0,0,0.0
8999,18439529,600.0,Indian Rupees(Rs.),7.2,0.0,White,Not rated,Unrated,1,0.0,1,3.6
9000,18435797,300.0,Indian Rupees(Rs.),3.6,0.0,White,Not rated,Unrated,2,0.0,2,3.6
9001,18435321,300.0,Indian Rupees(Rs.),3.6,0.0,White,Not rated,Unrated,3,0.0,3,5.4
9002,18494319,400.0,Indian Rupees(Rs.),4.8,0.0,White,Not rated,Unrated,0,0.0,0,0.0
9003,18383458,100.0,Indian Rupees(Rs.),1.2,0.0,White,Not rated,Unrated,0,0.0,0,0.0
9004,18352676,300.0,Indian Rupees(Rs.),3.6,0.0,White,Not rated,Unrated,0,0.0,0,0.0
9005,18468948,800.0,Indian Rupees(Rs.),9.6,0.0,White,Not rated,Unrated,1,0.0,1,4.8
9006,18499472,500.0,Indian Rupees(Rs.),6.0,0.0,White,Not rated,Unrated,0,0.0,0,0.0
9007,18396341,400.0,Indian Rupees(Rs.),4.8,0.0,White,Not rated,Unrated,1,0.0,1,2.4
9008,18431190,300.0,Indian Rupees(Rs.),3.6,0.0,White,Not rated,Unrated,3,0.0,3,5.4
9009,18431976,250.0,Indian Rupees(Rs.),3.0,0.0,White,Not rated,Unrated,1,0.0,1,1.5
9010,18466993,100.0,Indian Rupees(Rs.),1.2,0.0,White,Not rated,Unrated,3,0.0,3,1.8
9011,18472450,600.0,Indian Rupees(Rs.),7.2,0.0,White,Not rated,Unrated,3,0.0,3,10.8
9012,18383503,400.0,Indian Rupees(Rs.),4.8,2.4,Red,Poor,< 3.0 (Low),11,5.96,16,38.4
9013,311334,1400.0,Indian Rupees(Rs.),16.8,2.1,Red,Poor,< 3.0 (Low),22,6.58,33,277.2
9014,18308083,400.0,Indian Rupees(Rs.),4.8,3.2,Orange,Average,3.0 - 3.9 (Moderate),9,7.37,9,21.6
9015,310240,200.0,Indian Rupees(Rs.),2.4,0.0,White,Not rated,Unrated,1,0.0,1,1.2
9016,18206836,200.0,Indian Rupees(Rs.),2.4,3.2,Orange,Average,3.0 - 3.9 (Moderate),15,8.87,15,18.0
9017,18376500,400.0,Indian Rupees(Rs.),4.8,3.2,Orange,Average,3.0 - 3.9 (Moderate),20,9.74,30,72.0
9018,308877,300.0,Indian Rupees(Rs.),3.6,2.9,Orange,Average,< 3.0 (Low),4,4.67,4,7.2
9019,311768,200.0,Indian Rupees(Rs.),2.4,3.4,Orange,Average,3.0 - 3.9 (Moderate),23,10.81,23,27.6
9020,18423127,500.0,Indian Rupees(Rs.),6.0,3.1,Orange,Average,3.0 - 3.9 (Moderate),10,7.43,10,30.0
9021,300550,600.0,Indian Rupees(Rs.),7.2,3.1,Orange,Average,3.0 - 3.9 (Moderate),140,15.34,210,756.0
9022,18337891,500.0,Indian Rupees(Rs.),6.0,3.0,Orange,Average,3.0 - 3.9 (Moderate),7,6.24,7,21.0
9023,9724,800.0,Indian Rupees(Rs.),9.6,3.1,Orange,Average,3.0 - 3.9 (Moderate),45,11.87,68,326.4
9024,312558,500.0,Indian Rupees(Rs.),6.0,3.1,Orange,Average,3.0 - 3.9 (Moderate),9,7.14,9,27.0
9025,312777,500.0,Indian Rupees(Rs.),6.0,3.0,Orange,Average,3.0 - 3.9 (Moderate),5,5.38,5,15.0
9026,1495,550.0,Indian Rupees(Rs.),6.6,3.6,Yellow,Good,3.0 - 3.9 (Moderate),210,19.27,315,1039.5
9027,18258469,300.0,Indian Rupees(Rs.),3.6,3.6,Yellow,Good,3.0 - 3.9 (Moderate),34,12.8,51,91.8
9028,18440423,300.0,Indian Rupees(Rs.),3.6,0.0,White,Not rated,Unrated,0,0.0,0,0.0
9029,18385532,300.0,Indian Rupees(Rs.),3.6,0.0,White,Not rated,Unrated,2,0.0,2,3.6
9030,18349808,250.0,Indian Rupees(Rs.),3.0,0.0,White,Not rated,Unrated,0,0.0,0,0.0
9031,18440409,150.0,Indian Rupees(Rs.),1.8,0.0,White,Not rated,Unrated,0,0.0,0,0.0
9032,18271099,150.0,Indian Rupees(Rs.),1.8,0.0,White,Not rated,Unrated,0,0.0,0,0.0
9033,311701,800.0,Indian Rupees(Rs.),9.6,0.0,White,Not rated,Unrated,1,0.0,1,4.8
9034,302925,350.0,Indian Rupees(Rs.),4.2,2.4,Red,Poor,< 3.0 (Low),54,9.62,54,113.4
9035,18385889,400.0,Indian Rupees(Rs.),4.8,3.1,Orange,Average,3.0 - 3.9 (Moderate),8,6.81,8,19.2
9036,18371420,600.0,Indian Rupees(Rs.),7.2,0.0,White,Not rated,Unrated,1,0.0,2,7.2
9037,308737,100.0,Indian Rupees(Rs.),1.2,3.0,Orange,Average,3.0 - 3.9 (Moderate),7,6.24,7,4.2
9038,309693,550.0,Indian Rupees(Rs.),6.6,3.2,Orange,Average,3.0 - 3.9 (Moderate),36,11.55,36,118.8
9039,312241,350.0,Indian Rupees(Rs.),4.2,3.0,Orange,Average,3.0 - 3.9 (Moderate),8,6.59,8,16.8
9040,390,1000.0,Indian Rupees(Rs.),12.0,3.4,Orange,Average,3.0 - 3.9 (Moderate),144,16.92,144,864.0
9041,447,500.0,Indian Rupees(Rs.),6.0,2.6,Orange,Average,< 3.0 (Low),32,9.09,32,96.0
9042,4482,500.0,Indian Rupees(Rs.),6.0,3.4,Orange,Average,3.0 - 3.9 (Moderate),93,15.45,140,420.0
9043,550,600.0,Indian Rupees(Rs.),7.2,3.6,Yellow,Good,3.0 - 3.9 (Moderate),301,20.56,301,1083.6
9044,303152,1300.0,Indian Rupees(Rs.),15.6,3.9,Yellow,Good,3.0 - 3.9 (Moderate),1088,27.27,1088,8486.4
9045,18486858,300.0,Indian Rupees(Rs.),3.6,0.0,White,Not rated,Unrated,0,0.0,0,0.0
9046,18499455,400.0,Indian Rupees(Rs.),4.8,0.0,White,Not rated,Unrated,1,0.0,1,2.4
9047,18466970,300.0,Indian Rupees(Rs.),3.6,0.0,White,Not rated,Unrated,1,0.0,1,1.8
9048,18431193,500.0,Indian Rupees(Rs.),6.0,0.0,White,Not rated,Unrated,3,0.0,3,9.0
9049,18258397,500.0,Indian Rupees(Rs.),6.0,0.0,White,Not rated,Unrated,2,0.0,2,6.0
9050,18431981,550.0,Indian Rupees(Rs.),6.6,0.0,White,Not rated,Unrated,3,0.0,3,9.9
9051,3212,2500.0,Indian Rupees(Rs.),30.0,2.2,Red,Poor,< 3.0 (Low),116,10.48,116,1740.0
9052,8012,650.0,Indian Rupees(Rs.),7.8,2.2,Red,Poor,< 3.0 (Low),134,10.79,201,783.9
9053,312187,600.0,Indian Rupees(Rs.),7.2,3.2,Orange,Average,3.0 - 3.9 (Moderate),35,11.47,52,187.2
9054,523,650.0,Indian Rupees(Rs.),7.8,2.5,Orange,Average,< 3.0 (Low),23,7.95,23,89.7
9055,2480,200.0,Indian Rupees(Rs.),2.4,3.0,Orange,Average,3.0 - 3.9 (Moderate),10,7.19,10,12.0
9056,1733,2000.0,Indian Rupees(Rs.),24.0,3.1,Orange,Average,3.0 - 3.9 (Moderate),129,15.09,194,2328.0
9057,307145,1000.0,Indian Rupees(Rs.),12.0,2.5,Orange,Average,< 3.0 (Low),28,8.42,42,252.0
9058,1727,750.0,Indian Rupees(Rs.),9.0,2.5,Orange,Average,< 3.0 (Low),79,10.96,118,531.0
9059,828,600.0,Indian Rupees(Rs.),7.2,3.1,Orange,Average,3.0 - 3.9 (Moderate),147,15.49,220,792.0
9060,393,1000.0,Indian Rupees(Rs.),12.0,3.3,Orange,Average,3.0 - 3.9 (Moderate),113,15.63,170,1020.0
9061,1722,800.0,Indian Rupees(Rs.),9.6,2.6,Orange,Average,< 3.0 (Low),75,11.26,112,537.6
9062,2483,1200.0,Indian Rupees(Rs.),14.4,3.0,Orange,Average,3.0 - 3.9 (Moderate),120,14.39,180,1296.0
9063,1726,700.0,Indian Rupees(Rs.),8.4,2.6,Orange,Average,< 3.0 (Low),76,11.29,114,478.8
9064,304934,600.0,Indian Rupees(Rs.),7.2,2.7,Orange,Average,< 3.0 (Low),15,7.49,22,79.2
9065,305961,550.0,Indian Rupees(Rs.),6.6,3.2,Orange,Average,3.0 - 3.9 (Moderate),160,16.26,240,792.0
9066,308578,450.0,Indian Rupees(Rs.),5.4,3.5,Yellow,Good,3.0 - 3.9 (Moderate),105,16.32,158,426.6
9067,308750,100.0,Indian Rupees(Rs.),1.2,0.0,White,Not rated,Unrated,3,0.0,3,1.8
9068,309971,550.0,Indian Rupees(Rs.),6.6,0.0,White,Not rated,Unrated,1,0.0,1,3.3
9069,386,700.0,Indian Rupees(Rs.),8.4,2.4,Red,Poor,< 3.0 (Low),98,11.03,98,411.6
9070,428,600.0,Indian Rupees(Rs.),7.2,2.3,Red,Poor,< 3.0 (Low),155,11.61,232,835.2
9071,18070483,500.0,Indian Rupees(Rs.),6.0,2.3,Red,Poor,< 3.0 (Low),24,7.4,36,108.0
9072,7869,650.0,Indian Rupees(Rs.),7.8,3.3,Orange,Average,3.0 - 3.9 (Moderate),57,13.4,57,222.3
9073,5610,500.0,Indian Rupees(Rs.),6.0,3.0,Orange,Average,3.0 - 3.9 (Moderate),38,10.99,38,114.0
9074,304103,450.0,Indian Rupees(Rs.),5.4,2.7,Orange,Average,< 3.0 (Low),18,7.95,18,48.6
9075,5598,450.0,Indian Rupees(Rs.),5.4,2.7,Orange,Average,< 3.0 (Low),34,9.6,34,91.8
9076,18233617,400.0,Indian Rupees(Rs.),4.8,3.4,Orange,Average,3.0 - 3.9 (Moderate),67,14.35,100,240.0
9077,300955,600.0,Indian Rupees(Rs.),7.2,2.8,Orange,Average,< 3.0 (Low),102,12.98,102,367.2
9078,18017237,300.0,Indian Rupees(Rs.),3.6,3.0,Orange,Average,3.0 - 3.9 (Moderate),8,6.59,8,14.4
9079,5619,700.0,Indian Rupees(Rs.),8.4,3.2,Orange,Average,3.0 - 3.9 (Moderate),60,13.15,60,252.0
9080,2191,250.0,Indian Rupees(Rs.),3.0,3.1,Orange,Average,3.0 - 3.9 (Moderate),32,10.84,32,48.0
9081,307447,600.0,Indian Rupees(Rs.),7.2,3.2,Orange,Average,3.0 - 3.9 (Moderate),106,14.95,159,572.4
9082,7932,500.0,Indian Rupees(Rs.),6.0,3.4,Orange,Average,3.0 - 3.9 (Moderate),70,14.49,70,210.0
9083,1226,800.0,Indian Rupees(Rs.),9.6,3.3,Orange,Average,3.0 - 3.9 (Moderate),793,22.03,1190,5712.0
9084,8888,1200.0,Indian Rupees(Rs.),14.4,3.1,Orange,Average,3.0 - 3.9 (Moderate),372,18.36,372,2678.4
9085,4530,700.0,Indian Rupees(Rs.),8.4,2.6,Orange,Average,< 3.0 (Low),55,10.47,55,231.0
9086,18400768,250.0,Indian Rupees(Rs.),3.0,3.4,Orange,Average,3.0 - 3.9 (Moderate),11,8.45,11,16.5
9087,409,1300.0,Indian Rupees(Rs.),15.6,2.6,Orange,Average,< 3.0 (Low),334,15.12,501,3907.8
9088,7939,300.0,Indian Rupees(Rs.),3.6,3.5,Yellow,Good,3.0 - 3.9 (Moderate),41,13.08,41,73.8
9089,18133480,500.0,Indian Rupees(Rs.),6.0,3.5,Yellow,Good,3.0 - 3.9 (Moderate),211,18.75,211,633.0
9090,791,600.0,Indian Rupees(Rs.),7.2,3.5,Yellow,Good,3.0 - 3.9 (Moderate),110,16.48,110,396.0
9091,486,1100.0,Indian Rupees(Rs.),13.2,3.6,Yellow,Good,3.0 - 3.9 (Moderate),507,22.43,760,5016.0
9092,18208913,150.0,Indian Rupees(Rs.),1.8,3.5,Yellow,Good,3.0 - 3.9 (Moderate),37,12.73,37,33.3
9093,3251,1500.0,Indian Rupees(Rs.),18.0,3.7,Yellow,Good,3.0 - 3.9 (Moderate),517,23.12,517,4653.0
9094,308774,600.0,Indian Rupees(Rs.),7.2,3.6,Yellow,Good,3.0 - 3.9 (Moderate),179,18.69,268,964.8
9095,394,1000.0,Indian Rupees(Rs.),12.0,3.7,Yellow,Good,3.0 - 3.9 (Moderate),189,19.41,189,1134.0
9096,302421,800.0,Indian Rupees(Rs.),9.6,3.5,Yellow,Good,3.0 - 3.9 (Moderate),139,17.3,139,667.2
9097,1244,2500.0,Indian Rupees(Rs.),30.0,3.5,Yellow,Good,3.0 - 3.9 (Moderate),1147,24.66,1720,25800.0
9098,5689,1000.0,Indian Rupees(Rs.),12.0,3.5,Yellow,Good,3.0 - 3.9 (Moderate),249,19.33,249,1494.0
9099,18431152,200.0,Indian Rupees(Rs.),2.4,0.0,White,Not rated,Unrated,0,0.0,0,0.0
9100,18439721,200.0,Indian Rupees(Rs.),2.4,0.0,White,Not rated,Unrated,0,0.0,0,0.0
9101,18431158,150.0,Indian Rupees(Rs.),1.8,0.0,White,Not rated,Unrated,1,0.0,1,0.9
9102,18430892,150.0,Indian Rupees(Rs.),1.8,0.0,White,Not rated,Unrated,1,0.0,1,0.9
9103,18430870,850.0,Indian Rupees(Rs.),10.2,0.0,White,Not rated,Unrated,1,0.0,1,5.1
9104,18428504,1000.0,Indian Rupees(Rs.),12.0,0.0,White,Not rated,Unrated,0,0.0,0,0.0
9105,2979,450.0,Indian Rupees(Rs.),5.4,2.0,Red,Poor,< 3.0 (Low),161,10.18,161,434.7
9106,3237,2400.0,Indian Rupees(Rs.),28.8,2.0,Red,Poor,< 3.0 (Low),230,10.88,230,3312.0
9107,2025,1200.0,Indian Rupees(Rs.),14.4,2.0,Red,Poor,< 3.0 (Low),108,9.38,162,1166.4
9108,3149,1200.0,Indian Rupees(Rs.),14.4,4.0,Green,Very Good,4.0 - 4.4 (High),395,23.93,395,2844.0
9109,18255134,700.0,Indian Rupees(Rs.),8.4,2.6,Orange,Average,< 3.0 (Low),34,9.24,51,214.2
9110,18277023,400.0,Indian Rupees(Rs.),4.8,0.0,White,Not rated,Unrated,1,0.0,1,2.4
9111,18313203,600.0,Indian Rupees(Rs.),7.2,0.0,White,Not rated,Unrated,3,0.0,3,10.8
9112,18254559,500.0,Indian Rupees(Rs.),6.0,0.0,White,Not rated,Unrated,0,0.0,0,0.0
9113,18255132,250.0,Indian Rupees(Rs.),3.0,0.0,White,Not rated,Unrated,1,0.0,1,1.5
9114,120519,2000.0,Indian Rupees(Rs.),24.0,4.2,Green,Very Good,4.0 - 4.4 (High),843,28.3,843,10116.0
9115,4000344,500.0,Indian Rupees(Rs.),6.0,3.5,Yellow,Good,3.0 - 3.9 (Moderate),42,13.16,42,126.0
9116,4000016,300.0,Indian Rupees(Rs.),3.6,3.4,Orange,Average,3.0 - 3.9 (Moderate),111,16.04,111,199.8
9117,4000277,1400.0,Indian Rupees(Rs.),16.8,3.5,Yellow,Good,3.0 - 3.9 (Moderate),65,14.66,65,546.0
9118,18369321,1500.0,Indian Rupees(Rs.),18.0,3.5,Yellow,Good,3.0 - 3.9 (Moderate),32,12.24,32,288.0
9119,4000033,1000.0,Indian Rupees(Rs.),12.0,3.5,Yellow,Good,3.0 - 3.9 (Moderate),150,17.56,150,900.0
9120,18279982,600.0,Indian Rupees(Rs.),7.2,3.4,Orange,Average,3.0 - 3.9 (Moderate),16,9.63,16,57.6
9121,4000004,500.0,Indian Rupees(Rs.),6.0,3.3,Orange,Average,3.0 - 3.9 (Moderate),49,12.91,49,147.0
9122,4000269,500.0,Indian Rupees(Rs.),6.0,3.4,Orange,Average,3.0 - 3.9 (Moderate),60,13.98,60,180.0
9123,4000027,500.0,Indian Rupees(Rs.),6.0,3.6,Yellow,Good,3.0 - 3.9 (Moderate),99,16.58,99,297.0
9124,4000081,1600.0,Indian Rupees(Rs.),19.2,3.7,Yellow,Good,3.0 - 3.9 (Moderate),43,14.0,43,412.8
9125,4000069,800.0,Indian Rupees(Rs.),9.6,3.4,Orange,Average,3.0 - 3.9 (Moderate),45,13.02,45,216.0
9126,4000294,450.0,Indian Rupees(Rs.),5.4,3.6,Yellow,Good,3.0 - 3.9 (Moderate),69,15.29,69,186.3
9127,4000001,1000.0,Indian Rupees(Rs.),12.0,3.3,Orange,Average,3.0 - 3.9 (Moderate),162,16.81,162,972.0
9128,4000030,600.0,Indian Rupees(Rs.),7.2,3.3,Orange,Average,3.0 - 3.9 (Moderate),74,14.25,74,266.4
9129,4000018,1000.0,Indian Rupees(Rs.),12.0,3.6,Yellow,Good,3.0 - 3.9 (Moderate),107,16.86,107,642.0
9130,4000222,600.0,Indian Rupees(Rs.),7.2,3.6,Yellow,Good,3.0 - 3.9 (Moderate),75,15.59,75,270.0
9131,4000031,1200.0,Indian Rupees(Rs.),14.4,3.5,Yellow,Good,3.0 - 3.9 (Moderate),151,17.58,151,1087.2
9132,4000015,700.0,Indian Rupees(Rs.),8.4,3.4,Orange,Average,3.0 - 3.9 (Moderate),61,14.03,61,256.2
9133,4000007,500.0,Indian Rupees(Rs.),6.0,3.1,Orange,Average,3.0 - 3.9 (Moderate),64,12.94,64,192.0
9134,18343124,700.0,Indian Rupees(Rs.),8.4,3.5,Yellow,Good,3.0 - 3.9 (Moderate),45,13.4,45,189.0
9135,3700010,150.0,Indian Rupees(Rs.),1.8,3.8,Yellow,Good,3.0 - 3.9 (Moderate),173,19.6,173,155.7
9136,3700009,1000.0,Indian Rupees(Rs.),12.0,3.8,Yellow,Good,3.0 - 3.9 (Moderate),513,23.72,513,3078.0
9137,18427467,250.0,Indian Rupees(Rs.),3.0,3.7,Yellow,Good,3.0 - 3.9 (Moderate),36,13.36,36,54.0
9138,3700024,1400.0,Indian Rupees(Rs.),16.8,3.5,Yellow,Good,3.0 - 3.9 (Moderate),328,20.29,328,2755.2
9139,3700056,700.0,Indian Rupees(Rs.),8.4,3.8,Yellow,Good,3.0 - 3.9 (Moderate),199,20.13,199,835.8
9140,3700408,600.0,Indian Rupees(Rs.),7.2,3.6,Yellow,Good,3.0 - 3.9 (Moderate),97,16.51,97,349.2
9141,3700017,900.0,Indian Rupees(Rs.),10.8,3.6,Yellow,Good,3.0 - 3.9 (Moderate),275,20.23,275,1485.0
9142,3700050,400.0,Indian Rupees(Rs.),4.8,4.1,Green,Very Good,4.0 - 4.4 (High),791,27.37,791,1898.4
9143,3700041,300.0,Indian Rupees(Rs.),3.6,4.2,Green,Very Good,4.0 - 4.4 (High),656,27.25,656,1180.8
9144,3700387,1500.0,Indian Rupees(Rs.),18.0,3.8,Yellow,Good,3.0 - 3.9 (Moderate),189,19.94,189,1701.0
9145,3700036,1500.0,Indian Rupees(Rs.),18.0,3.8,Yellow,Good,3.0 - 3.9 (Moderate),192,20.0,192,1728.0
9146,3700049,1500.0,Indian Rupees(Rs.),18.0,3.9,Yellow,Good,3.0 - 3.9 (Moderate),535,24.51,535,4815.0
9147,3700069,450.0,Indian Rupees(Rs.),5.4,3.1,Orange,Average,3.0 - 3.9 (Moderate),875,21.0,875,2362.5
9148,3700160,1200.0,Indian Rupees(Rs.),14.4,3.4,Orange,Average,3.0 - 3.9 (Moderate),228,18.47,228,1641.6
9149,18378803,800.0,Indian Rupees(Rs.),9.6,3.7,Yellow,Good,3.0 - 3.9 (Moderate),124,17.86,124,595.2
9150,3700051,800.0,Indian Rupees(Rs.),9.6,3.5,Yellow,Good,3.0 - 3.9 (Moderate),298,19.95,298,1430.4
9151,3700037,1500.0,Indian Rupees(Rs.),18.0,3.8,Yellow,Good,3.0 - 3.9 (Moderate),456,23.27,456,4104.0
9152,3700019,1200.0,Indian Rupees(Rs.),14.4,3.5,Yellow,Good,3.0 - 3.9 (Moderate),225,18.97,225,1620.0
9153,3700021,550.0,Indian Rupees(Rs.),6.6,3.8,Yellow,Good,3.0 - 3.9 (Moderate),495,23.58,495,1633.5
9154,3700561,150.0,Indian Rupees(Rs.),1.8,4.2,Green,Very Good,4.0 - 4.4 (High),163,21.42,163,146.7
9155,6508323,1500.0,Indian Rupees(Rs.),18.0,4.5,Dark Green,Excellent,4.5 - 5.0 (Top Tier),1099,31.51,1099,9891.0
9156,18383095,1200.0,Indian Rupees(Rs.),14.4,3.6,Yellow,Good,3.0 - 3.9 (Moderate),507,22.43,507,3650.4
9157,18378852,2000.0,Indian Rupees(Rs.),24.0,4.3,Green,Very Good,4.0 - 4.4 (High),375,25.5,562,6744.0
9158,13231,1000.0,Indian Rupees(Rs.),12.0,4.8,Dark Green,Excellent,4.5 - 5.0 (Top Tier),2510,37.58,2510,15060.0
9159,18354483,1500.0,Indian Rupees(Rs.),18.0,4.3,Green,Very Good,4.0 - 4.4 (High),868,29.1,868,7812.0
9160,18383076,1400.0,Indian Rupees(Rs.),16.8,4.2,Green,Very Good,4.0 - 4.4 (High),306,24.05,306,2570.4
9161,6505309,1000.0,Indian Rupees(Rs.),12.0,4.1,Green,Very Good,4.0 - 4.4 (High),1143,28.87,1143,6858.0
9162,6504409,1800.0,Indian Rupees(Rs.),21.6,4.3,Green,Very Good,4.0 - 4.4 (High),1531,31.54,2296,24796.8
9163,18350020,900.0,Indian Rupees(Rs.),10.8,4.4,Green,Very Good,4.0 - 4.4 (High),635,28.4,635,3429.0
9164,6508117,850.0,Indian Rupees(Rs.),10.2,4.2,Green,Very Good,4.0 - 4.4 (High),583,26.75,874,4457.4
9165,18417624,1500.0,Indian Rupees(Rs.),18.0,4.1,Green,Very Good,4.0 - 4.4 (High),140,20.29,140,1260.0
9166,6505564,1000.0,Indian Rupees(Rs.),12.0,4.0,Green,Very Good,4.0 - 4.4 (High),1583,29.47,1583,9498.0
9167,11371,1800.0,Indian Rupees(Rs.),21.6,4.5,Dark Green,Excellent,4.5 - 5.0 (Top Tier),1439,32.73,2158,23306.4
9168,11807,1700.0,Indian Rupees(Rs.),20.4,4.5,Dark Green,Excellent,4.5 - 5.0 (Top Tier),2847,35.79,2847,29039.4
9169,18292672,1500.0,Indian Rupees(Rs.),18.0,4.2,Green,Very Good,4.0 - 4.4 (High),487,26.0,730,6570.0
9170,6507461,1200.0,Indian Rupees(Rs.),14.4,4.2,Green,Very Good,4.0 - 4.4 (High),1531,30.8,1531,11023.2
9171,6507967,800.0,Indian Rupees(Rs.),9.6,4.1,Green,Very Good,4.0 - 4.4 (High),997,28.31,1496,7180.8
9172,6506206,2100.0,Indian Rupees(Rs.),25.2,3.6,Yellow,Good,3.0 - 3.9 (Moderate),1566,26.48,2349,29597.4
9173,6507495,1000.0,Indian Rupees(Rs.),12.0,4.1,Green,Very Good,4.0 - 4.4 (High),377,24.33,377,2262.0
9174,18441490,1000.0,Indian Rupees(Rs.),12.0,4.4,Green,Very Good,4.0 - 4.4 (High),208,23.51,208,1248.0
9175,2700001,1000.0,Indian Rupees(Rs.),12.0,3.3,Orange,Average,3.0 - 3.9 (Moderate),65,13.83,65,390.0
9176,2700223,400.0,Indian Rupees(Rs.),4.8,3.2,Orange,Average,3.0 - 3.9 (Moderate),51,12.64,51,122.4
9177,2700263,1000.0,Indian Rupees(Rs.),12.0,3.7,Yellow,Good,3.0 - 3.9 (Moderate),81,16.3,81,486.0
9178,2700024,400.0,Indian Rupees(Rs.),4.8,3.3,Orange,Average,3.0 - 3.9 (Moderate),89,14.85,89,213.6
9179,2700010,650.0,Indian Rupees(Rs.),7.8,3.4,Orange,Average,3.0 - 3.9 (Moderate),117,16.22,117,456.3
9180,2700007,450.0,Indian Rupees(Rs.),5.4,4.0,Green,Very Good,4.0 - 4.4 (High),370,23.66,370,999.0
9181,2700019,1000.0,Indian Rupees(Rs.),12.0,3.7,Yellow,Good,3.0 - 3.9 (Moderate),116,17.62,116,696.0
9182,2700002,1000.0,Indian Rupees(Rs.),12.0,3.6,Yellow,Good,3.0 - 3.9 (Moderate),119,17.23,119,714.0
9183,2700008,500.0,Indian Rupees(Rs.),6.0,3.1,Orange,Average,3.0 - 3.9 (Moderate),26,10.22,26,78.0
9184,2700044,500.0,Indian Rupees(Rs.),6.0,3.2,Orange,Average,3.0 - 3.9 (Moderate),125,15.48,125,375.0
9185,2700059,200.0,Indian Rupees(Rs.),2.4,3.5,Yellow,Good,3.0 - 3.9 (Moderate),112,16.55,112,134.4
9186,2700242,650.0,Indian Rupees(Rs.),7.8,3.3,Orange,Average,3.0 - 3.9 (Moderate),20,10.05,20,78.0
9187,2700085,450.0,Indian Rupees(Rs.),5.4,3.4,Orange,Average,3.0 - 3.9 (Moderate),102,15.76,102,275.4
9188,2700241,500.0,Indian Rupees(Rs.),6.0,3.3,Orange,Average,3.0 - 3.9 (Moderate),19,9.89,19,57.0
9189,18388053,400.0,Indian Rupees(Rs.),4.8,3.4,Orange,Average,3.0 - 3.9 (Moderate),13,8.97,13,31.2
9190,2700011,400.0,Indian Rupees(Rs.),4.8,3.7,Yellow,Good,3.0 - 3.9 (Moderate),92,16.77,92,220.8
9191,2700082,1000.0,Indian Rupees(Rs.),12.0,3.6,Yellow,Good,3.0 - 3.9 (Moderate),95,16.43,95,570.0
9192,2700032,2000.0,Indian Rupees(Rs.),24.0,3.4,Orange,Average,3.0 - 3.9 (Moderate),62,14.09,62,744.0
9193,2700049,700.0,Indian Rupees(Rs.),8.4,3.5,Yellow,Good,3.0 - 3.9 (Moderate),66,14.72,66,277.2
9194,2700036,1500.0,Indian Rupees(Rs.),18.0,3.5,Yellow,Good,3.0 - 3.9 (Moderate),67,14.77,67,603.0
9195,96814,850.0,Indian Rupees(Rs.),10.2,4.4,Green,Very Good,4.0 - 4.4 (High),494,27.3,741,3779.1
9196,90499,800.0,Indian Rupees(Rs.),9.6,4.6,Dark Green,Excellent,4.5 - 5.0 (Top Tier),1408,33.35,1408,6758.4
9197,3800319,900.0,Indian Rupees(Rs.),10.8,3.8,Yellow,Good,3.0 - 3.9 (Moderate),201,20.17,201,1085.4
9198,3800021,800.0,Indian Rupees(Rs.),9.6,3.9,Yellow,Good,3.0 - 3.9 (Moderate),226,21.16,226,1084.8
9199,18396610,500.0,Indian Rupees(Rs.),6.0,4.1,Green,Very Good,4.0 - 4.4 (High),70,17.48,70,210.0
9200,3800053,800.0,Indian Rupees(Rs.),9.6,3.9,Yellow,Good,3.0 - 3.9 (Moderate),191,20.5,191,916.8
9201,3800052,800.0,Indian Rupees(Rs.),9.6,4.2,Green,Very Good,4.0 - 4.4 (High),197,22.21,197,945.6
9202,3800078,250.0,Indian Rupees(Rs.),3.0,4.0,Green,Very Good,4.0 - 4.4 (High),279,22.54,279,418.5
9203,3800022,650.0,Indian Rupees(Rs.),7.8,4.0,Green,Very Good,4.0 - 4.4 (High),223,21.65,223,869.7
9204,3800238,650.0,Indian Rupees(Rs.),7.8,4.3,Green,Very Good,4.0 - 4.4 (High),479,26.55,479,1868.1
9205,3800003,900.0,Indian Rupees(Rs.),10.8,4.1,Green,Very Good,4.0 - 4.4 (High),164,20.93,164,885.6
9206,3800020,800.0,Indian Rupees(Rs.),9.6,3.7,Yellow,Good,3.0 - 3.9 (Moderate),209,19.78,209,1003.2
9207,3800000,1400.0,Indian Rupees(Rs.),16.8,4.2,Green,Very Good,4.0 - 4.4 (High),319,24.23,319,2679.6
9208,3800002,550.0,Indian Rupees(Rs.),6.6,3.9,Yellow,Good,3.0 - 3.9 (Moderate),153,19.64,153,504.9
9209,18362165,500.0,Indian Rupees(Rs.),6.0,3.9,Yellow,Good,3.0 - 3.9 (Moderate),28,13.13,28,84.0
9210,3800252,1000.0,Indian Rupees(Rs.),12.0,4.1,Green,Very Good,4.0 - 4.4 (High),221,22.15,221,1326.0
9211,3800018,800.0,Indian Rupees(Rs.),9.6,4.1,Green,Very Good,4.0 - 4.4 (High),216,22.06,216,1036.8
9212,3800016,1500.0,Indian Rupees(Rs.),18.0,4.1,Green,Very Good,4.0 - 4.4 (High),204,21.82,204,1836.0
9213,18439181,1500.0,Indian Rupees(Rs.),18.0,3.4,Orange,Average,3.0 - 3.9 (Moderate),47,13.16,47,423.0
9214,3800477,250.0,Indian Rupees(Rs.),3.0,3.6,Yellow,Good,3.0 - 3.9 (Moderate),87,16.12,87,130.5
9215,18367402,900.0,Indian Rupees(Rs.),10.8,3.6,Yellow,Good,3.0 - 3.9 (Moderate),66,15.14,66,356.4
9216,3800437,800.0,Indian Rupees(Rs.),9.6,3.8,Yellow,Good,3.0 - 3.9 (Moderate),87,17.01,87,417.6
9217,3200090,400.0,Indian Rupees(Rs.),4.8,4.5,Dark Green,Excellent,4.5 - 5.0 (Top Tier),344,26.3,344,825.6
9218,3200440,600.0,Indian Rupees(Rs.),7.2,3.8,Yellow,Good,3.0 - 3.9 (Moderate),130,18.53,130,468.0
9219,18295781,500.0,Indian Rupees(Rs.),6.0,3.8,Yellow,Good,3.0 - 3.9 (Moderate),71,16.25,71,213.0
9220,3200265,400.0,Indian Rupees(Rs.),4.8,3.9,Yellow,Good,3.0 - 3.9 (Moderate),145,19.44,145,348.0
9221,3200012,1500.0,Indian Rupees(Rs.),18.0,4.3,Green,Very Good,4.0 - 4.4 (High),332,24.98,332,2988.0
9222,3200005,1000.0,Indian Rupees(Rs.),12.0,4.1,Green,Very Good,4.0 - 4.4 (High),202,21.78,202,1212.0
9223,18275708,1200.0,Indian Rupees(Rs.),14.4,4.0,Green,Very Good,4.0 - 4.4 (High),93,18.17,93,669.6
9224,3200021,1500.0,Indian Rupees(Rs.),18.0,4.4,Green,Very Good,4.0 - 4.4 (High),276,24.75,276,2484.0
9225,3200584,800.0,Indian Rupees(Rs.),9.6,3.8,Yellow,Good,3.0 - 3.9 (Moderate),107,17.79,107,513.6
9226,3200015,600.0,Indian Rupees(Rs.),7.2,4.0,Green,Very Good,4.0 - 4.4 (High),191,21.03,191,687.6
9227,3200032,800.0,Indian Rupees(Rs.),9.6,3.8,Yellow,Good,3.0 - 3.9 (Moderate),149,19.04,149,715.2
9228,3200002,1000.0,Indian Rupees(Rs.),12.0,3.5,Yellow,Good,3.0 - 3.9 (Moderate),82,15.47,82,492.0
9229,3200311,1300.0,Indian Rupees(Rs.),15.6,4.6,Dark Green,Excellent,4.5 - 5.0 (Top Tier),321,26.56,321,2503.8
9230,3200497,800.0,Indian Rupees(Rs.),9.6,3.5,Yellow,Good,3.0 - 3.9 (Moderate),96,16.01,96,460.8
9231,3200560,300.0,Indian Rupees(Rs.),3.6,3.9,Yellow,Good,3.0 - 3.9 (Moderate),50,15.33,50,90.0
9232,3200269,800.0,Indian Rupees(Rs.),9.6,3.9,Yellow,Good,3.0 - 3.9 (Moderate),243,21.44,243,1166.4
9233,3200590,600.0,Indian Rupees(Rs.),7.2,4.3,Green,Very Good,4.0 - 4.4 (High),92,19.49,92,331.2
9234,3200537,700.0,Indian Rupees(Rs.),8.4,4.2,Green,Very Good,4.0 - 4.4 (High),132,20.54,132,554.4
9235,3200024,600.0,Indian Rupees(Rs.),7.2,4.1,Green,Very Good,4.0 - 4.4 (High),269,22.95,269,968.4
9236,3200034,1000.0,Indian Rupees(Rs.),12.0,4.1,Green,Very Good,4.0 - 4.4 (High),395,24.52,395,2370.0
9237,3900021,450.0,Indian Rupees(Rs.),5.4,3.4,Orange,Average,3.0 - 3.9 (Moderate),59,13.92,59,159.3
9238,3900059,700.0,Indian Rupees(Rs.),8.4,3.7,Yellow,Good,3.0 - 3.9 (Moderate),149,18.54,149,625.8
9239,3900158,650.0,Indian Rupees(Rs.),7.8,3.2,Orange,Average,3.0 - 3.9 (Moderate),60,13.15,60,234.0
9240,3900007,300.0,Indian Rupees(Rs.),3.6,3.7,Yellow,Good,3.0 - 3.9 (Moderate),96,16.93,96,172.8
9241,3900232,300.0,Indian Rupees(Rs.),3.6,3.6,Yellow,Good,3.0 - 3.9 (Moderate),125,17.41,125,225.0
9242,3900250,450.0,Indian Rupees(Rs.),5.4,3.7,Yellow,Good,3.0 - 3.9 (Moderate),68,15.67,68,183.6
9243,3900245,0.0,Indian Rupees(Rs.),0.0,3.8,Yellow,Good,3.0 - 3.9 (Moderate),78,16.6,78,0.0
9244,3900004,450.0,Indian Rupees(Rs.),5.4,3.5,Yellow,Good,3.0 - 3.9 (Moderate),48,13.62,48,129.6
9245,3900032,150.0,Indian Rupees(Rs.),1.8,4.1,Green,Very Good,4.0 - 4.4 (High),158,20.78,158,142.2
9246,3900058,800.0,Indian Rupees(Rs.),9.6,3.3,Orange,Average,3.0 - 3.9 (Moderate),96,15.1,96,460.8
9247,3900070,400.0,Indian Rupees(Rs.),4.8,3.4,Orange,Average,3.0 - 3.9 (Moderate),85,15.14,85,204.0
9248,3900057,600.0,Indian Rupees(Rs.),7.2,3.5,Yellow,Good,3.0 - 3.9 (Moderate),172,18.04,172,619.2
9249,3900067,350.0,Indian Rupees(Rs.),4.2,3.4,Orange,Average,3.0 - 3.9 (Moderate),96,15.55,96,201.6
9250,3900050,600.0,Indian Rupees(Rs.),7.2,3.6,Yellow,Good,3.0 - 3.9 (Moderate),63,14.97,63,226.8
9251,3900009,600.0,Indian Rupees(Rs.),7.2,3.3,Orange,Average,3.0 - 3.9 (Moderate),34,11.73,34,122.4
9252,3900010,1100.0,Indian Rupees(Rs.),13.2,3.3,Orange,Average,3.0 - 3.9 (Moderate),67,13.92,67,442.2
9253,3900055,1000.0,Indian Rupees(Rs.),12.0,3.5,Yellow,Good,3.0 - 3.9 (Moderate),83,15.51,83,498.0
9254,18346996,500.0,Indian Rupees(Rs.),6.0,3.2,Orange,Average,3.0 - 3.9 (Moderate),26,10.55,26,78.0
9255,18246202,0.0,Indian Rupees(Rs.),0.0,3.5,Yellow,Good,3.0 - 3.9 (Moderate),109,16.45,109,0.0
9256,3900238,700.0,Indian Rupees(Rs.),8.4,3.5,Yellow,Good,3.0 - 3.9 (Moderate),57,14.21,57,239.4
9257,2800013,600.0,Indian Rupees(Rs.),7.2,4.6,Dark Green,Excellent,4.5 - 5.0 (Top Tier),289,26.08,289,1040.4
9258,2800012,600.0,Indian Rupees(Rs.),7.2,4.3,Green,Very Good,4.0 - 4.4 (High),230,23.4,230,828.0
9259,2800294,300.0,Indian Rupees(Rs.),3.6,4.2,Green,Very Good,4.0 - 4.4 (High),270,23.53,270,486.0
9260,2800903,1300.0,Indian Rupees(Rs.),15.6,4.4,Green,Very Good,4.0 - 4.4 (High),73,18.94,73,569.4
9261,2800052,1700.0,Indian Rupees(Rs.),20.4,4.1,Green,Very Good,4.0 - 4.4 (High),125,19.83,125,1275.0
9262,2800095,300.0,Indian Rupees(Rs.),3.6,3.7,Yellow,Good,3.0 - 3.9 (Moderate),240,20.29,240,432.0
9263,2800856,1600.0,Indian Rupees(Rs.),19.2,4.9,Dark Green,Excellent,4.5 - 5.0 (Top Tier),345,28.65,345,3312.0
9264,2800911,1000.0,Indian Rupees(Rs.),12.0,3.8,Yellow,Good,3.0 - 3.9 (Moderate),27,12.66,27,162.0
9265,2800757,450.0,Indian Rupees(Rs.),5.4,3.8,Yellow,Good,3.0 - 3.9 (Moderate),175,19.65,175,472.5
9266,2800096,600.0,Indian Rupees(Rs.),7.2,3.6,Yellow,Good,3.0 - 3.9 (Moderate),154,18.16,154,554.4
9267,2800083,600.0,Indian Rupees(Rs.),7.2,3.5,Yellow,Good,3.0 - 3.9 (Moderate),124,16.9,124,446.4
9268,18306045,500.0,Indian Rupees(Rs.),6.0,3.6,Yellow,Good,3.0 - 3.9 (Moderate),84,15.99,84,252.0
9269,2800897,500.0,Indian Rupees(Rs.),6.0,3.7,Yellow,Good,3.0 - 3.9 (Moderate),57,15.02,57,171.0
9270,18285610,600.0,Indian Rupees(Rs.),7.2,4.1,Green,Very Good,4.0 - 4.4 (High),75,17.76,75,270.0
9271,2800128,450.0,Indian Rupees(Rs.),5.4,4.0,Green,Very Good,4.0 - 4.4 (High),169,20.54,169,456.3
9272,2800100,600.0,Indian Rupees(Rs.),7.2,3.6,Yellow,Good,3.0 - 3.9 (Moderate),193,18.96,193,694.8
9273,2800418,400.0,Indian Rupees(Rs.),4.8,3.7,Yellow,Good,3.0 - 3.9 (Moderate),85,16.48,85,204.0
9274,2800881,600.0,Indian Rupees(Rs.),7.2,4.3,Green,Very Good,4.0 - 4.4 (High),172,22.16,172,619.2
9275,2800042,1500.0,Indian Rupees(Rs.),18.0,3.8,Yellow,Good,3.0 - 3.9 (Moderate),74,16.41,74,666.0
9276,2800019,1400.0,Indian Rupees(Rs.),16.8,4.4,Green,Very Good,4.0 - 4.4 (High),316,25.34,316,2654.4
9277,18400530,150000.0,Indonesian Rupiah(IDR),9.75,4.2,Green,Very Good,4.0 - 4.4 (High),22,13.17,22,107.25
9278,7423620,70000.0,Indonesian Rupiah(IDR),4.55,3.7,Yellow,Good,3.0 - 3.9 (Moderate),783,24.66,783,1781.32
9279,7423482,250000.0,Indonesian Rupiah(IDR),16.25,4.0,Green,Very Good,4.0 - 4.4 (High),1159,28.22,1159,9416.88
9280,7422633,200000.0,Indonesian Rupiah(IDR),13.0,4.9,Dark Green,Excellent,4.5 - 5.0 (Top Tier),1662,36.34,1662,10803.0
9281,7405789,165000.0,Indonesian Rupiah(IDR),10.72,4.6,Dark Green,Excellent,4.5 - 5.0 (Top Tier),1476,33.57,1476,7911.36
9282,18425821,200000.0,Indonesian Rupiah(IDR),13.0,3.9,Yellow,Good,3.0 - 3.9 (Moderate),137,19.22,137,890.5
9283,7422751,200000.0,Indonesian Rupiah(IDR),13.0,4.6,Dark Green,Excellent,4.5 - 5.0 (Top Tier),903,31.31,903,5869.5
9284,7402935,800000.0,Indonesian Rupiah(IDR),52.0,4.1,Green,Very Good,4.0 - 4.4 (High),1498,29.98,1498,38948.0
9285,7410290,800000.0,Indonesian Rupiah(IDR),52.0,4.6,Dark Green,Excellent,4.5 - 5.0 (Top Tier),873,31.16,873,22698.0
9286,18391256,250000.0,Indonesian Rupiah(IDR),16.25,4.2,Green,Very Good,4.0 - 4.4 (High),259,23.35,259,2104.38
9287,7400818,200000.0,Indonesian Rupiah(IDR),13.0,4.4,Green,Very Good,4.0 - 4.4 (High),841,29.64,841,5466.5
9288,7420899,500000.0,Indonesian Rupiah(IDR),32.5,4.9,Dark Green,Excellent,4.5 - 5.0 (Top Tier),605,31.39,605,9831.25
9289,18352452,300000.0,Indonesian Rupiah(IDR),19.5,4.3,Green,Very Good,4.0 - 4.4 (High),458,26.35,458,4465.5
9290,7421967,450000.0,Indonesian Rupiah(IDR),29.25,4.2,Green,Very Good,4.0 - 4.4 (High),395,25.12,395,5776.88
9291,18370659,120000.0,Indonesian Rupiah(IDR),7.8,4.4,Green,Very Good,4.0 - 4.4 (High),410,26.48,410,1599.0
9292,7417455,200000.0,Indonesian Rupiah(IDR),13.0,4.9,Dark Green,Excellent,4.5 - 5.0 (Top Tier),1640,36.27,1640,10660.0
9293,18409146,100000.0,Indonesian Rupiah(IDR),6.5,3.4,Orange,Average,3.0 - 3.9 (Moderate),152,17.1,152,494.0
9294,18408381,100000.0,Indonesian Rupiah(IDR),6.5,4.0,Green,Very Good,4.0 - 4.4 (High),331,23.22,331,1075.75
9295,7422489,350000.0,Indonesian Rupiah(IDR),22.75,4.3,Green,Very Good,4.0 - 4.4 (High),243,23.64,243,2764.12
9296,18386856,300000.0,Indonesian Rupiah(IDR),19.5,3.7,Yellow,Good,3.0 - 3.9 (Moderate),155,18.68,155,1511.25
9297,7417450,200000.0,Indonesian Rupiah(IDR),13.0,4.9,Dark Green,Excellent,4.5 - 5.0 (Top Tier),2212,37.74,2212,14378.0
9298,18251260,40.0,NewZealand($),24.0,4.3,Green,Very Good,4.0 - 4.4 (High),133,21.06,133,1596.0
9299,7000162,20.0,NewZealand($),12.0,4.7,Dark Green,Excellent,4.5 - 5.0 (Top Tier),617,30.2,617,3702.0
9300,7001086,50.0,NewZealand($),30.0,4.9,Dark Green,Excellent,4.5 - 5.0 (Top Tier),754,32.47,754,11310.0
9301,7003855,65.0,NewZealand($),39.0,4.1,Green,Very Good,4.0 - 4.4 (High),431,24.88,431,8404.5
9302,7000095,90.0,NewZealand($),54.0,4.8,Dark Green,Excellent,4.5 - 5.0 (Top Tier),598,30.7,598,16146.0
9303,7003663,60.0,NewZealand($),36.0,4.6,Dark Green,Excellent,4.5 - 5.0 (Top Tier),696,30.12,696,12528.0
9304,18217279,25.0,NewZealand($),15.0,4.9,Dark Green,Excellent,4.5 - 5.0 (Top Tier),281,27.65,281,2107.5
9305,7005582,45.0,NewZealand($),27.0,4.5,Dark Green,Excellent,4.5 - 5.0 (Top Tier),213,24.15,213,2875.5
9306,18419011,90.0,NewZealand($),54.0,4.2,Green,Very Good,4.0 - 4.4 (High),61,17.33,61,1647.0
9307,7001208,100.0,NewZealand($),60.0,2.3,Red,Poor,< 3.0 (Low),402,13.8,402,12060.0
9308,7005979,50.0,NewZealand($),30.0,4.4,Green,Very Good,4.0 - 4.4 (High),223,23.81,223,3345.0
9309,7000992,35.0,NewZealand($),21.0,4.3,Green,Very Good,4.0 - 4.4 (High),212,23.05,212,2226.0
9310,7001660,60.0,NewZealand($),36.0,4.0,Green,Very Good,4.0 - 4.4 (High),381,23.78,381,6858.0
9311,7006107,90.0,NewZealand($),54.0,4.2,Green,Very Good,4.0 - 4.4 (High),271,23.54,271,7317.0
9312,18383350,70.0,NewZealand($),42.0,3.5,Yellow,Good,3.0 - 3.9 (Moderate),86,15.63,86,1806.0
9313,18450836,50.0,NewZealand($),30.0,4.0,Green,Very Good,4.0 - 4.4 (High),31,13.86,31,465.0
9314,7006871,55.0,NewZealand($),33.0,4.5,Dark Green,Excellent,4.5 - 5.0 (Top Tier),166,23.03,166,2739.0
9315,7006421,60.0,NewZealand($),36.0,4.0,Green,Very Good,4.0 - 4.4 (High),414,24.11,414,7452.0
9316,7001670,190.0,NewZealand($),114.0,4.7,Dark Green,Excellent,4.5 - 5.0 (Top Tier),412,28.31,412,23484.0
9317,7003682,120.0,NewZealand($),72.0,4.6,Dark Green,Excellent,4.5 - 5.0 (Top Tier),413,27.72,413,14868.0
9318,7100468,50.0,NewZealand($),30.0,4.3,Green,Very Good,4.0 - 4.4 (High),127,20.86,127,1905.0
9319,7101378,60.0,NewZealand($),36.0,4.1,Green,Very Good,4.0 - 4.4 (High),114,19.45,114,2052.0
9320,7101011,25.0,NewZealand($),15.0,4.5,Dark Green,Excellent,4.5 - 5.0 (Top Tier),195,23.75,195,1462.5
9321,7100171,70.0,NewZealand($),42.0,4.5,Dark Green,Excellent,4.5 - 5.0 (Top Tier),152,22.64,152,3192.0
9322,7101042,50.0,NewZealand($),30.0,4.6,Dark Green,Excellent,4.5 - 5.0 (Top Tier),171,23.68,171,2565.0
9323,7101483,55.0,NewZealand($),33.0,4.1,Green,Very Good,4.0 - 4.4 (High),116,19.52,116,1914.0
9324,7100478,50.0,NewZealand($),30.0,4.1,Green,Very Good,4.0 - 4.4 (High),103,19.04,103,1545.0
9325,7100660,100.0,NewZealand($),60.0,4.3,Green,Very Good,4.0 - 4.4 (High),143,21.37,143,4290.0
9326,7100151,50.0,NewZealand($),30.0,4.0,Green,Very Good,4.0 - 4.4 (High),94,18.22,94,1410.0
9327,7100502,50.0,NewZealand($),30.0,4.4,Green,Very Good,4.0 - 4.4 (High),242,24.17,242,3630.0
9328,7100072,40.0,NewZealand($),24.0,4.3,Green,Very Good,4.0 - 4.4 (High),96,19.67,96,1152.0
9329,7100811,105.0,NewZealand($),63.0,4.2,Green,Very Good,4.0 - 4.4 (High),170,21.59,170,5355.0
9330,7100119,200.0,NewZealand($),120.0,4.4,Green,Very Good,4.0 - 4.4 (High),125,21.28,125,7500.0
9331,7100087,50.0,NewZealand($),30.0,4.4,Green,Very Good,4.0 - 4.4 (High),161,22.39,161,2415.0
9332,7101310,80.0,NewZealand($),48.0,4.2,Green,Very Good,4.0 - 4.4 (High),113,19.89,113,2712.0
9333,7100535,40.0,NewZealand($),24.0,4.3,Green,Very Good,4.0 - 4.4 (High),157,21.77,157,1884.0
9334,7101000,80.0,NewZealand($),48.0,4.2,Green,Very Good,4.0 - 4.4 (High),146,20.96,146,3504.0
9335,7100938,70.0,NewZealand($),42.0,3.7,Yellow,Good,3.0 - 3.9 (Moderate),131,18.07,131,2751.0
9336,7101081,110.0,NewZealand($),66.0,4.3,Green,Very Good,4.0 - 4.4 (High),141,21.31,141,4653.0
9337,7100788,90.0,NewZealand($),54.0,4.1,Green,Very Good,4.0 - 4.4 (High),229,22.3,229,6183.0
9338,6900714,10.0,Pounds(��),10.0,2.8,Orange,Average,< 3.0 (Low),26,9.23,26,130.0
9339,6900883,15.0,Pounds(��),15.0,3.7,Yellow,Good,3.0 - 3.9 (Moderate),13,9.76,13,97.5
9340,6900374,60.0,Pounds(��),60.0,4.0,Green,Very Good,4.0 - 4.4 (High),133,19.59,133,3990.0
9341,6900224,30.0,Pounds(��),30.0,3.9,Yellow,Good,3.0 - 3.9 (Moderate),22,12.23,22,330.0
9342,6900160,35.0,Pounds(��),35.0,3.7,Yellow,Good,3.0 - 3.9 (Moderate),21,11.44,21,367.5
9343,6900050,50.0,Pounds(��),50.0,3.9,Yellow,Good,3.0 - 3.9 (Moderate),53,15.56,53,1325.0
9344,6900724,40.0,Pounds(��),40.0,4.6,Dark Green,Excellent,4.5 - 5.0 (Top Tier),100,21.23,100,2000.0
9345,6901081,45.0,Pounds(��),45.0,4.2,Green,Very Good,4.0 - 4.4 (High),148,21.02,148,3330.0
9346,6900674,120.0,Pounds(��),120.0,4.5,Dark Green,Excellent,4.5 - 5.0 (Top Tier),265,25.13,265,15900.0
9347,6901062,20.0,Pounds(��),20.0,3.8,Yellow,Good,3.0 - 3.9 (Moderate),38,13.92,38,380.0
9348,6900669,50.0,Pounds(��),50.0,4.0,Green,Very Good,4.0 - 4.4 (High),40,14.85,40,1000.0
9349,6900811,30.0,Pounds(��),30.0,3.6,Yellow,Good,3.0 - 3.9 (Moderate),9,8.29,9,135.0
9350,6901051,30.0,Pounds(��),30.0,4.2,Green,Very Good,4.0 - 4.4 (High),55,16.91,55,825.0
9351,6900388,80.0,Pounds(��),80.0,4.1,Green,Very Good,4.0 - 4.4 (High),213,22.0,213,8520.0
9352,18273002,20.0,Pounds(��),20.0,0.0,White,Not rated,Unrated,3,0.0,3,30.0
9353,6901231,45.0,Pounds(��),45.0,4.0,Green,Very Good,4.0 - 4.4 (High),63,16.64,63,1417.5
9354,6901394,15.0,Pounds(��),15.0,3.1,Orange,Average,3.0 - 3.9 (Moderate),11,7.7,11,82.5
9355,6900843,20.0,Pounds(��),20.0,3.8,Yellow,Good,3.0 - 3.9 (Moderate),55,15.3,55,550.0
9356,6900992,45.0,Pounds(��),45.0,3.7,Yellow,Good,3.0 - 3.9 (Moderate),32,12.94,32,720.0
9357,6900069,20.0,Pounds(��),20.0,4.0,Green,Very Good,4.0 - 4.4 (High),93,18.17,93,930.0
9358,7600803,30.0,Pounds(��),30.0,3.9,Yellow,Good,3.0 - 3.9 (Moderate),63,16.22,63,945.0
9359,7600217,30.0,Pounds(��),30.0,4.5,Dark Green,Excellent,4.5 - 5.0 (Top Tier),329,26.1,329,4935.0
9360,7600902,35.0,Pounds(��),35.0,4.6,Dark Green,Excellent,4.5 - 5.0 (Top Tier),130,22.43,130,2275.0
9361,7601577,45.0,Pounds(��),45.0,4.7,Dark Green,Excellent,4.5 - 5.0 (Top Tier),163,23.97,163,3667.5
9362,7601241,90.0,Pounds(��),90.0,4.4,Green,Very Good,4.0 - 4.4 (High),275,24.73,275,12375.0
9363,7602204,30.0,Pounds(��),30.0,3.8,Yellow,Good,3.0 - 3.9 (Moderate),31,13.17,31,465.0
9364,7601102,50.0,Pounds(��),50.0,4.3,Green,Very Good,4.0 - 4.4 (High),61,17.75,61,1525.0
9365,7600062,40.0,Pounds(��),40.0,4.0,Green,Very Good,4.0 - 4.4 (High),154,20.17,154,3080.0
9366,7602340,40.0,Pounds(��),40.0,4.0,Green,Very Good,4.0 - 4.4 (High),36,14.44,36,720.0
9367,7601106,20.0,Pounds(��),20.0,3.8,Yellow,Good,3.0 - 3.9 (Moderate),73,16.36,73,730.0
9368,7602219,25.0,Pounds(��),25.0,3.8,Yellow,Good,3.0 - 3.9 (Moderate),32,13.29,32,400.0
9369,7602224,35.0,Pounds(��),35.0,3.7,Yellow,Good,3.0 - 3.9 (Moderate),27,12.33,27,472.5
9370,7600471,30.0,Pounds(��),30.0,3.9,Yellow,Good,3.0 - 3.9 (Moderate),81,17.19,81,1215.0
9371,7600118,35.0,Pounds(��),35.0,3.5,Yellow,Good,3.0 - 3.9 (Moderate),31,12.13,31,542.5
9372,7600097,15.0,Pounds(��),15.0,4.1,Green,Very Good,4.0 - 4.4 (High),57,16.65,57,427.5
9373,7600188,25.0,Pounds(��),25.0,4.4,Green,Very Good,4.0 - 4.4 (High),279,24.79,279,3487.5
9374,7600914,100.0,Pounds(��),100.0,4.1,Green,Very Good,4.0 - 4.4 (High),200,21.74,200,10000.0
9375,7601024,20.0,Pounds(��),20.0,4.1,Green,Very Good,4.0 - 4.4 (High),84,18.21,84,840.0
9376,7601177,20.0,Pounds(��),20.0,4.0,Green,Very Good,4.0 - 4.4 (High),76,17.38,76,760.0
9377,7600921,55.0,Pounds(��),55.0,4.2,Green,Very Good,4.0 - 4.4 (High),64,17.53,64,1760.0
9378,6118140,80.0,Pounds(��),80.0,4.7,Dark Green,Excellent,4.5 - 5.0 (Top Tier),214,25.24,214,8560.0
9379,6103683,45.0,Pounds(��),45.0,4.5,Dark Green,Excellent,4.5 - 5.0 (Top Tier),571,28.57,571,12847.5
9380,6114338,35.0,Pounds(��),35.0,4.9,Dark Green,Excellent,4.5 - 5.0 (Top Tier),309,28.11,309,5407.5
9381,6114829,55.0,Pounds(��),55.0,4.9,Dark Green,Excellent,4.5 - 5.0 (Top Tier),706,32.15,706,19415.0
9382,6103922,55.0,Pounds(��),55.0,4.5,Dark Green,Excellent,4.5 - 5.0 (Top Tier),305,25.76,305,8387.5
9383,6103902,90.0,Pounds(��),90.0,4.7,Dark Green,Excellent,4.5 - 5.0 (Top Tier),1326,33.8,1326,59670.0
9384,6103255,60.0,Pounds(��),60.0,4.6,Dark Green,Excellent,4.5 - 5.0 (Top Tier),436,27.97,436,13080.0
9385,6113680,230.0,Pounds(��),230.0,4.7,Dark Green,Excellent,4.5 - 5.0 (Top Tier),320,27.13,320,36800.0
9386,6113857,100.0,Pounds(��),100.0,4.5,Dark Green,Excellent,4.5 - 5.0 (Top Tier),148,22.52,148,7400.0
9387,6100054,30.0,Pounds(��),30.0,4.1,Green,Very Good,4.0 - 4.4 (High),316,23.61,316,4740.0
9388,6102615,40.0,Pounds(��),40.0,4.5,Dark Green,Excellent,4.5 - 5.0 (Top Tier),313,25.87,313,6260.0
9389,6127163,20.0,Pounds(��),20.0,4.9,Dark Green,Excellent,4.5 - 5.0 (Top Tier),161,24.93,161,1610.0
9390,6117406,30.0,Pounds(��),30.0,3.8,Yellow,Good,3.0 - 3.9 (Moderate),400,22.78,400,6000.0
9391,6102866,120.0,Pounds(��),120.0,4.8,Dark Green,Excellent,4.5 - 5.0 (Top Tier),395,28.71,395,23700.0
9392,6103868,100.0,Pounds(��),100.0,4.4,Green,Very Good,4.0 - 4.4 (High),311,25.27,311,15550.0
9393,6104220,45.0,Pounds(��),45.0,4.5,Dark Green,Excellent,4.5 - 5.0 (Top Tier),367,26.59,367,8257.5
9394,6117859,30.0,Pounds(��),30.0,4.1,Green,Very Good,4.0 - 4.4 (High),473,25.26,473,7095.0
9395,6103211,35.0,Pounds(��),35.0,4.7,Dark Green,Excellent,4.5 - 5.0 (Top Tier),964,32.3,964,16870.0
9396,6101881,50.0,Pounds(��),50.0,4.3,Green,Very Good,4.0 - 4.4 (High),271,24.1,271,6775.0
9397,6113973,40.0,Pounds(��),40.0,4.6,Dark Green,Excellent,4.5 - 5.0 (Top Tier),418,27.77,418,8360.0
9398,6800280,30.0,Pounds(��),30.0,3.3,Orange,Average,3.0 - 3.9 (Moderate),14,8.94,14,210.0
9399,6800443,20.0,Pounds(��),20.0,3.3,Orange,Average,3.0 - 3.9 (Moderate),23,10.49,23,230.0
9400,6801867,85.0,Pounds(��),85.0,4.0,Green,Very Good,4.0 - 4.4 (High),52,15.88,52,2210.0
9401,6800235,55.0,Pounds(��),55.0,4.4,Green,Very Good,4.0 - 4.4 (High),704,28.86,704,19360.0
9402,6801051,35.0,Pounds(��),35.0,3.9,Yellow,Good,3.0 - 3.9 (Moderate),150,19.57,150,2625.0
9403,6800577,50.0,Pounds(��),50.0,3.9,Yellow,Good,3.0 - 3.9 (Moderate),88,17.51,88,2200.0
9404,6800569,70.0,Pounds(��),70.0,4.3,Green,Very Good,4.0 - 4.4 (High),422,26.0,422,14770.0
9405,6801374,50.0,Pounds(��),50.0,4.9,Dark Green,Excellent,4.5 - 5.0 (Top Tier),162,24.96,162,4050.0
9406,6801963,40.0,Pounds(��),40.0,4.0,Green,Very Good,4.0 - 4.4 (High),86,17.86,86,1720.0
9407,6801329,30.0,Pounds(��),30.0,4.1,Green,Very Good,4.0 - 4.4 (High),82,18.12,82,1230.0
9408,6801395,45.0,Pounds(��),45.0,4.1,Green,Very Good,4.0 - 4.4 (High),98,18.84,98,2205.0
9409,6800538,15.0,Pounds(��),15.0,3.4,Orange,Average,3.0 - 3.9 (Moderate),25,11.08,25,187.5
9410,6800593,50.0,Pounds(��),50.0,3.6,Yellow,Good,3.0 - 3.9 (Moderate),101,16.65,101,2525.0
9411,6800908,35.0,Pounds(��),35.0,4.5,Dark Green,Excellent,4.5 - 5.0 (Top Tier),110,21.19,110,1925.0
9412,6800678,25.0,Pounds(��),25.0,3.7,Yellow,Good,3.0 - 3.9 (Moderate),48,14.4,48,600.0
9413,6800892,80.0,Pounds(��),80.0,4.5,Dark Green,Excellent,4.5 - 5.0 (Top Tier),602,28.81,602,24080.0
9414,6800263,30.0,Pounds(��),30.0,4.2,Green,Very Good,4.0 - 4.4 (High),383,24.99,383,5745.0
9415,6801039,25.0,Pounds(��),25.0,4.3,Green,Very Good,4.0 - 4.4 (High),745,28.44,745,9312.5
9416,6801873,55.0,Pounds(��),55.0,4.2,Green,Very Good,4.0 - 4.4 (High),67,17.72,67,1842.5
9417,6800782,160.0,Pounds(��),160.0,4.3,Green,Very Good,4.0 - 4.4 (High),114,20.4,114,9120.0
9418,18426586,150.0,Qatari Rial(QR),40.5,3.4,Orange,Average,3.0 - 3.9 (Moderate),74,14.68,74,1498.5
9419,6201976,80.0,Qatari Rial(QR),21.6,3.4,Orange,Average,3.0 - 3.9 (Moderate),350,19.93,350,3780.0
9420,18107765,300.0,Qatari Rial(QR),81.0,4.6,Dark Green,Excellent,4.5 - 5.0 (Top Tier),348,26.93,348,14094.0
9421,6201309,60.0,Qatari Rial(QR),16.2,4.0,Green,Very Good,4.0 - 4.4 (High),322,23.11,322,2608.2
9422,6201312,170.0,Qatari Rial(QR),45.9,4.2,Green,Very Good,4.0 - 4.4 (High),189,22.04,189,4337.55
9423,6200110,100.0,Qatari Rial(QR),27.0,3.8,Yellow,Good,3.0 - 3.9 (Moderate),263,21.19,263,3550.5
9424,6200383,220.0,Qatari Rial(QR),59.4,3.8,Yellow,Good,3.0 - 3.9 (Moderate),155,19.19,155,4603.5
9425,6202039,250.0,Qatari Rial(QR),67.5,4.9,Dark Green,Excellent,4.5 - 5.0 (Top Tier),182,25.53,182,6142.5
9426,6201336,110.0,Qatari Rial(QR),29.7,3.6,Yellow,Good,3.0 - 3.9 (Moderate),115,17.11,115,1707.75
9427,6202515,50.0,Qatari Rial(QR),13.5,4.3,Green,Very Good,4.0 - 4.4 (High),211,23.03,211,1424.25
9428,17957917,150.0,Qatari Rial(QR),40.5,4.0,Green,Very Good,4.0 - 4.4 (High),180,20.79,180,3645.0
9429,6201431,500.0,Qatari Rial(QR),135.0,3.7,Yellow,Good,3.0 - 3.9 (Moderate),58,15.09,58,3915.0
9430,18425995,250.0,Qatari Rial(QR),67.5,4.0,Green,Very Good,4.0 - 4.4 (High),41,14.95,41,1383.75
9431,17957911,80.0,Qatari Rial(QR),21.6,3.8,Yellow,Good,3.0 - 3.9 (Moderate),83,16.84,83,896.4
9432,18295472,250.0,Qatari Rial(QR),67.5,4.7,Dark Green,Excellent,4.5 - 5.0 (Top Tier),114,22.3,114,3847.5
9433,6201972,200.0,Qatari Rial(QR),54.0,3.9,Yellow,Good,3.0 - 3.9 (Moderate),197,20.62,197,5319.0
9434,6201130,550.0,Qatari Rial(QR),148.5,4.4,Green,Very Good,4.0 - 4.4 (High),67,18.57,67,4974.75
9435,18261203,445.0,Qatari Rial(QR),120.15,4.3,Green,Very Good,4.0 - 4.4 (High),73,18.51,73,4385.48
9436,6201360,400.0,Qatari Rial(QR),108.0,4.5,Dark Green,Excellent,4.5 - 5.0 (Top Tier),145,22.43,145,7830.0
9437,18318801,160.0,Qatari Rial(QR),43.2,3.9,Yellow,Good,3.0 - 3.9 (Moderate),109,18.33,109,2354.4
9438,18395463,294.0,Rand(R),16.17,3.7,Yellow,Good,3.0 - 3.9 (Moderate),22,11.6,22,177.87
9439,18337845,300.0,Rand(R),16.5,4.1,Green,Very Good,4.0 - 4.4 (High),88,18.4,88,726.0
9440,6401732,360.0,Rand(R),19.8,3.7,Yellow,Good,3.0 - 3.9 (Moderate),255,20.52,255,2524.5
9441,6401060,180.0,Rand(R),9.9,4.2,Green,Very Good,4.0 - 4.4 (High),266,23.47,266,1316.7
9442,6400421,150.0,Rand(R),8.25,4.4,Green,Very Good,4.0 - 4.4 (High),514,27.47,514,2120.25
9443,6402177,250.0,Rand(R),13.75,3.9,Yellow,Good,3.0 - 3.9 (Moderate),239,21.37,239,1643.12
9444,6401198,200.0,Rand(R),11.0,4.0,Green,Very Good,4.0 - 4.4 (High),185,20.9,185,1017.5
9445,6401054,350.0,Rand(R),19.25,4.5,Dark Green,Excellent,4.5 - 5.0 (Top Tier),356,26.45,356,3426.5
9446,6403291,250.0,Rand(R),13.75,4.4,Green,Very Good,4.0 - 4.4 (High),281,24.82,281,1931.88
9447,6403499,250.0,Rand(R),13.75,3.8,Yellow,Good,3.0 - 3.9 (Moderate),127,18.44,127,873.12
9448,6400191,500.0,Rand(R),27.5,3.8,Yellow,Good,3.0 - 3.9 (Moderate),619,24.43,619,8511.25
9449,6404082,250.0,Rand(R),13.75,3.6,Yellow,Good,3.0 - 3.9 (Moderate),131,17.58,131,900.62
9450,6401485,110.0,Rand(R),6.05,4.5,Dark Green,Excellent,4.5 - 5.0 (Top Tier),328,26.08,328,992.2
9451,6400621,535.0,Rand(R),29.43,4.0,Green,Very Good,4.0 - 4.4 (High),110,18.84,110,1618.65
9452,6403544,230.0,Rand(R),12.65,4.8,Dark Green,Excellent,4.5 - 5.0 (Top Tier),319,27.69,319,2017.68
9453,6403452,125.0,Rand(R),6.88,4.4,Green,Very Good,4.0 - 4.4 (High),157,22.28,157,540.08
9454,6402163,450.0,Rand(R),24.75,3.8,Yellow,Good,3.0 - 3.9 (Moderate),280,21.43,280,3465.0
9455,6401789,320.0,Rand(R),17.6,4.1,Green,Very Good,4.0 - 4.4 (High),374,24.3,374,3291.2
9456,6400235,270.0,Rand(R),14.85,4.1,Green,Very Good,4.0 - 4.4 (High),298,23.37,298,2212.65
9457,6400217,570.0,Rand(R),31.35,4.4,Green,Very Good,4.0 - 4.4 (High),466,27.04,466,7304.55
9458,6501534,1540.0,Rand(R),84.7,4.9,Dark Green,Excellent,4.5 - 5.0 (Top Tier),441,29.85,441,18676.35
9459,18339373,700.0,Rand(R),38.5,4.9,Dark Green,Excellent,4.5 - 5.0 (Top Tier),194,25.84,194,3734.5
9460,6517396,300.0,Rand(R),16.5,4.3,Green,Very Good,4.0 - 4.4 (High),180,22.35,180,1485.0
9461,6502688,350.0,Rand(R),19.25,4.1,Green,Very Good,4.0 - 4.4 (High),1207,29.1,1207,11617.38
9462,6515130,350.0,Rand(R),19.25,4.0,Green,Very Good,4.0 - 4.4 (High),861,27.04,861,8287.12
9463,6502341,350.0,Rand(R),19.25,4.1,Green,Very Good,4.0 - 4.4 (High),1024,28.42,1024,9856.0
9464,6516766,515.0,Rand(R),28.32,4.2,Green,Very Good,4.0 - 4.4 (High),212,22.52,212,3001.92
9465,18370704,955.0,Rand(R),52.52,4.5,Dark Green,Excellent,4.5 - 5.0 (Top Tier),222,24.33,222,5829.72
9466,75027,450.0,Rand(R),24.75,4.7,Dark Green,Excellent,4.5 - 5.0 (Top Tier),373,27.84,373,4615.88
9467,18199767,360.0,Rand(R),19.8,4.1,Green,Very Good,4.0 - 4.4 (High),84,18.21,84,831.6
9468,75031,320.0,Rand(R),17.6,4.4,Green,Very Good,4.0 - 4.4 (High),147,21.99,147,1293.6
9469,75728,390.0,Rand(R),21.45,3.9,Yellow,Good,3.0 - 3.9 (Moderate),150,19.57,150,1608.75
9470,18445944,500.0,Rand(R),27.5,4.2,Green,Very Good,4.0 - 4.4 (High),20,12.79,20,275.0
9471,18199742,300.0,Rand(R),16.5,4.3,Green,Very Good,4.0 - 4.4 (High),116,20.48,116,957.0
9472,18238595,300.0,Rand(R),16.5,3.8,Yellow,Good,3.0 - 3.9 (Moderate),57,15.43,57,470.25
9473,75609,200.0,Rand(R),11.0,4.4,Green,Very Good,4.0 - 4.4 (High),301,25.13,301,1655.5
9474,18318846,320.0,Rand(R),17.6,4.3,Green,Very Good,4.0 - 4.4 (High),43,16.27,43,378.4
9475,75380,600.0,Rand(R),33.0,4.4,Green,Very Good,4.0 - 4.4 (High),84,19.55,84,1386.0
9476,18376948,400.0,Rand(R),22.0,3.9,Yellow,Good,3.0 - 3.9 (Moderate),153,19.64,153,1683.0
9477,75104,200.0,Rand(R),11.0,3.4,Orange,Average,3.0 - 3.9 (Moderate),111,16.04,111,610.5
9478,75026,410.0,Rand(R),22.55,4.0,Green,Very Good,4.0 - 4.4 (High),235,21.86,235,2649.62
9479,75576,450.0,Rand(R),24.75,4.5,Dark Green,Excellent,4.5 - 5.0 (Top Tier),287,25.48,287,3551.62
9480,75764,400.0,Rand(R),22.0,4.1,Green,Very Good,4.0 - 4.4 (High),232,22.35,232,2552.0
9481,75132,250.0,Rand(R),13.75,4.0,Green,Very Good,4.0 - 4.4 (High),158,20.28,158,1086.25
9482,18289339,285.0,Rand(R),15.68,4.5,Dark Green,Excellent,4.5 - 5.0 (Top Tier),97,20.63,97,760.48
9483,75683,250.0,Rand(R),13.75,3.9,Yellow,Good,3.0 - 3.9 (Moderate),135,19.16,135,928.12
9484,18136493,250.0,Rand(R),13.75,4.1,Green,Very Good,4.0 - 4.4 (High),258,22.78,258,1773.75
9485,75989,3210.0,Rand(R),176.55,4.9,Dark Green,Excellent,4.5 - 5.0 (Top Tier),85,21.83,85,7503.38
9486,6502134,200.0,Rand(R),11.0,4.3,Green,Very Good,4.0 - 4.4 (High),618,27.64,618,3399.0
9487,18204217,450.0,Rand(R),24.75,4.8,Dark Green,Excellent,4.5 - 5.0 (Top Tier),542,30.23,542,6707.25
9488,6502852,250.0,Rand(R),13.75,4.0,Green,Very Good,4.0 - 4.4 (High),504,24.9,504,3465.0
9489,6515339,400.0,Rand(R),22.0,4.4,Green,Very Good,4.0 - 4.4 (High),499,27.34,499,5489.0
9490,6502883,250.0,Rand(R),13.75,4.2,Green,Very Good,4.0 - 4.4 (High),581,26.74,581,3994.38
9491,6517568,400.0,Rand(R),22.0,4.1,Green,Very Good,4.0 - 4.4 (High),251,22.67,251,2761.0
9492,6516831,400.0,Rand(R),22.0,4.3,Green,Very Good,4.0 - 4.4 (High),430,26.08,430,4730.0
9493,6501141,545.0,Rand(R),29.98,4.6,Dark Green,Excellent,4.5 - 5.0 (Top Tier),892,31.26,892,13371.08
9494,6516432,330.0,Rand(R),18.15,4.3,Green,Very Good,4.0 - 4.4 (High),488,26.63,488,4428.6
9495,6517404,300.0,Rand(R),16.5,4.4,Green,Very Good,4.0 - 4.4 (High),90,19.85,90,742.5
9496,6515135,450.0,Rand(R),24.75,4.4,Green,Very Good,4.0 - 4.4 (High),743,29.09,743,9194.62
9497,6502857,360.0,Rand(R),19.8,3.8,Yellow,Good,3.0 - 3.9 (Moderate),390,22.68,390,3861.0
9498,5800557,2000.0,Sri Lankan Rupee(LKR),6.6,3.4,Orange,Average,3.0 - 3.9 (Moderate),118,16.25,118,389.4
9499,5800634,1800.0,Sri Lankan Rupee(LKR),5.94,2.4,Red,Poor,< 3.0 (Low),240,13.16,240,712.8
9500,5800567,2500.0,Sri Lankan Rupee(LKR),8.25,3.7,Yellow,Good,3.0 - 3.9 (Moderate),157,18.73,157,647.62
9501,5800891,2000.0,Sri Lankan Rupee(LKR),6.6,3.6,Yellow,Good,3.0 - 3.9 (Moderate),83,15.95,83,273.9
9502,5800590,2500.0,Sri Lankan Rupee(LKR),8.25,4.0,Green,Very Good,4.0 - 4.4 (High),209,21.39,209,862.12
9503,5800755,2500.0,Sri Lankan Rupee(LKR),8.25,4.0,Green,Very Good,4.0 - 4.4 (High),114,18.98,114,470.25
9504,5800515,1500.0,Sri Lankan Rupee(LKR),4.95,3.5,Yellow,Good,3.0 - 3.9 (Moderate),80,15.38,80,198.0
9505,5800746,4000.0,Sri Lankan Rupee(LKR),13.2,4.0,Green,Very Good,4.0 - 4.4 (High),166,20.47,166,1095.6
9506,5800718,1300.0,Sri Lankan Rupee(LKR),4.29,4.5,Dark Green,Excellent,4.5 - 5.0 (Top Tier),146,22.46,146,313.17
9507,5800758,3500.0,Sri Lankan Rupee(LKR),11.55,3.8,Yellow,Good,3.0 - 3.9 (Moderate),81,16.75,81,467.78
9508,5800156,2000.0,Sri Lankan Rupee(LKR),6.6,2.5,Orange,Average,< 3.0 (Low),93,11.36,93,306.9
9509,5801078,2400.0,Sri Lankan Rupee(LKR),7.92,4.2,Green,Very Good,4.0 - 4.4 (High),158,21.29,158,625.68
9510,5801970,1000.0,Sri Lankan Rupee(LKR),3.3,4.2,Green,Very Good,4.0 - 4.4 (High),49,16.43,49,80.85
9511,5800144,1000.0,Sri Lankan Rupee(LKR),3.3,4.1,Green,Very Good,4.0 - 4.4 (High),122,19.73,122,201.3
9512,5800316,3000.0,Sri Lankan Rupee(LKR),9.9,4.2,Green,Very Good,4.0 - 4.4 (High),171,21.62,171,846.45
9513,5800710,4500.0,Sri Lankan Rupee(LKR),14.85,4.0,Green,Very Good,4.0 - 4.4 (High),196,21.13,196,1455.3
9514,5800433,3000.0,Sri Lankan Rupee(LKR),9.9,4.2,Green,Very Good,4.0 - 4.4 (High),286,23.77,286,1415.7
9515,5800176,4000.0,Sri Lankan Rupee(LKR),13.2,4.9,Dark Green,Excellent,4.5 - 5.0 (Top Tier),203,26.06,203,1339.8
9516,5801321,2000.0,Sri Lankan Rupee(LKR),6.6,4.1,Green,Very Good,4.0 - 4.4 (High),58,16.72,58,191.4
9517,5800612,1000.0,Sri Lankan Rupee(LKR),3.3,4.1,Green,Very Good,4.0 - 4.4 (High),199,21.72,199,328.35
9518,6001980,70.0,Turkish Lira(TL),2.03,4.2,Green,Very Good,4.0 - 4.4 (High),134,20.6,134,136.01
9519,6000168,70.0,Turkish Lira(TL),2.03,4.6,Dark Green,Excellent,4.5 - 5.0 (Top Tier),124,22.21,124,125.86
9520,6000447,100.0,Turkish Lira(TL),2.9,4.2,Green,Very Good,4.0 - 4.4 (High),212,22.52,212,307.4
9521,6004408,35.0,Turkish Lira(TL),1.02,4.3,Green,Very Good,4.0 - 4.4 (High),126,20.83,126,64.26
9522,6003426,50.0,Turkish Lira(TL),1.45,3.4,Orange,Average,3.0 - 3.9 (Moderate),115,16.16,115,83.38
9523,6000549,100.0,Turkish Lira(TL),2.9,4.5,Dark Green,Excellent,4.5 - 5.0 (Top Tier),231,24.51,231,334.95
9524,6000871,60.0,Turkish Lira(TL),1.74,4.4,Green,Very Good,4.0 - 4.4 (High),296,25.05,296,257.52
9525,6004011,80.0,Turkish Lira(TL),2.32,4.9,Dark Green,Excellent,4.5 - 5.0 (Top Tier),95,22.37,95,110.2
9526,6000409,150.0,Turkish Lira(TL),4.35,4.4,Green,Very Good,4.0 - 4.4 (High),115,20.92,115,250.12
9527,6000019,400.0,Turkish Lira(TL),11.6,4.1,Green,Very Good,4.0 - 4.4 (High),97,18.8,97,562.6
9528,6001537,60.0,Turkish Lira(TL),1.74,4.3,Green,Very Good,4.0 - 4.4 (High),106,20.09,106,92.22
9529,6003668,70.0,Turkish Lira(TL),2.03,4.2,Green,Very Good,4.0 - 4.4 (High),79,18.4,79,80.18
9530,6001748,40.0,Turkish Lira(TL),1.16,4.6,Dark Green,Excellent,4.5 - 5.0 (Top Tier),109,21.62,109,63.22
9531,6001757,50.0,Turkish Lira(TL),1.45,4.4,Green,Very Good,4.0 - 4.4 (High),72,18.88,72,52.2
9532,6000747,80.0,Turkish Lira(TL),2.32,3.8,Yellow,Good,3.0 - 3.9 (Moderate),123,18.32,123,142.68
9533,6002025,100.0,Turkish Lira(TL),2.9,4.2,Green,Very Good,4.0 - 4.4 (High),103,19.51,103,149.35
9534,6003879,50.0,Turkish Lira(TL),1.45,4.3,Green,Very Good,4.0 - 4.4 (High),103,19.97,103,74.68
9535,6004089,70.0,Turkish Lira(TL),2.03,4.4,Green,Very Good,4.0 - 4.4 (High),131,21.48,131,132.96
9536,6000921,70.0,Turkish Lira(TL),2.03,4.2,Green,Very Good,4.0 - 4.4 (High),152,21.13,152,154.28
9537,6004813,40.0,Turkish Lira(TL),1.16,4.7,Dark Green,Excellent,4.5 - 5.0 (Top Tier),104,21.87,104,60.32
9538,5904116,50.0,Turkish Lira(TL),1.45,4.7,Dark Green,Excellent,4.5 - 5.0 (Top Tier),1311,33.74,1311,950.48
9539,5901782,30.0,Turkish Lira(TL),0.87,4.9,Dark Green,Excellent,4.5 - 5.0 (Top Tier),1042,34.05,1042,453.27
9540,5902117,80.0,Turkish Lira(TL),2.32,4.2,Green,Very Good,4.0 - 4.4 (High),874,28.45,874,1013.84
9541,5927248,130.0,Turkish Lira(TL),3.77,4.9,Dark Green,Excellent,4.5 - 5.0 (Top Tier),522,30.67,522,983.97
9542,5905215,75.0,Turkish Lira(TL),2.18,4.2,Green,Very Good,4.0 - 4.4 (High),877,28.47,877,955.93
9543,5926979,80.0,Turkish Lira(TL),2.32,3.7,Yellow,Good,3.0 - 3.9 (Moderate),506,23.05,506,586.96
9544,5916085,35.0,Turkish Lira(TL),1.02,4.5,Dark Green,Excellent,4.5 - 5.0 (Top Tier),761,29.86,761,388.11
9545,5915547,40.0,Turkish Lira(TL),1.16,4.7,Dark Green,Excellent,4.5 - 5.0 (Top Tier),1305,33.72,1305,756.9
9546,5915054,90.0,Turkish Lira(TL),2.61,4.3,Green,Very Good,4.0 - 4.4 (High),870,29.11,870,1135.35
9547,5915730,80.0,Turkish Lira(TL),2.32,4.1,Green,Very Good,4.0 - 4.4 (High),788,27.35,788,914.08
9548,5908749,105.0,Turkish Lira(TL),3.05,4.2,Green,Very Good,4.0 - 4.4 (High),1034,29.16,1034,1576.85
9549,5915807,170.0,Turkish Lira(TL),4.93,3.7,Yellow,Good,3.0 - 3.9 (Moderate),661,24.03,661,1629.36
9550,5916112,120.0,Turkish Lira(TL),3.48,4.0,Green,Very Good,4.0 - 4.4 (High),901,27.22,901,1567.74
9551,5927402,55.0,Turkish Lira(TL),1.59,4.0,Green,Very Good,4.0 - 4.4 (High),591,25.53,591,469.84
